id,parent_id,name,display_name,tier1,tier2,tier3,tier4,path,depth,is_leaf,children_count
1,,Automotive,Automotive: Automotive,Automotive,,,,Automotive,1,False,16
2,1,Auto Body Styles,Automotive: Auto Body Styles,Automotive,Auto Body Styles,,,Automotive > Auto Body Styles,2,False,13
3,2,Commercial Trucks,Automotive: Commercial Trucks,Automotive,Auto Body Styles,Commercial Trucks,,Automotive > Auto Body Styles > Commercial Trucks,3,True,0
4,2,Sedan,Automotive: Sedan,Automotive,Auto Body Styles,Sedan,,Automotive > Auto Body Styles > Sedan,3,True,0
5,2,Station Wagon,Automotive: Station Wagon,Automotive,Auto Body Styles,Station Wagon,,Automotive > Auto Body Styles > Station Wagon,3,True,0
6,2,SUV,Automotive: SUV,Automotive,Auto Body Styles,SUV,,Automotive > Auto Body Styles > SUV,3,True,0
7,2,Van,Automotive: Van,Automotive,Auto Body Styles,Van,,Automotive > Auto Body Styles > Van,3,True,0
8,2,Convertible,Automotive: Convertible,Automotive,Auto Body Styles,Convertible,,Automotive > Auto Body Styles > Convertible,3,True,0
9,2,Coupe,Automotive: Coupe,Automotive,Auto Body Styles,Coupe,,Automotive > Auto Body Styles > Coupe,3,True,0
10,2,Crossover,Automotive: Crossover,Automotive,Auto Body Styles,Crossover,,Automotive > Auto Body Styles > Crossover,3,True,0
11,2,Hatchback,Automotive: Hatchback,Automotive,Auto Body Styles,Hatchback,,Automotive > Auto Body Styles > Hatchback,3,True,0
12,2,Microcar,Automotive: Microcar,Automotive,Auto Body Styles,Microcar,,Automotive > Auto Body Styles > Microcar,3,True,0
13,2,Minivan,Automotive: Minivan,Automotive,Auto Body Styles,Minivan,,Automotive > Auto Body Styles > Minivan,3,True,0
14,2,Off-Road Vehicles,Automotive: Off-Road Vehicles,Automotive,Auto Body Styles,Off-Road Vehicles,,Automotive > Auto Body Styles > Off-Road Vehicles,3,True,0
15,2,Pickup Trucks,Automotive: Pickup Trucks,Automotive,Auto Body Styles,Pickup Trucks,,Automotive > Auto Body Styles > Pickup Trucks,3,True,0
16,1,Auto Type,Automotive: Auto Type,Automotive,Auto Type,,,Automotive > Auto Type,2,False,8
17,16,Budget Cars,Automotive: Budget Cars,Automotive,Auto Type,Budget Cars,,Automotive > Auto Type > Budget Cars,3,True,0
18,16,Certified Pre-Owned Cars,Automotive: Certified Pre-Owned Cars,Automotive,Auto Type,Certified Pre-Owned Cars,,Automotive > Auto Type > Certified Pre-Owned Cars,3,True,0
19,16,Classic Cars,Automotive: Classic Cars,Automotive,Auto Type,Classic Cars,,Automotive > Auto Type > Classic Cars,3,True,0
20,16,Concept Cars,Automotive: Concept Cars,Automotive,Auto Type,Concept Cars,,Automotive > Auto Type > Concept Cars,3,True,0
21,16,Driverless Cars,Automotive: Driverless Cars,Automotive,Auto Type,Driverless Cars,,Automotive > Auto Type > Driverless Cars,3,True,0
22,16,Green Vehicles,Automotive: Green Vehicles,Automotive,Auto Type,Green Vehicles,,Automotive > Auto Type > Green Vehicles,3,True,0
23,16,Luxury Cars,Automotive: Luxury Cars,Automotive,Auto Type,Luxury Cars,,Automotive > Auto Type > Luxury Cars,3,True,0
24,16,Performance Cars,Automotive: Performance Cars,Automotive,Auto Type,Performance Cars,,Automotive > Auto Type > Performance Cars,3,True,0
25,1,Car Culture,Automotive: Car Culture,Automotive,Car Culture,,,Automotive > Car Culture,2,True,0
26,1,Dash Cam Videos,Automotive: Dash Cam Videos,Automotive,Dash Cam Videos,,,Automotive > Dash Cam Videos,2,True,0
27,1,Motorcycles,Automotive: Motorcycles,Automotive,Motorcycles,,,Automotive > Motorcycles,2,True,0
28,1,Road-Side Assistance,Automotive: Road-Side Assistance,Automotive,Road-Side Assistance,,,Automotive > Road-Side Assistance,2,True,0
29,1,Scooters,Automotive: Scooters,Automotive,Scooters,,,Automotive > Scooters,2,True,0
30,1,Auto Buying and Selling,Automotive: Auto Buying and Selling,Automotive,Auto Buying and Selling,,,Automotive > Auto Buying and Selling,2,True,0
31,1,Auto Insurance,Automotive: Auto Insurance,Automotive,Auto Insurance,,,Automotive > Auto Insurance,2,True,0
32,1,Auto Parts,Automotive: Auto Parts,Automotive,Auto Parts,,,Automotive > Auto Parts,2,True,0
33,1,Auto Recalls,Automotive: Auto Recalls,Automotive,Auto Recalls,,,Automotive > Auto Recalls,2,True,0
34,1,Auto Repair,Automotive: Auto Repair,Automotive,Auto Repair,,,Automotive > Auto Repair,2,True,0
35,1,Auto Safety,Automotive: Auto Safety,Automotive,Auto Safety,,,Automotive > Auto Safety,2,True,0
36,1,Auto Shows,Automotive: Auto Shows,Automotive,Auto Shows,,,Automotive > Auto Shows,2,True,0
37,1,Auto Technology,Automotive: Auto Technology,Automotive,Auto Technology,,,Automotive > Auto Technology,2,False,3
38,37,Auto Infotainment Technologies,Automotive: Auto Infotainment Technologies,Automotive,Auto Technology,Auto Infotainment Technologies,,Automotive > Auto Technology > Auto Infotainment Technologies,3,True,0
39,37,Auto Navigation Systems,Automotive: Auto Navigation Systems,Automotive,Auto Technology,Auto Navigation Systems,,Automotive > Auto Technology > Auto Navigation Systems,3,True,0
40,37,Auto Safety Technologies,Automotive: Auto Safety Technologies,Automotive,Auto Technology,Auto Safety Technologies,,Automotive > Auto Technology > Auto Safety Technologies,3,True,0
41,1,Auto Rentals,Automotive: Auto Rentals,Automotive,Auto Rentals,,,Automotive > Auto Rentals,2,True,0
42,,Books and Literature,Books and Literature: Books and Literature,Books and Literature,,,,Books and Literature,1,False,9
43,42,Art and Photography Books,Books and Literature: Art and Photography Books,Books and Literature,Art and Photography Books,,,Books and Literature > Art and Photography Books,2,True,0
44,42,Biographies,Books and Literature: Biographies,Books and Literature,Biographies,,,Books and Literature > Biographies,2,True,0
45,42,Children's Literature,Books and Literature: Children's Literature,Books and Literature,Children's Literature,,,Books and Literature > Children's Literature,2,True,0
46,42,Comics and Graphic Novels,Books and Literature: Comics and Graphic Novels,Books and Literature,Comics and Graphic Novels,,,Books and Literature > Comics and Graphic Novels,2,True,0
47,42,Cookbooks,Books and Literature: Cookbooks,Books and Literature,Cookbooks,,,Books and Literature > Cookbooks,2,True,0
48,42,Fiction,Books and Literature: Fiction,Books and Literature,Fiction,,,Books and Literature > Fiction,2,True,0
49,42,Poetry,Books and Literature: Poetry,Books and Literature,Poetry,,,Books and Literature > Poetry,2,True,0
50,42,Travel Books,Books and Literature: Travel Books,Books and Literature,Travel Books,,,Books and Literature > Travel Books,2,True,0
51,42,Young Adult Literature,Books and Literature: Young Adult Literature,Books and Literature,Young Adult Literature,,,Books and Literature > Young Adult Literature,2,True,0
52,,Business and Finance,Business and Finance: Business and Finance,Business and Finance,,,,Business and Finance,1,False,3
53,52,Business,Business and Finance: Business,Business and Finance,Business,,,Business and Finance > Business,2,False,17
54,53,Business Accounting & Finance,Business and Finance: Business Accounting & Finance,Business and Finance,Business,Business Accounting & Finance,,Business and Finance > Business > Business Accounting & Finance,3,True,0
55,53,Human Resources,Business and Finance: Human Resources,Business and Finance,Business,Human Resources,,Business and Finance > Business > Human Resources,3,True,0
56,53,Large Business,Business and Finance: Large Business,Business and Finance,Business,Large Business,,Business and Finance > Business > Large Business,3,True,0
57,53,Logistics,Business and Finance: Logistics,Business and Finance,Business,Logistics,,Business and Finance > Business > Logistics,3,True,0
58,53,Marketing and Advertising,Business and Finance: Marketing and Advertising,Business and Finance,Business,Marketing and Advertising,,Business and Finance > Business > Marketing and Advertising,3,True,0
59,53,Sales,Business and Finance: Sales,Business and Finance,Business,Sales,,Business and Finance > Business > Sales,3,True,0
60,53,Small and Medium-sized Business,Business and Finance: Small and Medium-sized Business,Business and Finance,Business,Small and Medium-sized Business,,Business and Finance > Business > Small and Medium-sized Business,3,True,0
61,53,Startups,Business and Finance: Startups,Business and Finance,Business,Startups,,Business and Finance > Business > Startups,3,True,0
62,53,Business Administration,Business and Finance: Business Administration,Business and Finance,Business,Business Administration,,Business and Finance > Business > Business Administration,3,True,0
63,53,Business Banking & Finance,Business and Finance: Business Banking & Finance,Business and Finance,Business,Business Banking & Finance,,Business and Finance > Business > Business Banking & Finance,3,False,8
64,63,Angel Investment,Business and Finance: Angel Investment,Business and Finance,Business,Business Banking & Finance,Angel Investment,Business and Finance > Business > Business Banking & Finance > Angel Investment,4,True,0
65,63,Bankruptcy,Business and Finance: Bankruptcy,Business and Finance,Business,Business Banking & Finance,Bankruptcy,Business and Finance > Business > Business Banking & Finance > Bankruptcy,4,True,0
66,63,Business Loans,Business and Finance: Business Loans,Business and Finance,Business,Business Banking & Finance,Business Loans,Business and Finance > Business > Business Banking & Finance > Business Loans,4,True,0
67,63,Debt Factoring & Invoice Discounting,Business and Finance: Debt Factoring & Invoice Discounting,Business and Finance,Business,Business Banking & Finance,Debt Factoring & Invoice Discounting,Business and Finance > Business > Business Banking & Finance > Debt Factoring & Invoice Discounting,4,True,0
68,63,Mergers and Acquisitions,Business and Finance: Mergers and Acquisitions,Business and Finance,Business,Business Banking & Finance,Mergers and Acquisitions,Business and Finance > Business > Business Banking & Finance > Mergers and Acquisitions,4,True,0
69,63,Private Equity,Business and Finance: Private Equity,Business and Finance,Business,Business Banking & Finance,Private Equity,Business and Finance > Business > Business Banking & Finance > Private Equity,4,True,0
70,63,Sale & Lease Back,Business and Finance: Sale & Lease Back,Business and Finance,Business,Business Banking & Finance,Sale & Lease Back,Business and Finance > Business > Business Banking & Finance > Sale & Lease Back,4,True,0
71,63,Venture Capital,Business and Finance: Venture Capital,Business and Finance,Business,Business Banking & Finance,Venture Capital,Business and Finance > Business > Business Banking & Finance > Venture Capital,4,True,0
72,53,Business I.T.,Business and Finance: Business I.T.,Business and Finance,Business,Business I.T.,,Business and Finance > Business > Business I.T.,3,True,0
73,53,Business Operations,Business and Finance: Business Operations,Business and Finance,Business,Business Operations,,Business and Finance > Business > Business Operations,3,True,0
74,53,Consumer Issues,Business and Finance: Consumer Issues,Business and Finance,Business,Consumer Issues,,Business and Finance > Business > Consumer Issues,3,False,1
75,74,Recalls,Business and Finance: Recalls,Business and Finance,Business,Consumer Issues,Recalls,Business and Finance > Business > Consumer Issues > Recalls,4,True,0
76,53,Executive Leadership & Management,Business and Finance: Executive Leadership & Management,Business and Finance,Business,Executive Leadership & Management,,Business and Finance > Business > Executive Leadership & Management,3,True,0
77,53,Government Business,Business and Finance: Government Business,Business and Finance,Business,Government Business,,Business and Finance > Business > Government Business,3,True,0
78,53,Green Solutions,Business and Finance: Green Solutions,Business and Finance,Business,Green Solutions,,Business and Finance > Business > Green Solutions,3,True,0
79,53,Business Utilities,Business and Finance: Business Utilities,Business and Finance,Business,Business Utilities,,Business and Finance > Business > Business Utilities,3,True,0
80,52,Economy,Business and Finance: Economy,Business and Finance,Economy,,,Business and Finance > Economy,2,False,9
81,80,Commodities,Business and Finance: Commodities,Business and Finance,Economy,Commodities,,Business and Finance > Economy > Commodities,3,True,0
82,80,Currencies,Business and Finance: Currencies,Business and Finance,Economy,Currencies,,Business and Finance > Economy > Currencies,3,True,0
83,80,Financial Crisis,Business and Finance: Financial Crisis,Business and Finance,Economy,Financial Crisis,,Business and Finance > Economy > Financial Crisis,3,True,0
84,80,Financial Reform,Business and Finance: Financial Reform,Business and Finance,Economy,Financial Reform,,Business and Finance > Economy > Financial Reform,3,True,0
85,80,Financial Regulation,Business and Finance: Financial Regulation,Business and Finance,Economy,Financial Regulation,,Business and Finance > Economy > Financial Regulation,3,True,0
86,80,Gasoline Prices,Business and Finance: Gasoline Prices,Business and Finance,Economy,Gasoline Prices,,Business and Finance > Economy > Gasoline Prices,3,True,0
87,80,Housing Market,Business and Finance: Housing Market,Business and Finance,Economy,Housing Market,,Business and Finance > Economy > Housing Market,3,True,0
88,80,Interest Rates,Business and Finance: Interest Rates,Business and Finance,Economy,Interest Rates,,Business and Finance > Economy > Interest Rates,3,True,0
89,80,Job Market,Business and Finance: Job Market,Business and Finance,Economy,Job Market,,Business and Finance > Economy > Job Market,3,True,0
90,52,Industries,Business and Finance: Industries,Business and Finance,Industries,,,Business and Finance > Industries,2,False,32
91,90,Advertising Industry,Business and Finance: Advertising Industry,Business and Finance,Industries,Advertising Industry,,Business and Finance > Industries > Advertising Industry,3,True,0
92,90,Education industry,Business and Finance: Education industry,Business and Finance,Industries,Education industry,,Business and Finance > Industries > Education industry,3,True,0
93,90,Entertainment Industry,Business and Finance: Entertainment Industry,Business and Finance,Industries,Entertainment Industry,,Business and Finance > Industries > Entertainment Industry,3,True,0
94,90,Environmental Services Industry,Business and Finance: Environmental Services Industry,Business and Finance,Industries,Environmental Services Industry,,Business and Finance > Industries > Environmental Services Industry,3,True,0
95,90,Financial Industry,Business and Finance: Financial Industry,Business and Finance,Industries,Financial Industry,,Business and Finance > Industries > Financial Industry,3,True,0
96,90,Food Industry,Business and Finance: Food Industry,Business and Finance,Industries,Food Industry,,Business and Finance > Industries > Food Industry,3,True,0
97,90,Healthcare Industry,Business and Finance: Healthcare Industry,Business and Finance,Industries,Healthcare Industry,,Business and Finance > Industries > Healthcare Industry,3,True,0
98,90,Hospitality Industry,Business and Finance: Hospitality Industry,Business and Finance,Industries,Hospitality Industry,,Business and Finance > Industries > Hospitality Industry,3,True,0
99,90,Information Services Industry,Business and Finance: Information Services Industry,Business and Finance,Industries,Information Services Industry,,Business and Finance > Industries > Information Services Industry,3,True,0
100,90,Legal Services Industry,Business and Finance: Legal Services Industry,Business and Finance,Industries,Legal Services Industry,,Business and Finance > Industries > Legal Services Industry,3,True,0
101,90,Logistics and Transportation Industry,Business and Finance: Logistics and Transportation Industry,Business and Finance,Industries,Logistics and Transportation Industry,,Business and Finance > Industries > Logistics and Transportation Industry,3,True,0
102,90,Agriculture,Business and Finance: Agriculture,Business and Finance,Industries,Agriculture,,Business and Finance > Industries > Agriculture,3,True,0
103,90,Management Consulting Industry,Business and Finance: Management Consulting Industry,Business and Finance,Industries,Management Consulting Industry,,Business and Finance > Industries > Management Consulting Industry,3,True,0
104,90,Manufacturing Industry,Business and Finance: Manufacturing Industry,Business and Finance,Industries,Manufacturing Industry,,Business and Finance > Industries > Manufacturing Industry,3,True,0
105,90,Mechanical and Industrial Engineering Industry,Business and Finance: Mechanical and Industrial Engineering Industry,Business and Finance,Industries,Mechanical and Industrial Engineering Industry,,Business and Finance > Industries > Mechanical and Industrial Engineering Industry,3,True,0
106,90,Media Industry,Business and Finance: Media Industry,Business and Finance,Industries,Media Industry,,Business and Finance > Industries > Media Industry,3,True,0
107,90,Metals Industry,Business and Finance: Metals Industry,Business and Finance,Industries,Metals Industry,,Business and Finance > Industries > Metals Industry,3,True,0
108,90,Non-Profit Organizations,Business and Finance: Non-Profit Organizations,Business and Finance,Industries,Non-Profit Organizations,,Business and Finance > Industries > Non-Profit Organizations,3,True,0
109,90,Pharmaceutical Industry,Business and Finance: Pharmaceutical Industry,Business and Finance,Industries,Pharmaceutical Industry,,Business and Finance > Industries > Pharmaceutical Industry,3,True,0
110,90,Power and Energy Industry,Business and Finance: Power and Energy Industry,Business and Finance,Industries,Power and Energy Industry,,Business and Finance > Industries > Power and Energy Industry,3,True,0
111,90,Publishing Industry,Business and Finance: Publishing Industry,Business and Finance,Industries,Publishing Industry,,Business and Finance > Industries > Publishing Industry,3,True,0
112,90,Real Estate Industry,Business and Finance: Real Estate Industry,Business and Finance,Industries,Real Estate Industry,,Business and Finance > Industries > Real Estate Industry,3,True,0
113,90,Apparel Industry,Business and Finance: Apparel Industry,Business and Finance,Industries,Apparel Industry,,Business and Finance > Industries > Apparel Industry,3,True,0
114,90,Retail Industry,Business and Finance: Retail Industry,Business and Finance,Industries,Retail Industry,,Business and Finance > Industries > Retail Industry,3,True,0
115,90,Technology Industry,Business and Finance: Technology Industry,Business and Finance,Industries,Technology Industry,,Business and Finance > Industries > Technology Industry,3,True,0
116,90,Telecommunications Industry,Business and Finance: Telecommunications Industry,Business and Finance,Industries,Telecommunications Industry,,Business and Finance > Industries > Telecommunications Industry,3,True,0
117,90,Automotive Industry,Business and Finance: Automotive Industry,Business and Finance,Industries,Automotive Industry,,Business and Finance > Industries > Automotive Industry,3,True,0
118,90,Aviation Industry,Business and Finance: Aviation Industry,Business and Finance,Industries,Aviation Industry,,Business and Finance > Industries > Aviation Industry,3,True,0
119,90,Biotech and Biomedical Industry,Business and Finance: Biotech and Biomedical Industry,Business and Finance,Industries,Biotech and Biomedical Industry,,Business and Finance > Industries > Biotech and Biomedical Industry,3,True,0
120,90,Civil Engineering Industry,Business and Finance: Civil Engineering Industry,Business and Finance,Industries,Civil Engineering Industry,,Business and Finance > Industries > Civil Engineering Industry,3,True,0
121,90,Construction Industry,Business and Finance: Construction Industry,Business and Finance,Industries,Construction Industry,,Business and Finance > Industries > Construction Industry,3,True,0
122,90,Defense Industry,Business and Finance: Defense Industry,Business and Finance,Industries,Defense Industry,,Business and Finance > Industries > Defense Industry,3,True,0
123,,Careers,Careers: Careers,Careers,,,,Careers,1,False,6
124,123,Apprenticeships,Careers: Apprenticeships,Careers,Apprenticeships,,,Careers > Apprenticeships,2,True,0
125,123,Career Advice,Careers: Career Advice,Careers,Career Advice,,,Careers > Career Advice,2,True,0
126,123,Career Planning,Careers: Career Planning,Careers,Career Planning,,,Careers > Career Planning,2,True,0
127,123,Job Search,Careers: Job Search,Careers,Job Search,,,Careers > Job Search,2,False,2
128,127,Job Fairs,Careers: Job Fairs,Careers,Job Search,Job Fairs,,Careers > Job Search > Job Fairs,3,True,0
129,127,Resume Writing and Advice,Careers: Resume Writing and Advice,Careers,Job Search,Resume Writing and Advice,,Careers > Job Search > Resume Writing and Advice,3,True,0
130,123,Remote Working,Careers: Remote Working,Careers,Remote Working,,,Careers > Remote Working,2,True,0
131,123,Vocational Training,Careers: Vocational Training,Careers,Vocational Training,,,Careers > Vocational Training,2,True,0
132,,Education,Education: Education,Education,,,,Education,1,False,12
133,132,Adult Education,Education: Adult Education,Education,Adult Education,,,Education > Adult Education,2,True,0
134,132,Private School,Education: Private School,Education,Private School,,,Education > Private School,2,True,0
135,132,Secondary Education,Education: Secondary Education,Education,Secondary Education,,,Education > Secondary Education,2,True,0
136,132,Special Education,Education: Special Education,Education,Special Education,,,Education > Special Education,2,True,0
137,132,College Education,Education: College Education,Education,College Education,,,Education > College Education,2,False,3
138,137,College Planning,Education: College Planning,Education,College Education,College Planning,,Education > College Education > College Planning,3,True,0
139,137,Postgraduate Education,Education: Postgraduate Education,Education,College Education,Postgraduate Education,,Education > College Education > Postgraduate Education,3,False,1
140,139,Professional School,Education: Professional School,Education,College Education,Postgraduate Education,Professional School,Education > College Education > Postgraduate Education > Professional School,4,True,0
141,137,Undergraduate Education,Education: Undergraduate Education,Education,College Education,Undergraduate Education,,Education > College Education > Undergraduate Education,3,True,0
142,132,Early Childhood Education,Education: Early Childhood Education,Education,Early Childhood Education,,,Education > Early Childhood Education,2,True,0
143,132,Educational Assessment,Education: Educational Assessment,Education,Educational Assessment,,,Education > Educational Assessment,2,False,1
144,143,Standardized Testing,Education: Standardized Testing,Education,Educational Assessment,Standardized Testing,,Education > Educational Assessment > Standardized Testing,3,True,0
145,132,Homeschooling,Education: Homeschooling,Education,Homeschooling,,,Education > Homeschooling,2,True,0
146,132,Homework and Study,Education: Homework and Study,Education,Homework and Study,,,Education > Homework and Study,2,True,0
147,132,Language Learning,Education: Language Learning,Education,Language Learning,,,Education > Language Learning,2,True,0
148,132,Online Education,Education: Online Education,Education,Online Education,,,Education > Online Education,2,True,0
149,132,Primary Education,Education: Primary Education,Education,Primary Education,,,Education > Primary Education,2,True,0
150,,Events and Attractions,Events and Attractions: Events and Attractions,Events and Attractions,,,,Events and Attractions,1,False,25
151,150,Amusement and Theme Parks,Events and Attractions: Amusement and Theme Parks,Events and Attractions,Amusement and Theme Parks,,,Events and Attractions > Amusement and Theme Parks,2,True,0
152,150,Fashion Events,Events and Attractions: Fashion Events,Events and Attractions,Fashion Events,,,Events and Attractions > Fashion Events,2,True,0
153,150,Historic Site and Landmark Tours,Events and Attractions: Historic Site and Landmark Tours,Events and Attractions,Historic Site and Landmark Tours,,,Events and Attractions > Historic Site and Landmark Tours,2,True,0
154,150,Malls & Shopping Centers,Events and Attractions: Malls & Shopping Centers,Events and Attractions,Malls & Shopping Centers,,,Events and Attractions > Malls & Shopping Centers,2,True,0
155,150,Museums & Galleries,Events and Attractions: Museums & Galleries,Events and Attractions,Museums & Galleries,,,Events and Attractions > Museums & Galleries,2,True,0
156,150,Musicals,Events and Attractions: Musicals,Events and Attractions,Musicals,,,Events and Attractions > Musicals,2,True,0
157,150,National & Civic Holidays,Events and Attractions: National & Civic Holidays,Events and Attractions,National & Civic Holidays,,,Events and Attractions > National & Civic Holidays,2,True,0
158,150,Nightclubs,Events and Attractions: Nightclubs,Events and Attractions,Nightclubs,,,Events and Attractions > Nightclubs,2,True,0
159,150,Outdoor Activities,Events and Attractions: Outdoor Activities,Events and Attractions,Outdoor Activities,,,Events and Attractions > Outdoor Activities,2,True,0
160,150,Parks & Nature,Events and Attractions: Parks & Nature,Events and Attractions,Parks & Nature,,,Events and Attractions > Parks & Nature,2,True,0
161,150,Party Supplies and Decorations,Events and Attractions: Party Supplies and Decorations,Events and Attractions,Party Supplies and Decorations,,,Events and Attractions > Party Supplies and Decorations,2,True,0
162,150,Awards Shows,Events and Attractions: Awards Shows,Events and Attractions,Awards Shows,,,Events and Attractions > Awards Shows,2,True,0
163,150,Personal Celebrations & Life Events,Events and Attractions: Personal Celebrations & Life Events,Events and Attractions,Personal Celebrations & Life Events,,,Events and Attractions > Personal Celebrations & Life Events,2,False,10
164,163,Anniversary,Events and Attractions: Anniversary,Events and Attractions,Personal Celebrations & Life Events,Anniversary,,Events and Attractions > Personal Celebrations & Life Events > Anniversary,3,True,0
165,163,Wedding,Events and Attractions: Wedding,Events and Attractions,Personal Celebrations & Life Events,Wedding,,Events and Attractions > Personal Celebrations & Life Events > Wedding,3,True,0
166,163,Baby Shower,Events and Attractions: Baby Shower,Events and Attractions,Personal Celebrations & Life Events,Baby Shower,,Events and Attractions > Personal Celebrations & Life Events > Baby Shower,3,True,0
167,163,Bachelor Party,Events and Attractions: Bachelor Party,Events and Attractions,Personal Celebrations & Life Events,Bachelor Party,,Events and Attractions > Personal Celebrations & Life Events > Bachelor Party,3,True,0
168,163,Bachelorette Party,Events and Attractions: Bachelorette Party,Events and Attractions,Personal Celebrations & Life Events,Bachelorette Party,,Events and Attractions > Personal Celebrations & Life Events > Bachelorette Party,3,True,0
169,163,Birth,Events and Attractions: Birth,Events and Attractions,Personal Celebrations & Life Events,Birth,,Events and Attractions > Personal Celebrations & Life Events > Birth,3,True,0
170,163,Birthday,Events and Attractions: Birthday,Events and Attractions,Personal Celebrations & Life Events,Birthday,,Events and Attractions > Personal Celebrations & Life Events > Birthday,3,True,0
171,163,Funeral,Events and Attractions: Funeral,Events and Attractions,Personal Celebrations & Life Events,Funeral,,Events and Attractions > Personal Celebrations & Life Events > Funeral,3,True,0
172,163,Graduation,Events and Attractions: Graduation,Events and Attractions,Personal Celebrations & Life Events,Graduation,,Events and Attractions > Personal Celebrations & Life Events > Graduation,3,True,0
173,163,Prom,Events and Attractions: Prom,Events and Attractions,Personal Celebrations & Life Events,Prom,,Events and Attractions > Personal Celebrations & Life Events > Prom,3,True,0
174,150,Political Event,Events and Attractions: Political Event,Events and Attractions,Political Event,,,Events and Attractions > Political Event,2,True,0
175,150,Religious Events,Events and Attractions: Religious Events,Events and Attractions,Religious Events,,,Events and Attractions > Religious Events,2,True,0
176,150,Sporting Events,Events and Attractions: Sporting Events,Events and Attractions,Sporting Events,,,Events and Attractions > Sporting Events,2,True,0
177,150,Theater Venues and Events,Events and Attractions: Theater Venues and Events,Events and Attractions,Theater Venues and Events,,,Events and Attractions > Theater Venues and Events,2,True,0
178,150,Zoos & Aquariums,Events and Attractions: Zoos & Aquariums,Events and Attractions,Zoos & Aquariums,,,Events and Attractions > Zoos & Aquariums,2,True,0
179,150,Bars & Restaurants,Events and Attractions: Bars & Restaurants,Events and Attractions,Bars & Restaurants,,,Events and Attractions > Bars & Restaurants,2,True,0
180,150,Business Expos & Conferences,Events and Attractions: Business Expos & Conferences,Events and Attractions,Business Expos & Conferences,,,Events and Attractions > Business Expos & Conferences,2,True,0
181,150,Casinos & Gambling,Events and Attractions: Casinos & Gambling,Events and Attractions,Casinos & Gambling,,,Events and Attractions > Casinos & Gambling,2,True,0
182,150,Cinemas and Events,Events and Attractions: Cinemas and Events,Events and Attractions,Cinemas and Events,,,Events and Attractions > Cinemas and Events,2,True,0
183,150,Comedy Events,Events and Attractions: Comedy Events,Events and Attractions,Comedy Events,,,Events and Attractions > Comedy Events,2,True,0
184,150,Concerts & Music Events,Events and Attractions: Concerts & Music Events,Events and Attractions,Concerts & Music Events,,,Events and Attractions > Concerts & Music Events,2,True,0
185,150,Fan Conventions,Events and Attractions: Fan Conventions,Events and Attractions,Fan Conventions,,,Events and Attractions > Fan Conventions,2,True,0
186,,Family and Relationships,Family and Relationships: Family and Relationships,Family and Relationships,,,,Family and Relationships,1,False,7
187,186,Bereavement,Family and Relationships: Bereavement,Family and Relationships,Bereavement,,,Family and Relationships > Bereavement,2,True,0
188,186,Dating,Family and Relationships: Dating,Family and Relationships,Dating,,,Family and Relationships > Dating,2,True,0
189,186,Divorce,Family and Relationships: Divorce,Family and Relationships,Divorce,,,Family and Relationships > Divorce,2,True,0
190,186,Eldercare,Family and Relationships: Eldercare,Family and Relationships,Eldercare,,,Family and Relationships > Eldercare,2,True,0
191,186,Marriage and Civil Unions,Family and Relationships: Marriage and Civil Unions,Family and Relationships,Marriage and Civil Unions,,,Family and Relationships > Marriage and Civil Unions,2,True,0
192,186,Parenting,Family and Relationships: Parenting,Family and Relationships,Parenting,,,Family and Relationships > Parenting,2,False,7
193,192,Adoption and Fostering,Family and Relationships: Adoption and Fostering,Family and Relationships,Parenting,Adoption and Fostering,,Family and Relationships > Parenting > Adoption and Fostering,3,True,0
194,192,Daycare and Pre-School,Family and Relationships: Daycare and Pre-School,Family and Relationships,Parenting,Daycare and Pre-School,,Family and Relationships > Parenting > Daycare and Pre-School,3,True,0
195,192,Internet Safety,Family and Relationships: Internet Safety,Family and Relationships,Parenting,Internet Safety,,Family and Relationships > Parenting > Internet Safety,3,True,0
196,192,Parenting Babies and Toddlers,Family and Relationships: Parenting Babies and Toddlers,Family and Relationships,Parenting,Parenting Babies and Toddlers,,Family and Relationships > Parenting > Parenting Babies and Toddlers,3,True,0
197,192,Parenting Children Aged 4-11,Family and Relationships: Parenting Children Aged 4-11,Family and Relationships,Parenting,Parenting Children Aged 4-11,,Family and Relationships > Parenting > Parenting Children Aged 4-11,3,True,0
198,192,Parenting Teens,Family and Relationships: Parenting Teens,Family and Relationships,Parenting,Parenting Teens,,Family and Relationships > Parenting > Parenting Teens,3,True,0
199,192,Special Needs Kids,Family and Relationships: Special Needs Kids,Family and Relationships,Parenting,Special Needs Kids,,Family and Relationships > Parenting > Special Needs Kids,3,True,0
200,186,Single Life,Family and Relationships: Single Life,Family and Relationships,Single Life,,,Family and Relationships > Single Life,2,True,0
201,,Fine Art,Fine Art: Fine Art,Fine Art,,,,Fine Art,1,False,8
202,201,Costume,Fine Art: Costume,Fine Art,Costume,,,Fine Art > Costume,2,True,0
203,201,Dance,Fine Art: Dance,Fine Art,Dance,,,Fine Art > Dance,2,True,0
204,201,Design,Fine Art: Design,Fine Art,Design,,,Fine Art > Design,2,True,0
205,201,Digital Arts,Fine Art: Digital Arts,Fine Art,Digital Arts,,,Fine Art > Digital Arts,2,True,0
206,201,Fine Art Photography,Fine Art: Fine Art Photography,Fine Art,Fine Art Photography,,,Fine Art > Fine Art Photography,2,True,0
207,201,Modern Art,Fine Art: Modern Art,Fine Art,Modern Art,,,Fine Art > Modern Art,2,True,0
208,201,Opera,Fine Art: Opera,Fine Art,Opera,,,Fine Art > Opera,2,True,0
209,201,Theater,Fine Art: Theater,Fine Art,Theater,,,Fine Art > Theater,2,True,0
210,,Food & Drink,Food & Drink: Food & Drink,Food & Drink,,,,Food & Drink,1,False,12
211,210,Alcoholic Beverages,Food & Drink: Alcoholic Beverages,Food & Drink,Alcoholic Beverages,,,Food & Drink > Alcoholic Beverages,2,True,0
212,210,Vegan Diets,Food & Drink: Vegan Diets,Food & Drink,Vegan Diets,,,Food & Drink > Vegan Diets,2,True,0
213,210,Vegetarian Diets,Food & Drink: Vegetarian Diets,Food & Drink,Vegetarian Diets,,,Food & Drink > Vegetarian Diets,2,True,0
214,210,World Cuisines,Food & Drink: World Cuisines,Food & Drink,World Cuisines,,,Food & Drink > World Cuisines,2,True,0
215,210,Barbecues and Grilling,Food & Drink: Barbecues and Grilling,Food & Drink,Barbecues and Grilling,,,Food & Drink > Barbecues and Grilling,2,True,0
216,210,Cooking,Food & Drink: Cooking,Food & Drink,Cooking,,,Food & Drink > Cooking,2,True,0
217,210,Desserts and Baking,Food & Drink: Desserts and Baking,Food & Drink,Desserts and Baking,,,Food & Drink > Desserts and Baking,2,True,0
218,210,Dining Out,Food & Drink: Dining Out,Food & Drink,Dining Out,,,Food & Drink > Dining Out,2,True,0
219,210,Food Allergies,Food & Drink: Food Allergies,Food & Drink,Food Allergies,,,Food & Drink > Food Allergies,2,True,0
220,210,Food Movements,Food & Drink: Food Movements,Food & Drink,Food Movements,,,Food & Drink > Food Movements,2,True,0
221,210,Healthy Cooking and Eating,Food & Drink: Healthy Cooking and Eating,Food & Drink,Healthy Cooking and Eating,,,Food & Drink > Healthy Cooking and Eating,2,True,0
222,210,Non-Alcoholic Beverages,Food & Drink: Non-Alcoholic Beverages,Food & Drink,Non-Alcoholic Beverages,,,Food & Drink > Non-Alcoholic Beverages,2,True,0
223,,Healthy Living,Healthy Living: Healthy Living,Healthy Living,,,,Healthy Living,1,False,8
224,223,Children's Health,Healthy Living: Children's Health,Healthy Living,Children's Health,,,Healthy Living > Children's Health,2,True,0
225,223,Fitness and Exercise,Healthy Living: Fitness and Exercise,Healthy Living,Fitness and Exercise,,,Healthy Living > Fitness and Exercise,2,False,2
226,225,Participant Sports,Healthy Living: Participant Sports,Healthy Living,Fitness and Exercise,Participant Sports,,Healthy Living > Fitness and Exercise > Participant Sports,3,True,0
227,225,Running and Jogging,Healthy Living: Running and Jogging,Healthy Living,Fitness and Exercise,Running and Jogging,,Healthy Living > Fitness and Exercise > Running and Jogging,3,True,0
228,223,Men's Health,Healthy Living: Men's Health,Healthy Living,Men's Health,,,Healthy Living > Men's Health,2,True,0
229,223,Nutrition,Healthy Living: Nutrition,Healthy Living,Nutrition,,,Healthy Living > Nutrition,2,True,0
230,223,Senior Health,Healthy Living: Senior Health,Healthy Living,Senior Health,,,Healthy Living > Senior Health,2,True,0
231,223,Weight Loss,Healthy Living: Weight Loss,Healthy Living,Weight Loss,,,Healthy Living > Weight Loss,2,True,0
232,223,Wellness,Healthy Living: Wellness,Healthy Living,Wellness,,,Healthy Living > Wellness,2,False,3
233,232,Alternative Medicine,Healthy Living: Alternative Medicine,Healthy Living,Wellness,Alternative Medicine,,Healthy Living > Wellness > Alternative Medicine,3,False,2
234,233,Herbs and Supplements,Healthy Living: Herbs and Supplements,Healthy Living,Wellness,Alternative Medicine,Herbs and Supplements,Healthy Living > Wellness > Alternative Medicine > Herbs and Supplements,4,True,0
235,233,Holistic Health,Healthy Living: Holistic Health,Healthy Living,Wellness,Alternative Medicine,Holistic Health,Healthy Living > Wellness > Alternative Medicine > Holistic Health,4,True,0
236,232,Physical Therapy,Healthy Living: Physical Therapy,Healthy Living,Wellness,Physical Therapy,,Healthy Living > Wellness > Physical Therapy,3,True,0
237,232,Smoking Cessation,Healthy Living: Smoking Cessation,Healthy Living,Wellness,Smoking Cessation,,Healthy Living > Wellness > Smoking Cessation,3,True,0
238,223,Women's Health,Healthy Living: Women's Health,Healthy Living,Women's Health,,,Healthy Living > Women's Health,2,True,0
239,,Hobbies & Interests,Hobbies & Interests: Hobbies & Interests,Hobbies & Interests,,,,Hobbies & Interests,1,False,16
240,239,Antiquing and Antiques,Hobbies & Interests: Antiquing and Antiques,Hobbies & Interests,Antiquing and Antiques,,,Hobbies & Interests > Antiquing and Antiques,2,True,0
241,239,Magic and Illusion,Hobbies & Interests: Magic and Illusion,Hobbies & Interests,Magic and Illusion,,,Hobbies & Interests > Magic and Illusion,2,True,0
242,239,Model Toys,Hobbies & Interests: Model Toys,Hobbies & Interests,Model Toys,,,Hobbies & Interests > Model Toys,2,True,0
243,239,Musical Instruments,Hobbies & Interests: Musical Instruments,Hobbies & Interests,Musical Instruments,,,Hobbies & Interests > Musical Instruments,2,True,0
244,239,Paranormal Phenomena,Hobbies & Interests: Paranormal Phenomena,Hobbies & Interests,Paranormal Phenomena,,,Hobbies & Interests > Paranormal Phenomena,2,True,0
245,239,Radio Control,Hobbies & Interests: Radio Control,Hobbies & Interests,Radio Control,,,Hobbies & Interests > Radio Control,2,True,0
246,239,Sci-fi and Fantasy,Hobbies & Interests: Sci-fi and Fantasy,Hobbies & Interests,Sci-fi and Fantasy,,,Hobbies & Interests > Sci-fi and Fantasy,2,True,0
247,239,Workshops and Classes,Hobbies & Interests: Workshops and Classes,Hobbies & Interests,Workshops and Classes,,,Hobbies & Interests > Workshops and Classes,2,True,0
248,239,Arts and Crafts,Hobbies & Interests: Arts and Crafts,Hobbies & Interests,Arts and Crafts,,,Hobbies & Interests > Arts and Crafts,2,False,9
249,248,Beadwork,Hobbies & Interests: Beadwork,Hobbies & Interests,Arts and Crafts,Beadwork,,Hobbies & Interests > Arts and Crafts > Beadwork,3,True,0
250,248,Candle and Soap Making,Hobbies & Interests: Candle and Soap Making,Hobbies & Interests,Arts and Crafts,Candle and Soap Making,,Hobbies & Interests > Arts and Crafts > Candle and Soap Making,3,True,0
251,248,Drawing and Sketching,Hobbies & Interests: Drawing and Sketching,Hobbies & Interests,Arts and Crafts,Drawing and Sketching,,Hobbies & Interests > Arts and Crafts > Drawing and Sketching,3,True,0
252,248,Jewelry Making,Hobbies & Interests: Jewelry Making,Hobbies & Interests,Arts and Crafts,Jewelry Making,,Hobbies & Interests > Arts and Crafts > Jewelry Making,3,True,0
253,248,Needlework,Hobbies & Interests: Needlework,Hobbies & Interests,Arts and Crafts,Needlework,,Hobbies & Interests > Arts and Crafts > Needlework,3,True,0
254,248,Painting,Hobbies & Interests: Painting,Hobbies & Interests,Arts and Crafts,Painting,,Hobbies & Interests > Arts and Crafts > Painting,3,True,0
255,248,Photography,Hobbies & Interests: Photography,Hobbies & Interests,Arts and Crafts,Photography,,Hobbies & Interests > Arts and Crafts > Photography,3,True,0
256,248,Scrapbooking,Hobbies & Interests: Scrapbooking,Hobbies & Interests,Arts and Crafts,Scrapbooking,,Hobbies & Interests > Arts and Crafts > Scrapbooking,3,True,0
257,248,Woodworking,Hobbies & Interests: Woodworking,Hobbies & Interests,Arts and Crafts,Woodworking,,Hobbies & Interests > Arts and Crafts > Woodworking,3,True,0
258,239,Beekeeping,Hobbies & Interests: Beekeeping,Hobbies & Interests,Beekeeping,,,Hobbies & Interests > Beekeeping,2,True,0
259,239,Birdwatching,Hobbies & Interests: Birdwatching,Hobbies & Interests,Birdwatching,,,Hobbies & Interests > Birdwatching,2,True,0
260,239,Cigars,Hobbies & Interests: Cigars,Hobbies & Interests,Cigars,,,Hobbies & Interests > Cigars,2,True,0
261,239,Collecting,Hobbies & Interests: Collecting,Hobbies & Interests,Collecting,,,Hobbies & Interests > Collecting,2,False,2
262,261,Comic Books,Hobbies & Interests: Comic Books,Hobbies & Interests,Collecting,Comic Books,,Hobbies & Interests > Collecting > Comic Books,3,True,0
263,261,Stamps and Coins,Hobbies & Interests: Stamps and Coins,Hobbies & Interests,Collecting,Stamps and Coins,,Hobbies & Interests > Collecting > Stamps and Coins,3,True,0
264,239,Content Production,Hobbies & Interests: Content Production,Hobbies & Interests,Content Production,,,Hobbies & Interests > Content Production,2,False,4
265,264,Audio Production,Hobbies & Interests: Audio Production,Hobbies & Interests,Content Production,Audio Production,,Hobbies & Interests > Content Production > Audio Production,3,True,0
266,264,Freelance Writing,Hobbies & Interests: Freelance Writing,Hobbies & Interests,Content Production,Freelance Writing,,Hobbies & Interests > Content Production > Freelance Writing,3,True,0
267,264,Screenwriting,Hobbies & Interests: Screenwriting,Hobbies & Interests,Content Production,Screenwriting,,Hobbies & Interests > Content Production > Screenwriting,3,True,0
268,264,Video Production,Hobbies & Interests: Video Production,Hobbies & Interests,Content Production,Video Production,,Hobbies & Interests > Content Production > Video Production,3,True,0
269,239,Games and Puzzles,Hobbies & Interests: Games and Puzzles,Hobbies & Interests,Games and Puzzles,,,Hobbies & Interests > Games and Puzzles,2,False,3
270,269,Board Games and Puzzles,Hobbies & Interests: Board Games and Puzzles,Hobbies & Interests,Games and Puzzles,Board Games and Puzzles,,Hobbies & Interests > Games and Puzzles > Board Games and Puzzles,3,True,0
271,269,Card Games,Hobbies & Interests: Card Games,Hobbies & Interests,Games and Puzzles,Card Games,,Hobbies & Interests > Games and Puzzles > Card Games,3,True,0
272,269,Roleplaying Games,Hobbies & Interests: Roleplaying Games,Hobbies & Interests,Games and Puzzles,Roleplaying Games,,Hobbies & Interests > Games and Puzzles > Roleplaying Games,3,True,0
273,239,Genealogy and Ancestry,Hobbies & Interests: Genealogy and Ancestry,Hobbies & Interests,Genealogy and Ancestry,,,Hobbies & Interests > Genealogy and Ancestry,2,True,0
274,,Home & Garden,Home & Garden: Home & Garden,Home & Garden,,,,Home & Garden,1,False,11
275,274,Gardening,Home & Garden: Gardening,Home & Garden,Gardening,,,Home & Garden > Gardening,2,True,0
276,274,Remodeling & Construction,Home & Garden: Remodeling & Construction,Home & Garden,Remodeling & Construction,,,Home & Garden > Remodeling & Construction,2,True,0
277,274,Smart Home,Home & Garden: Smart Home,Home & Garden,Smart Home,,,Home & Garden > Smart Home,2,True,0
278,274,Home Appliances,Home & Garden: Home Appliances,Home & Garden,Home Appliances,,,Home & Garden > Home Appliances,2,True,0
279,274,Home Entertaining,Home & Garden: Home Entertaining,Home & Garden,Home Entertaining,,,Home & Garden > Home Entertaining,2,True,0
280,274,Home Improvement,Home & Garden: Home Improvement,Home & Garden,Home Improvement,,,Home & Garden > Home Improvement,2,True,0
281,274,Home Security,Home & Garden: Home Security,Home & Garden,Home Security,,,Home & Garden > Home Security,2,True,0
282,274,Indoor Environmental Quality,Home & Garden: Indoor Environmental Quality,Home & Garden,Indoor Environmental Quality,,,Home & Garden > Indoor Environmental Quality,2,True,0
283,274,Interior Decorating,Home & Garden: Interior Decorating,Home & Garden,Interior Decorating,,,Home & Garden > Interior Decorating,2,True,0
284,274,Landscaping,Home & Garden: Landscaping,Home & Garden,Landscaping,,,Home & Garden > Landscaping,2,True,0
285,274,Outdoor Decorating,Home & Garden: Outdoor Decorating,Home & Garden,Outdoor Decorating,,,Home & Garden > Outdoor Decorating,2,True,0
286,,Medical Health,Medical Health: Medical Health,Medical Health,,,,Medical Health,1,False,6
287,286,Diseases and Conditions,Medical Health: Diseases and Conditions,Medical Health,Diseases and Conditions,,,Medical Health > Diseases and Conditions,2,False,23
288,287,Allergies,Medical Health: Allergies,Medical Health,Diseases and Conditions,Allergies,,Medical Health > Diseases and Conditions > Allergies,3,True,0
289,287,"Ear, Nose and Throat Conditions","Medical Health: Ear, Nose and Throat Conditions",Medical Health,Diseases and Conditions,"Ear, Nose and Throat Conditions",,"Medical Health > Diseases and Conditions > Ear, Nose and Throat Conditions",3,True,0
290,287,Endocrine and Metabolic Diseases,Medical Health: Endocrine and Metabolic Diseases,Medical Health,Diseases and Conditions,Endocrine and Metabolic Diseases,,Medical Health > Diseases and Conditions > Endocrine and Metabolic Diseases,3,False,3
291,290,Hormonal Disorders,Medical Health: Hormonal Disorders,Medical Health,Diseases and Conditions,Endocrine and Metabolic Diseases,Hormonal Disorders,Medical Health > Diseases and Conditions > Endocrine and Metabolic Diseases > Hormonal Disorders,4,True,0
292,290,Menopause,Medical Health: Menopause,Medical Health,Diseases and Conditions,Endocrine and Metabolic Diseases,Menopause,Medical Health > Diseases and Conditions > Endocrine and Metabolic Diseases > Menopause,4,True,0
293,290,Thyroid Disorders,Medical Health: Thyroid Disorders,Medical Health,Diseases and Conditions,Endocrine and Metabolic Diseases,Thyroid Disorders,Medical Health > Diseases and Conditions > Endocrine and Metabolic Diseases > Thyroid Disorders,4,True,0
294,287,Eye and Vision Conditions,Medical Health: Eye and Vision Conditions,Medical Health,Diseases and Conditions,Eye and Vision Conditions,,Medical Health > Diseases and Conditions > Eye and Vision Conditions,3,True,0
295,287,Foot Health,Medical Health: Foot Health,Medical Health,Diseases and Conditions,Foot Health,,Medical Health > Diseases and Conditions > Foot Health,3,True,0
296,287,Heart and Cardiovascular Diseases,Medical Health: Heart and Cardiovascular Diseases,Medical Health,Diseases and Conditions,Heart and Cardiovascular Diseases,,Medical Health > Diseases and Conditions > Heart and Cardiovascular Diseases,3,True,0
297,287,Infectious Diseases,Medical Health: Infectious Diseases,Medical Health,Diseases and Conditions,Infectious Diseases,,Medical Health > Diseases and Conditions > Infectious Diseases,3,True,0
298,287,Injuries,Medical Health: Injuries,Medical Health,Diseases and Conditions,Injuries,,Medical Health > Diseases and Conditions > Injuries,3,False,1
299,298,First Aid,Medical Health: First Aid,Medical Health,Diseases and Conditions,Injuries,First Aid,Medical Health > Diseases and Conditions > Injuries > First Aid,4,True,0
300,287,Lung and Respiratory Health,Medical Health: Lung and Respiratory Health,Medical Health,Diseases and Conditions,Lung and Respiratory Health,,Medical Health > Diseases and Conditions > Lung and Respiratory Health,3,True,0
301,287,Mental Health,Medical Health: Mental Health,Medical Health,Diseases and Conditions,Mental Health,,Medical Health > Diseases and Conditions > Mental Health,3,True,0
302,287,Reproductive Health,Medical Health: Reproductive Health,Medical Health,Diseases and Conditions,Reproductive Health,,Medical Health > Diseases and Conditions > Reproductive Health,3,False,3
303,302,Birth Control,Medical Health: Birth Control,Medical Health,Diseases and Conditions,Reproductive Health,Birth Control,Medical Health > Diseases and Conditions > Reproductive Health > Birth Control,4,True,0
304,302,Infertility,Medical Health: Infertility,Medical Health,Diseases and Conditions,Reproductive Health,Infertility,Medical Health > Diseases and Conditions > Reproductive Health > Infertility,4,True,0
305,302,Pregnancy,Medical Health: Pregnancy,Medical Health,Diseases and Conditions,Reproductive Health,Pregnancy,Medical Health > Diseases and Conditions > Reproductive Health > Pregnancy,4,True,0
306,287,Blood Disorders,Medical Health: Blood Disorders,Medical Health,Diseases and Conditions,Blood Disorders,,Medical Health > Diseases and Conditions > Blood Disorders,3,True,0
307,287,Sexual Health,Medical Health: Sexual Health,Medical Health,Diseases and Conditions,Sexual Health,,Medical Health > Diseases and Conditions > Sexual Health,3,False,1
308,307,Sexual Conditions,Medical Health: Sexual Conditions,Medical Health,Diseases and Conditions,Sexual Health,Sexual Conditions,Medical Health > Diseases and Conditions > Sexual Health > Sexual Conditions,4,True,0
309,287,Skin and Dermatology,Medical Health: Skin and Dermatology,Medical Health,Diseases and Conditions,Skin and Dermatology,,Medical Health > Diseases and Conditions > Skin and Dermatology,3,True,0
310,287,Sleep Disorders,Medical Health: Sleep Disorders,Medical Health,Diseases and Conditions,Sleep Disorders,,Medical Health > Diseases and Conditions > Sleep Disorders,3,True,0
311,287,Substance Abuse,Medical Health: Substance Abuse,Medical Health,Diseases and Conditions,Substance Abuse,,Medical Health > Diseases and Conditions > Substance Abuse,3,True,0
312,287,Bone and Joint Conditions,Medical Health: Bone and Joint Conditions,Medical Health,Diseases and Conditions,Bone and Joint Conditions,,Medical Health > Diseases and Conditions > Bone and Joint Conditions,3,True,0
313,287,Brain and Nervous System Disorders,Medical Health: Brain and Nervous System Disorders,Medical Health,Diseases and Conditions,Brain and Nervous System Disorders,,Medical Health > Diseases and Conditions > Brain and Nervous System Disorders,3,True,0
314,287,Cancer,Medical Health: Cancer,Medical Health,Diseases and Conditions,Cancer,,Medical Health > Diseases and Conditions > Cancer,3,True,0
315,287,Cold and Flu,Medical Health: Cold and Flu,Medical Health,Diseases and Conditions,Cold and Flu,,Medical Health > Diseases and Conditions > Cold and Flu,3,True,0
316,287,Dental Health,Medical Health: Dental Health,Medical Health,Diseases and Conditions,Dental Health,,Medical Health > Diseases and Conditions > Dental Health,3,True,0
317,287,Diabetes,Medical Health: Diabetes,Medical Health,Diseases and Conditions,Diabetes,,Medical Health > Diseases and Conditions > Diabetes,3,True,0
318,287,Digestive Disorders,Medical Health: Digestive Disorders,Medical Health,Diseases and Conditions,Digestive Disorders,,Medical Health > Diseases and Conditions > Digestive Disorders,3,True,0
319,286,Medical Tests,Medical Health: Medical Tests,Medical Health,Medical Tests,,,Medical Health > Medical Tests,2,True,0
320,286,Pharmaceutical Drugs,Medical Health: Pharmaceutical Drugs,Medical Health,Pharmaceutical Drugs,,,Medical Health > Pharmaceutical Drugs,2,True,0
321,286,Surgery,Medical Health: Surgery,Medical Health,Surgery,,,Medical Health > Surgery,2,True,0
322,286,Vaccines,Medical Health: Vaccines,Medical Health,Vaccines,,,Medical Health > Vaccines,2,True,0
323,286,Cosmetic Medical Services,Medical Health: Cosmetic Medical Services,Medical Health,Cosmetic Medical Services,,,Medical Health > Cosmetic Medical Services,2,True,0
324,,Movies,Movies: Movies,Movies,,,,Movies,1,False,13
325,324,Action and Adventure Movies,Movies: Action and Adventure Movies,Movies,Action and Adventure Movies,,,Movies > Action and Adventure Movies,2,True,0
326,324,Romance Movies,Movies: Romance Movies,Movies,Romance Movies,,,Movies > Romance Movies,2,True,0
327,324,Science Fiction Movies,Movies: Science Fiction Movies,Movies,Science Fiction Movies,,,Movies > Science Fiction Movies,2,True,0
328,324,Special Interest Movies,Movies: Indie and Arthouse Movies,Movies,Indie and Arthouse Movies,,,Movies > Indie and Arthouse Movies,2,True,0
329,324,Animation Movies,Movies: Animation Movies,Movies,Animation Movies,,,Movies > Animation Movies,2,True,0
330,324,Comedy Movies,Movies: Comedy Movies,Movies,Comedy Movies,,,Movies > Comedy Movies,2,True,0
331,324,Crime and Mystery Movies,Movies: Crime and Mystery Movies,Movies,Crime and Mystery Movies,,,Movies > Crime and Mystery Movies,2,True,0
332,324,Documentary Movies,Movies: Documentary Movies,Movies,Documentary Movies,,,Movies > Documentary Movies,2,True,0
333,324,Drama Movies,Movies: Drama Movies,Movies,Drama Movies,,,Movies > Drama Movies,2,True,0
334,324,Family and Children Movies,Movies: Family and Children Movies,Movies,Family and Children Movies,,,Movies > Family and Children Movies,2,True,0
335,324,Fantasy Movies,Movies: Fantasy Movies,Movies,Fantasy Movies,,,Movies > Fantasy Movies,2,True,0
336,324,Horror Movies,Movies: Horror Movies,Movies,Horror Movies,,,Movies > Horror Movies,2,True,0
337,324,World Movies,Movies: World Movies,Movies,World Movies,,,Movies > World Movies,2,True,0
338,,Music and Audio,Music and Audio: Music and Audio,Music and Audio,,,,Music and Audio,1,False,28
339,338,Adult Contemporary Music,Music and Audio: Adult Contemporary Music,Music and Audio,Adult Contemporary Music,,,Music and Audio > Adult Contemporary Music,2,False,2
340,339,Soft AC Music,Music and Audio: Soft AC Music,Music and Audio,Adult Contemporary Music,Soft AC Music,,Music and Audio > Adult Contemporary Music > Soft AC Music,3,True,0
341,339,Urban AC Music,Music and Audio: Urban AC Music,Music and Audio,Adult Contemporary Music,Urban AC Music,,Music and Audio > Adult Contemporary Music > Urban AC Music,3,True,0
342,338,Adult Album Alternative,Music and Audio: Adult Album Alternative,Music and Audio,Adult Album Alternative,,,Music and Audio > Adult Album Alternative,2,True,0
343,338,Alternative Music,Music and Audio: Alternative Music,Music and Audio,Alternative Music,,,Music and Audio > Alternative Music,2,True,0
344,338,Children's Music,Music and Audio: Children's Music,Music and Audio,Children's Music,,,Music and Audio > Children's Music,2,True,0
345,338,Classic Hits,Music and Audio: Classic Hits,Music and Audio,Classic Hits,,,Music and Audio > Classic Hits,2,True,0
346,338,Classical Music,Music and Audio: Classical Music,Music and Audio,Classical Music,,,Music and Audio > Classical Music,2,True,0
347,338,College Radio,Music and Audio: College Radio,Music and Audio,College Radio,,,Music and Audio > College Radio,2,True,0
348,338,Comedy (Music and Audio),Music and Audio: Comedy (Music and Audio),Music and Audio,Comedy (Music and Audio),,,Music and Audio > Comedy (Music and Audio),2,True,0
349,338,Contemporary Hits/Pop/Top 40,Music and Audio: Contemporary Hits/Pop/Top 40,Music and Audio,Contemporary Hits/Pop/Top 40,,,Music and Audio > Contemporary Hits/Pop/Top 40,2,True,0
350,338,Country Music,Music and Audio: Country Music,Music and Audio,Country Music,,,Music and Audio > Country Music,2,True,0
351,338,Dance and Electronic Music,Music and Audio: Dance and Electronic Music,Music and Audio,Dance and Electronic Music,,,Music and Audio > Dance and Electronic Music,2,True,0
352,338,World/International Music,Music and Audio: World/International Music,Music and Audio,World/International Music,,,Music and Audio > World/International Music,2,True,0
353,338,Songwriters/Folk,Music and Audio: Songwriters/Folk,Music and Audio,Songwriters/Folk,,,Music and Audio > Songwriters/Folk,2,True,0
354,338,Gospel Music,Music and Audio: Gospel Music,Music and Audio,Gospel Music,,,Music and Audio > Gospel Music,2,True,0
355,338,Hip Hop Music,Music and Audio: Hip Hop Music,Music and Audio,Hip Hop Music,,,Music and Audio > Hip Hop Music,2,True,0
356,338,Inspirational/New Age Music,Music and Audio: Inspirational/New Age Music,Music and Audio,Inspirational/New Age Music,,,Music and Audio > Inspirational/New Age Music,2,True,0
357,338,Jazz,Music and Audio: Jazz,Music and Audio,Jazz,,,Music and Audio > Jazz,2,True,0
358,338,Oldies/Adult Standards,Music and Audio: Oldies/Adult Standards,Music and Audio,Oldies/Adult Standards,,,Music and Audio > Oldies/Adult Standards,2,True,0
359,338,Reggae,Music and Audio: Reggae,Music and Audio,Reggae,,,Music and Audio > Reggae,2,True,0
360,338,Blues,Music and Audio: Blues,Music and Audio,Blues,,,Music and Audio > Blues,2,True,0
361,338,Religious (Music and Audio),Music and Audio: Religious (Music and Audio),Music and Audio,Religious (Music and Audio),,,Music and Audio > Religious (Music and Audio),2,True,0
362,338,R&B/Soul/Funk,Music and Audio: R&B/Soul/Funk,Music and Audio,R&B/Soul/Funk,,,Music and Audio > R&B/Soul/Funk,2,True,0
363,338,Rock Music,Music and Audio: Rock Music,Music and Audio,Rock Music,,,Music and Audio > Rock Music,2,False,5
364,363,Album-oriented Rock,Music and Audio: Album-oriented Rock,Music and Audio,Rock Music,Album-oriented Rock,,Music and Audio > Rock Music > Album-oriented Rock,3,True,0
365,363,Alternative Rock,Music and Audio: Alternative Rock,Music and Audio,Rock Music,Alternative Rock,,Music and Audio > Rock Music > Alternative Rock,3,True,0
366,363,Classic Rock,Music and Audio: Classic Rock,Music and Audio,Rock Music,Classic Rock,,Music and Audio > Rock Music > Classic Rock,3,True,0
367,363,Hard Rock,Music and Audio: Hard Rock,Music and Audio,Rock Music,Hard Rock,,Music and Audio > Rock Music > Hard Rock,3,True,0
368,363,Soft Rock,Music and Audio: Soft Rock,Music and Audio,Rock Music,Soft Rock,,Music and Audio > Rock Music > Soft Rock,3,True,0
369,338,"Soundtracks, TV and Showtunes","Music and Audio: Soundtracks, TV and Showtunes",Music and Audio,"Soundtracks, TV and Showtunes",,,"Music and Audio > Soundtracks, TV and Showtunes",2,True,0
370,338,Sports Radio,Music and Audio: Sports Radio,Music and Audio,Sports Radio,,,Music and Audio > Sports Radio,2,True,0
371,338,Talk Radio,Music and Audio: Talk Radio,Music and Audio,Talk Radio,,,Music and Audio > Talk Radio,2,False,5
372,371,Business News Radio,Music and Audio: Business News Radio,Music and Audio,Talk Radio,Business News Radio,,Music and Audio > Talk Radio > Business News Radio,3,True,0
373,371,Educational Radio,Music and Audio: Educational Radio,Music and Audio,Talk Radio,Educational Radio,,Music and Audio > Talk Radio > Educational Radio,3,True,0
374,371,News Radio,Music and Audio: News Radio,Music and Audio,Talk Radio,News Radio,,Music and Audio > Talk Radio > News Radio,3,True,0
375,371,News/Talk Radio,Music and Audio: News/Talk Radio,Music and Audio,Talk Radio,News/Talk Radio,,Music and Audio > Talk Radio > News/Talk Radio,3,True,0
376,371,Public Radio,Music and Audio: Public Radio,Music and Audio,Talk Radio,Public Radio,,Music and Audio > Talk Radio > Public Radio,3,True,0
377,338,Urban Contemporary Music,Music and Audio: Urban Contemporary Music,Music and Audio,Urban Contemporary Music,,,Music and Audio > Urban Contemporary Music,2,True,0
378,338,Variety (Music and Audio),Music and Audio: Variety (Music and Audio),Music and Audio,Variety (Music and Audio),,,Music and Audio > Variety (Music and Audio),2,True,0
379,,News and Politics,News and Politics: News and Politics,News and Politics,,,,News and Politics,1,False,8
380,379,Crime,News and Politics: Crime,News and Politics,Crime,,,News and Politics > Crime,2,True,0
381,379,Disasters,News and Politics: Disasters,News and Politics,Disasters,,,News and Politics > Disasters,2,True,0
382,379,International News,News and Politics: International News,News and Politics,International News,,,News and Politics > International News,2,True,0
383,379,Law,News and Politics: Law,News and Politics,Law,,,News and Politics > Law,2,True,0
384,379,Local News,News and Politics: Local News,News and Politics,Local News,,,News and Politics > Local News,2,True,0
385,379,National News,News and Politics: National News,News and Politics,National News,,,News and Politics > National News,2,True,0
386,379,Politics,News and Politics: Politics,News and Politics,Politics,,,News and Politics > Politics,2,False,3
387,386,Elections,News and Politics: Elections,News and Politics,Politics,Elections,,News and Politics > Politics > Elections,3,True,0
388,386,Political Issues,News and Politics: Political Issues,News and Politics,Politics,Political Issues,,News and Politics > Politics > Political Issues,3,True,0
389,386,War and Conflicts,News and Politics: War and Conflicts,News and Politics,Politics,War and Conflicts,,News and Politics > Politics > War and Conflicts,3,True,0
390,379,Weather,News and Politics: Weather,News and Politics,Weather,,,News and Politics > Weather,2,True,0
391,,Personal Finance,Personal Finance: Personal Finance,Personal Finance,,,,Personal Finance,1,False,10
392,391,Consumer Banking,Personal Finance: Consumer Banking,Personal Finance,Consumer Banking,,,Personal Finance > Consumer Banking,2,True,0
393,391,Financial Assistance,Personal Finance: Financial Assistance,Personal Finance,Financial Assistance,,,Personal Finance > Financial Assistance,2,False,2
394,393,Government Support and Welfare,Personal Finance: Government Support and Welfare,Personal Finance,Financial Assistance,Government Support and Welfare,,Personal Finance > Financial Assistance > Government Support and Welfare,3,True,0
395,393,Student Financial Aid,Personal Finance: Student Financial Aid,Personal Finance,Financial Assistance,Student Financial Aid,,Personal Finance > Financial Assistance > Student Financial Aid,3,True,0
396,391,Financial Planning,Personal Finance: Financial Planning,Personal Finance,Financial Planning,,,Personal Finance > Financial Planning,2,True,0
397,391,Frugal Living,Personal Finance: Frugal Living,Personal Finance,Frugal Living,,,Personal Finance > Frugal Living,2,True,0
398,391,Insurance,Personal Finance: Insurance,Personal Finance,Insurance,,,Personal Finance > Insurance,2,False,6
399,398,Health Insurance,Personal Finance: Health Insurance,Personal Finance,Insurance,Health Insurance,,Personal Finance > Insurance > Health Insurance,3,True,0
400,398,Home Insurance,Personal Finance: Home Insurance,Personal Finance,Insurance,Home Insurance,,Personal Finance > Insurance > Home Insurance,3,True,0
401,398,Life Insurance,Personal Finance: Life Insurance,Personal Finance,Insurance,Life Insurance,,Personal Finance > Insurance > Life Insurance,3,True,0
402,398,Motor Insurance,Personal Finance: Motor Insurance,Personal Finance,Insurance,Motor Insurance,,Personal Finance > Insurance > Motor Insurance,3,True,0
403,398,Pet Insurance,Personal Finance: Pet Insurance,Personal Finance,Insurance,Pet Insurance,,Personal Finance > Insurance > Pet Insurance,3,True,0
404,398,Travel Insurance,Personal Finance: Travel Insurance,Personal Finance,Insurance,Travel Insurance,,Personal Finance > Insurance > Travel Insurance,3,True,0
405,391,Personal Debt,Personal Finance: Personal Debt,Personal Finance,Personal Debt,,,Personal Finance > Personal Debt,2,False,4
406,405,Credit Cards,Personal Finance: Credit Cards,Personal Finance,Personal Debt,Credit Cards,,Personal Finance > Personal Debt > Credit Cards,3,True,0
407,405,Home Financing,Personal Finance: Home Financing,Personal Finance,Personal Debt,Home Financing,,Personal Finance > Personal Debt > Home Financing,3,True,0
408,405,Personal Loans,Personal Finance: Personal Loans,Personal Finance,Personal Debt,Personal Loans,,Personal Finance > Personal Debt > Personal Loans,3,True,0
409,405,Student Loans,Personal Finance: Student Loans,Personal Finance,Personal Debt,Student Loans,,Personal Finance > Personal Debt > Student Loans,3,True,0
410,391,Personal Investing,Personal Finance: Personal Investing,Personal Finance,Personal Investing,,,Personal Finance > Personal Investing,2,False,4
411,410,Hedge Funds,Personal Finance: Hedge Funds,Personal Finance,Personal Investing,Hedge Funds,,Personal Finance > Personal Investing > Hedge Funds,3,True,0
412,410,Mutual Funds,Personal Finance: Mutual Funds,Personal Finance,Personal Investing,Mutual Funds,,Personal Finance > Personal Investing > Mutual Funds,3,True,0
413,410,Options,Personal Finance: Options,Personal Finance,Personal Investing,Options,,Personal Finance > Personal Investing > Options,3,True,0
414,410,Stocks and Bonds,Personal Finance: Stocks and Bonds,Personal Finance,Personal Investing,Stocks and Bonds,,Personal Finance > Personal Investing > Stocks and Bonds,3,True,0
415,391,Personal Taxes,Personal Finance: Personal Taxes,Personal Finance,Personal Taxes,,,Personal Finance > Personal Taxes,2,True,0
416,391,Retirement Planning,Personal Finance: Retirement Planning,Personal Finance,Retirement Planning,,,Personal Finance > Retirement Planning,2,True,0
417,391,Home Utilities,Personal Finance: Home Utilities,Personal Finance,Home Utilities,,,Personal Finance > Home Utilities,2,False,4
418,417,Gas and Electric,Personal Finance: Gas and Electric,Personal Finance,Home Utilities,Gas and Electric,,Personal Finance > Home Utilities > Gas and Electric,3,True,0
419,417,Internet Service Providers,Personal Finance: Internet Service Providers,Personal Finance,Home Utilities,Internet Service Providers,,Personal Finance > Home Utilities > Internet Service Providers,3,True,0
420,417,Phone Services,Personal Finance: Phone Services,Personal Finance,Home Utilities,Phone Services,,Personal Finance > Home Utilities > Phone Services,3,True,0
421,417,Water Services,Personal Finance: Water Services,Personal Finance,Home Utilities,Water Services,,Personal Finance > Home Utilities > Water Services,3,True,0
422,,Pets,Pets: Pets,Pets,,,,Pets,1,False,9
423,422,Birds,Pets: Birds,Pets,Birds,,,Pets > Birds,2,True,0
424,422,Cats,Pets: Cats,Pets,Cats,,,Pets > Cats,2,True,0
425,422,Dogs,Pets: Dogs,Pets,Dogs,,,Pets > Dogs,2,True,0
426,422,Fish and Aquariums,Pets: Fish and Aquariums,Pets,Fish and Aquariums,,,Pets > Fish and Aquariums,2,True,0
427,422,Large Animals,Pets: Large Animals,Pets,Large Animals,,,Pets > Large Animals,2,True,0
428,422,Pet Adoptions,Pets: Pet Adoptions,Pets,Pet Adoptions,,,Pets > Pet Adoptions,2,True,0
429,422,Reptiles,Pets: Reptiles,Pets,Reptiles,,,Pets > Reptiles,2,True,0
430,422,Veterinary Medicine,Pets: Veterinary Medicine,Pets,Veterinary Medicine,,,Pets > Veterinary Medicine,2,True,0
431,422,Pet Supplies,Pets: Pet Supplies,Pets,Pet Supplies,,,Pets > Pet Supplies,2,True,0
432,,Pop Culture,Pop Culture: Pop Culture,Pop Culture,,,,Pop Culture,1,False,8
433,432,Celebrity Deaths,Pop Culture: Celebrity Deaths,Pop Culture,Celebrity Deaths,,,Pop Culture > Celebrity Deaths,2,True,0
434,432,Celebrity Families,Pop Culture: Celebrity Families,Pop Culture,Celebrity Families,,,Pop Culture > Celebrity Families,2,True,0
435,432,Celebrity Homes,Pop Culture: Celebrity Homes,Pop Culture,Celebrity Homes,,,Pop Culture > Celebrity Homes,2,True,0
436,432,Celebrity Pregnancy,Pop Culture: Celebrity Pregnancy,Pop Culture,Celebrity Pregnancy,,,Pop Culture > Celebrity Pregnancy,2,True,0
437,432,Celebrity Relationships,Pop Culture: Celebrity Relationships,Pop Culture,Celebrity Relationships,,,Pop Culture > Celebrity Relationships,2,True,0
438,432,Celebrity Scandal,Pop Culture: Celebrity Scandal,Pop Culture,Celebrity Scandal,,,Pop Culture > Celebrity Scandal,2,True,0
439,432,Celebrity Style,Pop Culture: Celebrity Style,Pop Culture,Celebrity Style,,,Pop Culture > Celebrity Style,2,True,0
440,432,Humor and Satire,Pop Culture: Humor and Satire,Pop Culture,Humor and Satire,,,Pop Culture > Humor and Satire,2,True,0
441,,Real Estate,Real Estate: Real Estate,Real Estate,,,,Real Estate,1,False,11
442,441,Apartments,Real Estate: Apartments,Real Estate,Apartments,,,Real Estate > Apartments,2,True,0
443,441,Retail Property,Real Estate: Retail Property,Real Estate,Retail Property,,,Real Estate > Retail Property,2,True,0
444,441,Vacation Properties,Real Estate: Vacation Properties,Real Estate,Vacation Properties,,,Real Estate > Vacation Properties,2,True,0
445,441,Developmental Sites,Real Estate: Developmental Sites,Real Estate,Developmental Sites,,,Real Estate > Developmental Sites,2,True,0
446,441,Hotel Properties,Real Estate: Hotel Properties,Real Estate,Hotel Properties,,,Real Estate > Hotel Properties,2,True,0
447,441,Houses,Real Estate: Houses,Real Estate,Houses,,,Real Estate > Houses,2,True,0
448,441,Industrial Property,Real Estate: Industrial Property,Real Estate,Industrial Property,,,Real Estate > Industrial Property,2,True,0
449,441,Land and Farms,Real Estate: Land and Farms,Real Estate,Land and Farms,,,Real Estate > Land and Farms,2,True,0
450,441,Office Property,Real Estate: Office Property,Real Estate,Office Property,,,Real Estate > Office Property,2,True,0
451,441,Real Estate Buying and Selling,Real Estate: Real Estate Buying and Selling,Real Estate,Real Estate Buying and Selling,,,Real Estate > Real Estate Buying and Selling,2,True,0
452,441,Real Estate Renting and Leasing,Real Estate: Real Estate Renting and Leasing,Real Estate,Real Estate Renting and Leasing,,,Real Estate > Real Estate Renting and Leasing,2,True,0
453,,Religion & Spirituality,Religion & Spirituality: Religion & Spirituality,Religion & Spirituality,,,,Religion & Spirituality,1,False,10
454,453,Agnosticism,Religion & Spirituality: Agnosticism,Religion & Spirituality,Agnosticism,,,Religion & Spirituality > Agnosticism,2,True,0
455,453,Spirituality,Religion & Spirituality: Spirituality,Religion & Spirituality,Spirituality,,,Religion & Spirituality > Spirituality,2,True,0
456,453,Astrology,Religion & Spirituality: Astrology,Religion & Spirituality,Astrology,,,Religion & Spirituality > Astrology,2,True,0
457,453,Atheism,Religion & Spirituality: Atheism,Religion & Spirituality,Atheism,,,Religion & Spirituality > Atheism,2,True,0
458,453,Buddhism,Religion & Spirituality: Buddhism,Religion & Spirituality,Buddhism,,,Religion & Spirituality > Buddhism,2,True,0
459,453,Christianity,Religion & Spirituality: Christianity,Religion & Spirituality,Christianity,,,Religion & Spirituality > Christianity,2,True,0
460,453,Hinduism,Religion & Spirituality: Hinduism,Religion & Spirituality,Hinduism,,,Religion & Spirituality > Hinduism,2,True,0
461,453,Islam,Religion & Spirituality: Islam,Religion & Spirituality,Islam,,,Religion & Spirituality > Islam,2,True,0
462,453,Judaism,Religion & Spirituality: Judaism,Religion & Spirituality,Judaism,,,Religion & Spirituality > Judaism,2,True,0
463,453,Sikhism,Religion & Spirituality: Sikhism,Religion & Spirituality,Sikhism,,,Religion & Spirituality > Sikhism,2,True,0
464,,Science,Science: Science,Science,,,,Science,1,False,8
465,464,Biological Sciences,Science: Biological Sciences,Science,Biological Sciences,,,Science > Biological Sciences,2,True,0
466,464,Chemistry,Science: Chemistry,Science,Chemistry,,,Science > Chemistry,2,True,0
467,464,Environment,Science: Environment,Science,Environment,,,Science > Environment,2,True,0
468,464,Genetics,Science: Genetics,Science,Genetics,,,Science > Genetics,2,True,0
469,464,Geography,Science: Geography,Science,Geography,,,Science > Geography,2,True,0
470,464,Geology,Science: Geology,Science,Geology,,,Science > Geology,2,True,0
471,464,Physics,Science: Physics,Science,Physics,,,Science > Physics,2,True,0
472,464,Space and Astronomy,Science: Space and Astronomy,Science,Space and Astronomy,,,Science > Space and Astronomy,2,True,0
473,,Shopping,Shopping: Shopping,Shopping,,,,Shopping,1,False,9
474,473,Coupons and Discounts,Shopping: Coupons and Discounts,Shopping,Coupons and Discounts,,,Shopping > Coupons and Discounts,2,True,0
475,473,Flower Shopping,Shopping: Flower Shopping,Shopping,Flower Shopping,,,Shopping > Flower Shopping,2,True,0
476,473,Gifts and Greetings Cards,Shopping: Gifts and Greetings Cards,Shopping,Gifts and Greetings Cards,,,Shopping > Gifts and Greetings Cards,2,True,0
477,473,Grocery Shopping,Shopping: Grocery Shopping,Shopping,Grocery Shopping,,,Shopping > Grocery Shopping,2,True,0
478,473,Holiday Shopping,Shopping: Holiday Shopping,Shopping,Holiday Shopping,,,Shopping > Holiday Shopping,2,True,0
479,473,Household Supplies,Shopping: Household Supplies,Shopping,Household Supplies,,,Shopping > Household Supplies,2,True,0
480,473,Lotteries and Scratchcards,Shopping: Lotteries and Scratchcards,Shopping,Lotteries and Scratchcards,,,Shopping > Lotteries and Scratchcards,2,True,0
481,473,Sales and Promotions,Shopping: Sales and Promotions,Shopping,Sales and Promotions,,,Shopping > Sales and Promotions,2,True,0
482,473,Children's Games and Toys,Shopping: Children's Games and Toys,Shopping,Children's Games and Toys,,,Shopping > Children's Games and Toys,2,True,0
483,,Sports,Sports: Sports,Sports,,,,Sports,1,False,52
484,483,American Football,Sports: American Football,Sports,American Football,,,Sports > American Football,2,True,0
485,483,Boxing,Sports: Boxing,Sports,Boxing,,,Sports > Boxing,2,True,0
486,483,Cheerleading,Sports: Cheerleading,Sports,Cheerleading,,,Sports > Cheerleading,2,True,0
487,483,College Sports,Sports: College Sports,Sports,College Sports,,,Sports > College Sports,2,False,3
488,487,College Football,Sports: College Football,Sports,College Sports,College Football,,Sports > College Sports > College Football,3,True,0
489,487,College Basketball,Sports: College Basketball,Sports,College Sports,College Basketball,,Sports > College Sports > College Basketball,3,True,0
490,487,College Baseball,Sports: College Baseball,Sports,College Sports,College Baseball,,Sports > College Sports > College Baseball,3,True,0
491,483,Cricket,Sports: Cricket,Sports,Cricket,,,Sports > Cricket,2,True,0
492,483,Cycling,Sports: Cycling,Sports,Cycling,,,Sports > Cycling,2,True,0
493,483,Darts,Sports: Darts,Sports,Darts,,,Sports > Darts,2,True,0
494,483,Disabled Sports,Sports: Disabled Sports,Sports,Disabled Sports,,,Sports > Disabled Sports,2,True,0
495,483,Diving,Sports: Diving,Sports,Diving,,,Sports > Diving,2,True,0
496,483,Equine Sports,Sports: Equine Sports,Sports,Equine Sports,,,Sports > Equine Sports,2,True,0
497,483,Horse Racing,Sports: Horse Racing,Sports,Equine Sports,Horse Racing,,Sports > Equine Sports > Horse Racing,3,True,0
498,483,Extreme Sports,Sports: Extreme Sports,Sports,Extreme Sports,,,Sports > Extreme Sports,2,False,8
499,498,Canoeing and Kayaking,Sports: Canoeing and Kayaking,Sports,Extreme Sports,Canoeing and Kayaking,,Sports > Extreme Sports > Canoeing and Kayaking,3,True,0
500,498,Climbing,Sports: Climbing,Sports,Extreme Sports,Climbing,,Sports > Extreme Sports > Climbing,3,True,0
501,498,Paintball,Sports: Paintball,Sports,Extreme Sports,Paintball,,Sports > Extreme Sports > Paintball,3,True,0
502,498,Scuba Diving,Sports: Scuba Diving,Sports,Extreme Sports,Scuba Diving,,Sports > Extreme Sports > Scuba Diving,3,True,0
503,498,Skateboarding,Sports: Skateboarding,Sports,Extreme Sports,Skateboarding,,Sports > Extreme Sports > Skateboarding,3,True,0
504,498,Snowboarding,Sports: Snowboarding,Sports,Extreme Sports,Snowboarding,,Sports > Extreme Sports > Snowboarding,3,True,0
505,498,Surfing and Bodyboarding,Sports: Surfing and Bodyboarding,Sports,Extreme Sports,Surfing and Bodyboarding,,Sports > Extreme Sports > Surfing and Bodyboarding,3,True,0
506,498,Waterskiing and Wakeboarding,Sports: Waterskiing and Wakeboarding,Sports,Extreme Sports,Waterskiing and Wakeboarding,,Sports > Extreme Sports > Waterskiing and Wakeboarding,3,True,0
507,483,Australian Rules Football,Sports: Australian Rules Football,Sports,Australian Rules Football,,,Sports > Australian Rules Football,2,True,0
508,483,Fantasy Sports,Sports: Fantasy Sports,Sports,Fantasy Sports,,,Sports > Fantasy Sports,2,True,0
509,483,Field Hockey,Sports: Field Hockey,Sports,Field Hockey,,,Sports > Field Hockey,2,True,0
510,483,Figure Skating,Sports: Figure Skating,Sports,Figure Skating,,,Sports > Figure Skating,2,True,0
511,483,Fishing Sports,Sports: Fishing Sports,Sports,Fishing Sports,,,Sports > Fishing Sports,2,True,0
512,483,Golf,Sports: Golf,Sports,Golf,,,Sports > Golf,2,True,0
513,483,Gymnastics,Sports: Gymnastics,Sports,Gymnastics,,,Sports > Gymnastics,2,True,0
514,483,Hunting and Shooting,Sports: Hunting and Shooting,Sports,Hunting and Shooting,,,Sports > Hunting and Shooting,2,True,0
515,483,Ice Hockey,Sports: Ice Hockey,Sports,Ice Hockey,,,Sports > Ice Hockey,2,True,0
516,483,Inline Skating,Sports: Inline Skating,Sports,Inline Skating,,,Sports > Inline Skating,2,True,0
517,483,Lacrosse,Sports: Lacrosse,Sports,Lacrosse,,,Sports > Lacrosse,2,True,0
518,483,Auto Racing,Sports: Auto Racing,Sports,Auto Racing,,,Sports > Auto Racing,2,False,1
519,518,Motorcycle Sports,Sports: Motorcycle Sports,Sports,Auto Racing,Motorcycle Sports,,Sports > Auto Racing > Motorcycle Sports,3,True,0
520,483,Martial Arts,Sports: Martial Arts,Sports,Martial Arts,,,Sports > Martial Arts,2,True,0
521,483,Olympic Sports,Sports: Olympic Sports,Sports,Olympic Sports,,,Sports > Olympic Sports,2,False,2
522,521,Summer Olympic Sports,Sports: Summer Olympic Sports,Sports,Olympic Sports,Summer Olympic Sports,,Sports > Olympic Sports > Summer Olympic Sports,3,True,0
523,521,Winter Olympic Sports,Sports: Winter Olympic Sports,Sports,Olympic Sports,Winter Olympic Sports,,Sports > Olympic Sports > Winter Olympic Sports,3,True,0
524,483,Poker and Professional Gambling,Sports: Poker and Professional Gambling,Sports,Poker and Professional Gambling,,,Sports > Poker and Professional Gambling,2,True,0
525,483,Rodeo,Sports: Rodeo,Sports,Rodeo,,,Sports > Rodeo,2,True,0
526,483,Rowing,Sports: Rowing,Sports,Rowing,,,Sports > Rowing,2,True,0
527,483,Rugby,Sports: Rugby,Sports,Rugby,,,Sports > Rugby,2,False,2
528,527,Rugby League,Sports: Rugby League,Sports,Rugby,Rugby League,,Sports > Rugby > Rugby League,3,True,0
529,527,Rugby Union,Sports: Rugby Union,Sports,Rugby,Rugby Union,,Sports > Rugby > Rugby Union,3,True,0
530,483,Sailing,Sports: Sailing,Sports,Sailing,,,Sports > Sailing,2,True,0
531,483,Skiing,Sports: Skiing,Sports,Skiing,,,Sports > Skiing,2,True,0
532,483,Snooker/Pool/Billiards,Sports: Snooker/Pool/Billiards,Sports,Snooker/Pool/Billiards,,,Sports > Snooker/Pool/Billiards,2,True,0
533,483,Soccer,Sports: Soccer,Sports,Soccer,,,Sports > Soccer,2,True,0
534,483,Badminton,Sports: Badminton,Sports,Badminton,,,Sports > Badminton,2,True,0
535,483,Softball,Sports: Softball,Sports,Softball,,,Sports > Softball,2,True,0
536,483,Squash,Sports: Squash,Sports,Squash,,,Sports > Squash,2,True,0
537,483,Swimming,Sports: Swimming,Sports,Swimming,,,Sports > Swimming,2,True,0
538,483,Table Tennis,Sports: Table Tennis,Sports,Table Tennis,,,Sports > Table Tennis,2,True,0
539,483,Tennis,Sports: Tennis,Sports,Tennis,,,Sports > Tennis,2,True,0
540,483,Track and Field,Sports: Track and Field,Sports,Track and Field,,,Sports > Track and Field,2,True,0
541,483,Volleyball,Sports: Volleyball,Sports,Volleyball,,,Sports > Volleyball,2,True,0
542,483,Walking,Sports: Walking,Sports,Walking,,,Sports > Walking,2,True,0
543,483,Water Polo,Sports: Water Polo,Sports,Water Polo,,,Sports > Water Polo,2,True,0
544,483,Weightlifting,Sports: Weightlifting,Sports,Weightlifting,,,Sports > Weightlifting,2,True,0
545,483,Baseball,Sports: Baseball,Sports,Baseball,,,Sports > Baseball,2,True,0
546,483,Wrestling,Sports: Wrestling,Sports,Wrestling,,,Sports > Wrestling,2,True,0
547,483,Basketball,Sports: Basketball,Sports,Basketball,,,Sports > Basketball,2,True,0
548,483,Beach Volleyball,Sports: Beach Volleyball,Sports,Beach Volleyball,,,Sports > Beach Volleyball,2,True,0
549,483,Bodybuilding,Sports: Bodybuilding,Sports,Bodybuilding,,,Sports > Bodybuilding,2,True,0
550,483,Bowling,Sports: Bowling,Sports,Bowling,,,Sports > Bowling,2,True,0
551,483,Sports Equipment,Sports: Sports Equipment,Sports,Sports Equipment,,,Sports > Sports Equipment,2,True,0
552,,Style & Fashion,Style & Fashion: Style & Fashion,Style & Fashion,,,,Style & Fashion,1,False,10
553,552,Beauty,Style & Fashion: Beauty,Style & Fashion,Beauty,,,Style & Fashion > Beauty,2,False,6
554,553,Hair Care,Style & Fashion: Hair Care,Style & Fashion,Beauty,Hair Care,,Style & Fashion > Beauty > Hair Care,3,True,0
555,553,Makeup and Accessories,Style & Fashion: Makeup and Accessories,Style & Fashion,Beauty,Makeup and Accessories,,Style & Fashion > Beauty > Makeup and Accessories,3,True,0
556,553,Nail Care,Style & Fashion: Nail Care,Style & Fashion,Beauty,Nail Care,,Style & Fashion > Beauty > Nail Care,3,True,0
557,553,Natural and Organic Beauty,Style & Fashion: Natural and Organic Beauty,Style & Fashion,Beauty,Natural and Organic Beauty,,Style & Fashion > Beauty > Natural and Organic Beauty,3,True,0
558,553,Perfume and Fragrance,Style & Fashion: Perfume and Fragrance,Style & Fashion,Beauty,Perfume and Fragrance,,Style & Fashion > Beauty > Perfume and Fragrance,3,True,0
559,553,Skin Care,Style & Fashion: Skin Care,Style & Fashion,Beauty,Skin Care,,Style & Fashion > Beauty > Skin Care,3,True,0
560,552,Women's Fashion,Style & Fashion: Women's Fashion,Style & Fashion,Women's Fashion,,,Style & Fashion > Women's Fashion,2,False,3
561,560,Women's Accessories,Style & Fashion: Women's Accessories,Style & Fashion,Women's Fashion,Women's Accessories,,Style & Fashion > Women's Fashion > Women's Accessories,3,False,4
562,561,Women's Glasses,Style & Fashion: Women's Glasses,Style & Fashion,Women's Fashion,Women's Accessories,Women's Glasses,Style & Fashion > Women's Fashion > Women's Accessories > Women's Glasses,4,True,0
563,561,Women's Handbags and Wallets,Style & Fashion: Women's Handbags and Wallets,Style & Fashion,Women's Fashion,Women's Accessories,Women's Handbags and Wallets,Style & Fashion > Women's Fashion > Women's Accessories > Women's Handbags and Wallets,4,True,0
564,561,Women's Hats and Scarves,Style & Fashion: Women's Hats and Scarves,Style & Fashion,Women's Fashion,Women's Accessories,Women's Hats and Scarves,Style & Fashion > Women's Fashion > Women's Accessories > Women's Hats and Scarves,4,True,0
565,561,Women's Jewelry and Watches,Style & Fashion: Women's Jewelry and Watches,Style & Fashion,Women's Fashion,Women's Accessories,Women's Jewelry and Watches,Style & Fashion > Women's Fashion > Women's Accessories > Women's Jewelry and Watches,4,True,0
566,560,Women's Clothing,Style & Fashion: Women's Clothing,Style & Fashion,Women's Fashion,Women's Clothing,,Style & Fashion > Women's Fashion > Women's Clothing,3,False,6
567,566,Women's Business Wear,Style & Fashion: Women's Business Wear,Style & Fashion,Women's Fashion,Women's Clothing,Women's Business Wear,Style & Fashion > Women's Fashion > Women's Clothing > Women's Business Wear,4,True,0
568,566,Women's Casual Wear,Style & Fashion: Women's Casual Wear,Style & Fashion,Women's Fashion,Women's Clothing,Women's Casual Wear,Style & Fashion > Women's Fashion > Women's Clothing > Women's Casual Wear,4,True,0
569,566,Women's Formal Wear,Style & Fashion: Women's Formal Wear,Style & Fashion,Women's Fashion,Women's Clothing,Women's Formal Wear,Style & Fashion > Women's Fashion > Women's Clothing > Women's Formal Wear,4,True,0
570,566,Women's Intimates and Sleepwear,Style & Fashion: Women's Intimates and Sleepwear,Style & Fashion,Women's Fashion,Women's Clothing,Women's Intimates and Sleepwear,Style & Fashion > Women's Fashion > Women's Clothing > Women's Intimates and Sleepwear,4,True,0
571,566,Women's Outerwear,Style & Fashion: Women's Outerwear,Style & Fashion,Women's Fashion,Women's Clothing,Women's Outerwear,Style & Fashion > Women's Fashion > Women's Clothing > Women's Outerwear,4,True,0
572,566,Women's Sportswear,Style & Fashion: Women's Sportswear,Style & Fashion,Women's Fashion,Women's Clothing,Women's Sportswear,Style & Fashion > Women's Fashion > Women's Clothing > Women's Sportswear,4,True,0
573,560,Women's Shoes and Footwear,Style & Fashion: Women's Shoes and Footwear,Style & Fashion,Women's Fashion,Women's Shoes and Footwear,,Style & Fashion > Women's Fashion > Women's Shoes and Footwear,3,True,0
574,552,Body Art,Style & Fashion: Body Art,Style & Fashion,Body Art,,,Style & Fashion > Body Art,2,True,0
575,552,Children's Clothing,Style & Fashion: Children's Clothing,Style & Fashion,Children's Clothing,,,Style & Fashion > Children's Clothing,2,True,0
576,552,Designer Clothing,Style & Fashion: Designer Clothing,Style & Fashion,Designer Clothing,,,Style & Fashion > Designer Clothing,2,True,0
577,552,Fashion Trends,Style & Fashion: Fashion Trends,Style & Fashion,Fashion Trends,,,Style & Fashion > Fashion Trends,2,True,0
578,552,High Fashion,Style & Fashion: High Fashion,Style & Fashion,High Fashion,,,Style & Fashion > High Fashion,2,True,0
579,552,Men's Fashion,Style & Fashion: Men's Fashion,Style & Fashion,Men's Fashion,,,Style & Fashion > Men's Fashion,2,False,3
580,579,Men's Accessories,Style & Fashion: Men's Accessories,Style & Fashion,Men's Fashion,Men's Accessories,,Style & Fashion > Men's Fashion > Men's Accessories,3,False,1
581,580,Men's Jewelry and Watches,Style & Fashion: Men's Jewelry and Watches,Style & Fashion,Men's Fashion,Men's Accessories,Men's Jewelry and Watches,Style & Fashion > Men's Fashion > Men's Accessories > Men's Jewelry and Watches,4,True,0
582,579,Men's Clothing,Style & Fashion: Men's Clothing,Style & Fashion,Men's Fashion,Men's Clothing,,Style & Fashion > Men's Fashion > Men's Clothing,3,False,6
583,582,Men's Business Wear,Style & Fashion: Men's Business Wear,Style & Fashion,Men's Fashion,Men's Clothing,Men's Business Wear,Style & Fashion > Men's Fashion > Men's Clothing > Men's Business Wear,4,True,0
584,582,Men's Casual Wear,Style & Fashion: Men's Casual Wear,Style & Fashion,Men's Fashion,Men's Clothing,Men's Casual Wear,Style & Fashion > Men's Fashion > Men's Clothing > Men's Casual Wear,4,True,0
585,582,Men's Formal Wear,Style & Fashion: Men's Formal Wear,Style & Fashion,Men's Fashion,Men's Clothing,Men's Formal Wear,Style & Fashion > Men's Fashion > Men's Clothing > Men's Formal Wear,4,True,0
586,582,Men's Outerwear,Style & Fashion: Men's Outerwear,Style & Fashion,Men's Fashion,Men's Clothing,Men's Outerwear,Style & Fashion > Men's Fashion > Men's Clothing > Men's Outerwear,4,True,0
587,582,Men's Sportswear,Style & Fashion: Men's Sportswear,Style & Fashion,Men's Fashion,Men's Clothing,Men's Sportswear,Style & Fashion > Men's Fashion > Men's Clothing > Men's Sportswear,4,True,0
588,582,Men's Underwear and Sleepwear,Style & Fashion: Men's Underwear and Sleepwear,Style & Fashion,Men's Fashion,Men's Clothing,Men's Underwear and Sleepwear,Style & Fashion > Men's Fashion > Men's Clothing > Men's Underwear and Sleepwear,4,True,0
589,579,Men's Shoes and Footwear,Style & Fashion: Men's Shoes and Footwear,Style & Fashion,Men's Fashion,Men's Shoes and Footwear,,Style & Fashion > Men's Fashion > Men's Shoes and Footwear,3,True,0
590,552,Personal Care,Style & Fashion: Personal Care,Style & Fashion,Personal Care,,,Style & Fashion > Personal Care,2,False,4
591,590,Bath and Shower,Style & Fashion: Bath and Shower,Style & Fashion,Personal Care,Bath and Shower,,Style & Fashion > Personal Care > Bath and Shower,3,True,0
592,590,Deodorant and Antiperspirant,Style & Fashion: Deodorant and Antiperspirant,Style & Fashion,Personal Care,Deodorant and Antiperspirant,,Style & Fashion > Personal Care > Deodorant and Antiperspirant,3,True,0
593,590,Oral care,Style & Fashion: Oral care,Style & Fashion,Personal Care,Oral care,,Style & Fashion > Personal Care > Oral care,3,True,0
594,590,Shaving,Style & Fashion: Shaving,Style & Fashion,Personal Care,Shaving,,Style & Fashion > Personal Care > Shaving,3,True,0
595,552,Street Style,Style & Fashion: Street Style,Style & Fashion,Street Style,,,Style & Fashion > Street Style,2,True,0
596,,Technology & Computing,Technology & Computing: Technology & Computing,Technology & Computing,,,,Technology & Computing,1,False,6
597,596,Artificial Intelligence,Technology & Computing: Artificial Intelligence,Technology & Computing,Artificial Intelligence,,,Technology & Computing > Artificial Intelligence,2,True,0
598,596,Augmented Reality,Technology & Computing: Augmented Reality,Technology & Computing,Augmented Reality,,,Technology & Computing > Augmented Reality,2,True,0
599,596,Computing,Technology & Computing: Computing,Technology & Computing,Computing,,,Technology & Computing > Computing,2,False,9
600,599,Computer Networking,Technology & Computing: Computer Networking,Technology & Computing,Computing,Computer Networking,,Technology & Computing > Computing > Computer Networking,3,True,0
601,599,Computer Peripherals,Technology & Computing: Computer Peripherals,Technology & Computing,Computing,Computer Peripherals,,Technology & Computing > Computing > Computer Peripherals,3,True,0
602,599,Computer Software and Applications,Technology & Computing: Computer Software and Applications,Technology & Computing,Computing,Computer Software and Applications,,Technology & Computing > Computing > Computer Software and Applications,3,False,13
603,602,3-D Graphics,Technology & Computing: 3-D Graphics,Technology & Computing,Computing,Computer Software and Applications,3-D Graphics,Technology & Computing > Computing > Computer Software and Applications > 3-D Graphics,4,True,0
604,602,Photo Editing Software,Technology & Computing: Photo Editing Software,Technology & Computing,Computing,Computer Software and Applications,Photo Editing Software,Technology & Computing > Computing > Computer Software and Applications > Photo Editing Software,4,True,0
605,602,Shareware and Freeware,Technology & Computing: Shareware and Freeware,Technology & Computing,Computing,Computer Software and Applications,Shareware and Freeware,Technology & Computing > Computing > Computer Software and Applications > Shareware and Freeware,4,True,0
606,602,Video Software,Technology & Computing: Video Software,Technology & Computing,Computing,Computer Software and Applications,Video Software,Technology & Computing > Computing > Computer Software and Applications > Video Software,4,True,0
607,602,Web Conferencing,Technology & Computing: Web Conferencing,Technology & Computing,Computing,Computer Software and Applications,Web Conferencing,Technology & Computing > Computing > Computer Software and Applications > Web Conferencing,4,True,0
608,602,Antivirus Software,Technology & Computing: Antivirus Software,Technology & Computing,Computing,Computer Software and Applications,Antivirus Software,Technology & Computing > Computing > Computer Software and Applications > Antivirus Software,4,True,0
609,602,Browsers,Technology & Computing: Browsers,Technology & Computing,Computing,Computer Software and Applications,Browsers,Technology & Computing > Computing > Computer Software and Applications > Browsers,4,True,0
610,602,Computer Animation,Technology & Computing: Computer Animation,Technology & Computing,Computing,Computer Software and Applications,Computer Animation,Technology & Computing > Computing > Computer Software and Applications > Computer Animation,4,True,0
611,602,Databases,Technology & Computing: Databases,Technology & Computing,Computing,Computer Software and Applications,Databases,Technology & Computing > Computing > Computer Software and Applications > Databases,4,True,0
612,602,Desktop Publishing,Technology & Computing: Desktop Publishing,Technology & Computing,Computing,Computer Software and Applications,Desktop Publishing,Technology & Computing > Computing > Computer Software and Applications > Desktop Publishing,4,True,0
613,602,Digital Audio,Technology & Computing: Digital Audio,Technology & Computing,Computing,Computer Software and Applications,Digital Audio,Technology & Computing > Computing > Computer Software and Applications > Digital Audio,4,True,0
614,602,Graphics Software,Technology & Computing: Graphics Software,Technology & Computing,Computing,Computer Software and Applications,Graphics Software,Technology & Computing > Computing > Computer Software and Applications > Graphics Software,4,True,0
615,602,Operating Systems,Technology & Computing: Operating Systems,Technology & Computing,Computing,Computer Software and Applications,Operating Systems,Technology & Computing > Computing > Computer Software and Applications > Operating Systems,4,True,0
616,599,Data Storage and Warehousing,Technology & Computing: Data Storage and Warehousing,Technology & Computing,Computing,Data Storage and Warehousing,,Technology & Computing > Computing > Data Storage and Warehousing,3,True,0
617,599,Desktops,Technology & Computing: Desktops,Technology & Computing,Computing,Desktops,,Technology & Computing > Computing > Desktops,3,True,0
618,599,Information and Network Security,Technology & Computing: Information and Network Security,Technology & Computing,Computing,Information and Network Security,,Technology & Computing > Computing > Information and Network Security,3,True,0
619,599,Internet,Technology & Computing: Internet,Technology & Computing,Computing,Internet,,Technology & Computing > Computing > Internet,3,False,10
620,619,Cloud Computing,Technology & Computing: Cloud Computing,Technology & Computing,Computing,Internet,Cloud Computing,Technology & Computing > Computing > Internet > Cloud Computing,4,True,0
621,619,Web Development,Technology & Computing: Web Development,Technology & Computing,Computing,Internet,Web Development,Technology & Computing > Computing > Internet > Web Development,4,True,0
622,619,Web Hosting,Technology & Computing: Web Hosting,Technology & Computing,Computing,Internet,Web Hosting,Technology & Computing > Computing > Internet > Web Hosting,4,True,0
623,619,Email,Technology & Computing: Email,Technology & Computing,Computing,Internet,Email,Technology & Computing > Computing > Internet > Email,4,True,0
624,619,Internet for Beginners,Technology & Computing: Internet for Beginners,Technology & Computing,Computing,Internet,Internet for Beginners,Technology & Computing > Computing > Internet > Internet for Beginners,4,True,0
625,619,Internet of Things,Technology & Computing: Internet of Things,Technology & Computing,Computing,Internet,Internet of Things,Technology & Computing > Computing > Internet > Internet of Things,4,True,0
626,619,IT and Internet Support,Technology & Computing: IT and Internet Support,Technology & Computing,Computing,Internet,IT and Internet Support,Technology & Computing > Computing > Internet > IT and Internet Support,4,True,0
627,619,Search,Technology & Computing: Search,Technology & Computing,Computing,Internet,Search,Technology & Computing > Computing > Internet > Search,4,True,0
628,619,Social Networking,Technology & Computing: Social Networking,Technology & Computing,Computing,Internet,Social Networking,Technology & Computing > Computing > Internet > Social Networking,4,True,0
629,619,Web Design and HTML,Technology & Computing: Web Design and HTML,Technology & Computing,Computing,Internet,Web Design and HTML,Technology & Computing > Computing > Internet > Web Design and HTML,4,True,0
630,599,Laptops,Technology & Computing: Laptops,Technology & Computing,Computing,Laptops,,Technology & Computing > Computing > Laptops,3,True,0
631,599,Programming Languages,Technology & Computing: Programming Languages,Technology & Computing,Computing,Programming Languages,,Technology & Computing > Computing > Programming Languages,3,True,0
632,596,Consumer Electronics,Technology & Computing: Consumer Electronics,Technology & Computing,Consumer Electronics,,,Technology & Computing > Consumer Electronics,2,False,5
633,632,Cameras and Camcorders,Technology & Computing: Cameras and Camcorders,Technology & Computing,Consumer Electronics,Cameras and Camcorders,,Technology & Computing > Consumer Electronics > Cameras and Camcorders,3,True,0
634,632,Home Entertainment Systems,Technology & Computing: Home Entertainment Systems,Technology & Computing,Consumer Electronics,Home Entertainment Systems,,Technology & Computing > Consumer Electronics > Home Entertainment Systems,3,True,0
635,632,Smartphones,Technology & Computing: Smartphones,Technology & Computing,Consumer Electronics,Smartphones,,Technology & Computing > Consumer Electronics > Smartphones,3,True,0
636,632,Tablets and E-readers,Technology & Computing: Tablets and E-readers,Technology & Computing,Consumer Electronics,Tablets and E-readers,,Technology & Computing > Consumer Electronics > Tablets and E-readers,3,True,0
637,632,Wearable Technology,Technology & Computing: Wearable Technology,Technology & Computing,Consumer Electronics,Wearable Technology,,Technology & Computing > Consumer Electronics > Wearable Technology,3,True,0
638,596,Robotics,Technology & Computing: Robotics,Technology & Computing,Robotics,,,Technology & Computing > Robotics,2,True,0
639,596,Virtual Reality,Technology & Computing: Virtual Reality,Technology & Computing,Virtual Reality,,,Technology & Computing > Virtual Reality,2,True,0
640,,Television,Television: Television,Television,,,,Television,1,False,12
641,640,Animation TV,Television: Animation TV,Television,Animation TV,,,Television > Animation TV,2,True,0
642,640,Soap Opera TV,Television: Soap Opera TV,Television,Soap Opera TV,,,Television > Soap Opera TV,2,True,0
643,640,Special Interest TV,Television: Special Interest TV,Television,Special Interest TV,,,Television > Special Interest TV,2,True,0
644,640,Sports TV,Television: Sports TV,Television,Sports TV,,,Television > Sports TV,2,True,0
645,640,Children's TV,Television: Children's TV,Television,Children's TV,,,Television > Children's TV,2,True,0
646,640,Comedy TV,Television: Comedy TV,Television,Comedy TV,,,Television > Comedy TV,2,True,0
647,640,Drama TV,Television: Drama TV,Television,Drama TV,,,Television > Drama TV,2,True,0
648,640,Factual TV,Television: Factual TV,Television,Factual TV,,,Television > Factual TV,2,True,0
649,640,Holiday TV,Television: Holiday TV,Television,Holiday TV,,,Television > Holiday TV,2,True,0
650,640,Music TV,Television: Music TV,Television,Music TV,,,Television > Music TV,2,True,0
651,640,Reality TV,Television: Reality TV,Television,Reality TV,,,Television > Reality TV,2,True,0
652,640,Science Fiction TV,Television: Science Fiction TV,Television,Science Fiction TV,,,Television > Science Fiction TV,2,True,0
653,,Travel,Travel: Travel,Travel,,,,Travel,1,False,4
654,653,Travel Accessories,Travel: Travel Accessories,Travel,Travel Accessories,,,Travel > Travel Accessories,2,True,0
655,653,Travel Locations,Travel: Travel Locations,Travel,Travel Locations,,,Travel > Travel Locations,2,False,7
656,655,Africa Travel,Travel: Africa Travel,Travel,Travel Locations,Africa Travel,,Travel > Travel Locations > Africa Travel,3,True,0
657,655,Asia Travel,Travel: Asia Travel,Travel,Travel Locations,Asia Travel,,Travel > Travel Locations > Asia Travel,3,True,0
658,655,Australia and Oceania Travel,Travel: Australia and Oceania Travel,Travel,Travel Locations,Australia and Oceania Travel,,Travel > Travel Locations > Australia and Oceania Travel,3,True,0
659,655,Europe Travel,Travel: Europe Travel,Travel,Travel Locations,Europe Travel,,Travel > Travel Locations > Europe Travel,3,True,0
660,655,North America Travel,Travel: North America Travel,Travel,Travel Locations,North America Travel,,Travel > Travel Locations > North America Travel,3,True,0
661,655,Polar Travel,Travel: Polar Travel,Travel,Travel Locations,Polar Travel,,Travel > Travel Locations > Polar Travel,3,True,0
662,655,South America Travel,Travel: South America Travel,Travel,Travel Locations,South America Travel,,Travel > Travel Locations > South America Travel,3,True,0
663,653,Travel Preparation and Advice,Travel: Travel Preparation and Advice,Travel,Travel Preparation and Advice,,,Travel > Travel Preparation and Advice,2,True,0
664,653,Travel Type,Travel: Travel Type,Travel,Travel Type,,,Travel > Travel Type,2,False,15
665,664,Adventure Travel,Travel: Adventure Travel,Travel,Travel Type,Adventure Travel,,Travel > Travel Type > Adventure Travel,3,True,0
666,664,Family Travel,Travel: Family Travel,Travel,Travel Type,Family Travel,,Travel > Travel Type > Family Travel,3,True,0
667,664,Honeymoons and Getaways,Travel: Honeymoons and Getaways,Travel,Travel Type,Honeymoons and Getaways,,Travel > Travel Type > Honeymoons and Getaways,3,True,0
668,664,Hotels and Motels,Travel: Hotels and Motels,Travel,Travel Type,Hotels and Motels,,Travel > Travel Type > Hotels and Motels,3,True,0
669,664,Rail Travel,Travel: Rail Travel,Travel,Travel Type,Rail Travel,,Travel > Travel Type > Rail Travel,3,True,0
670,664,Road Trips,Travel: Road Trips,Travel,Travel Type,Road Trips,,Travel > Travel Type > Road Trips,3,True,0
671,664,Spas,Travel: Spas,Travel,Travel Type,Spas,,Travel > Travel Type > Spas,3,True,0
672,664,Air Travel,Travel: Air Travel,Travel,Travel Type,Air Travel,,Travel > Travel Type > Air Travel,3,True,0
673,664,Beach Travel,Travel: Beach Travel,Travel,Travel Type,Beach Travel,,Travel > Travel Type > Beach Travel,3,True,0
674,664,Bed & Breakfasts,Travel: Bed & Breakfasts,Travel,Travel Type,Bed & Breakfasts,,Travel > Travel Type > Bed & Breakfasts,3,True,0
675,664,Budget Travel,Travel: Budget Travel,Travel,Travel Type,Budget Travel,,Travel > Travel Type > Budget Travel,3,True,0
676,664,Business Travel,Travel: Business Travel,Travel,Travel Type,Business Travel,,Travel > Travel Type > Business Travel,3,True,0
677,664,Camping,Travel: Camping,Travel,Travel Type,Camping,,Travel > Travel Type > Camping,3,True,0
678,664,Cruises,Travel: Cruises,Travel,Travel Type,Cruises,,Travel > Travel Type > Cruises,3,True,0
679,664,Day Trips,Travel: Day Trips,Travel,Travel Type,Day Trips,,Travel > Travel Type > Day Trips,3,True,0
680,,Video Gaming,Video Gaming: Video Gaming,Video Gaming,,,,Video Gaming,1,False,5
681,680,Console Games,Video Gaming: Console Games,Video Gaming,Console Games,,,Video Gaming > Console Games,2,True,0
682,680,eSports,Video Gaming: eSports,Video Gaming,eSports,,,Video Gaming > eSports,2,True,0
683,680,Mobile Games,Video Gaming: Mobile Games,Video Gaming,Mobile Games,,,Video Gaming > Mobile Games,2,True,0
684,680,PC Games,Video Gaming: PC Games,Video Gaming,PC Games,,,Video Gaming > PC Games,2,True,0
685,680,Video Game Genres,Video Gaming: Video Game Genres,Video Gaming,Video Game Genres,,,Video Gaming > Video Game Genres,2,False,13
686,685,Action Video Games,Video Gaming: Action Video Games,Video Gaming,Video Game Genres,Action Video Games,,Video Gaming > Video Game Genres > Action Video Games,3,True,0
687,685,Role-Playing Video Games,Video Gaming: Role-Playing Video Games,Video Gaming,Video Game Genres,Role-Playing Video Games,,Video Gaming > Video Game Genres > Role-Playing Video Games,3,True,0
688,685,Simulation Video Games,Video Gaming: Simulation Video Games,Video Gaming,Video Game Genres,Simulation Video Games,,Video Gaming > Video Game Genres > Simulation Video Games,3,True,0
689,685,Sports Video Games,Video Gaming: Sports Video Games,Video Gaming,Video Game Genres,Sports Video Games,,Video Gaming > Video Game Genres > Sports Video Games,3,True,0
690,685,Strategy Video Games,Video Gaming: Strategy Video Games,Video Gaming,Video Game Genres,Strategy Video Games,,Video Gaming > Video Game Genres > Strategy Video Games,3,True,0
691,685,Action-Adventure Video Games,Video Gaming: Action-Adventure Video Games,Video Gaming,Video Game Genres,Action-Adventure Video Games,,Video Gaming > Video Game Genres > Action-Adventure Video Games,3,True,0
692,685,Adventure Video Games,Video Gaming: Adventure Video Games,Video Gaming,Video Game Genres,Adventure Video Games,,Video Gaming > Video Game Genres > Adventure Video Games,3,True,0
693,685,Casual Games,Video Gaming: Casual Games,Video Gaming,Video Game Genres,Casual Games,,Video Gaming > Video Game Genres > Casual Games,3,True,0
694,685,Educational Video Games,Video Gaming: Educational Video Games,Video Gaming,Video Game Genres,Educational Video Games,,Video Gaming > Video Game Genres > Educational Video Games,3,True,0
695,685,Exercise and Fitness Video Games,Video Gaming: Exercise and Fitness Video Games,Video Gaming,Video Game Genres,Exercise and Fitness Video Games,,Video Gaming > Video Game Genres > Exercise and Fitness Video Games,3,True,0
696,685,MMOs,Video Gaming: MMOs,Video Gaming,Video Game Genres,MMOs,,Video Gaming > Video Game Genres > MMOs,3,True,0
697,685,Music and Party Video Games,Video Gaming: Music and Party Video Games,Video Gaming,Video Game Genres,Music and Party Video Games,,Video Gaming > Video Game Genres > Music and Party Video Games,3,True,0
698,685,Puzzle Video Games,Video Gaming: Puzzle Video Games,Video Gaming,Video Game Genres,Puzzle Video Games,,Video Gaming > Video Game Genres > Puzzle Video Games,3,True,0
1000,,Content Channel,Content Channel: Content Channel,Content Channel,,,,Content Channel,1,False,9
1001,1000,Editorial/Professional,Content Channel: Editorial/Professional,Content Channel,Editorial/Professional,,,Content Channel > Editorial/Professional,2,True,0
1002,1000,Email,Content Channel: Email,Content Channel,Email,,,Content Channel > Email,2,True,0
1003,1000,Forum/Community,Content Channel: Forum/Community,Content Channel,Forum/Community,,,Content Channel > Forum/Community,2,True,0
1004,1000,Game,Content Channel: Game,Content Channel,Game,,,Content Channel > Game,2,True,0
1005,1000,Marketplace/eCommerce,Content Channel: Marketplace/eCommerce,Content Channel,Marketplace/eCommerce,,,Content Channel > Marketplace/eCommerce,2,True,0
1006,1000,Search Engine/Listings,Content Channel: Search Engine/Listings,Content Channel,Search Engine/Listings,,,Content Channel > Search Engine/Listings,2,True,0
1007,1000,Social,Content Channel: Social,Content Channel,Social,,,Content Channel > Social,2,True,0
1008,1000,Utility/Online Tool,Content Channel: Utility/Online Tool,Content Channel,Utility/Online Tool,,,Content Channel > Utility/Online Tool,2,True,0
1009,1000,Voice Activated Channels,Content Channel: Voice Activated Channels,Content Channel,Voice Activated Channels,,,Content Channel > Voice Activated Channels,2,True,0
1010,,Content Type,Content Type: Content Type,Content Type,,,,Content Type,1,False,11
1011,1010,Academic/ResearchConent,Content Type: Academic/ResearchConent,Content Type,Academic/ResearchConent,,,Content Type > Academic/ResearchConent,2,True,0
1012,1010,Chat/IM/Comments,Content Type: Chat/IM/Comments,Content Type,Chat/IM/Comments,,,Content Type > Chat/IM/Comments,2,True,0
1013,1010,Educational Content,Content Type: Educational Content,Content Type,Educational Content,,,Content Type > Educational Content,2,True,0
1014,1010,Entertainment Content,Content Type: Entertainment Content,Content Type,Entertainment Content,,,Content Type > Entertainment Content,2,True,0
1015,1010,Feature,Content Type: Feature,Content Type,Feature,,,Content Type > Feature,2,True,0
1016,1010,General Social,Content Type: General Social,Content Type,General Social,,,Content Type > General Social,2,True,0
1017,1010,Instructional Content,Content Type: Instructional Content,Content Type,Instructional Content,,,Content Type > Instructional Content,2,True,0
1018,1010,Interactive Content,Content Type: Interactive Content,Content Type,Interactive Content,,,Content Type > Interactive Content,2,True,0
1019,1010,Listings/Classifieds/Product Listings/Search Results,Content Type: Listings/Classifieds/Product Listings/Search Results,Content Type,Listings/Classifieds/Product Listings/Search Results,,,Content Type > Listings/Classifieds/Product Listings/Search Results,2,True,0
1020,1010,News,Content Type: News,Content Type,News,,,Content Type > News,2,True,0
1021,1010,Review,Content Type: Review,Content Type,Review,,,Content Type > Review,2,True,0
1215,,Content Source,Content Source: Content Source,Content Source,,,,Content Source,1,False,3
1216,1215,Professionally Produced,Content Source: Professionally Produced,Content Source,Professionally Produced,,,Content Source > Professionally Produced,2,True,0
1217,1215,User Generated,Content Source: User Generated,Content Source,User Generated,,,Content Source > User Generated,2,True,0
1218,1215,Aggregated/Curated,Content Source: Aggregated/Curated,Content Source,Aggregated/Curated,,,Content Source > Aggregated/Curated,2,True,0
1022,,Content Media Format,Content Media Format: Content Media Format,Content Media Format,,,,Content Media Format,1,False,7
1023,1022,Audio,Content Media Format: Audio,Content Media Format,Audio,,,Content Media Format > Audio,2,True,0
1024,1022,Images/Galleries,Content Media Format: Images/Galleries,Content Media Format,Images/Galleries,,,Content Media Format > Images/Galleries,2,True,0
1025,1022,Interactive,Content Media Format: Interactive,Content Media Format,Interactive,,,Content Media Format > Interactive,2,True,0
1026,1022,Mixed,Content Media Format: Mixed,Content Media Format,Mixed,,,Content Media Format > Mixed,2,True,0
1027,1022,Textual,Content Media Format: Textual,Content Media Format,Textual,,,Content Media Format > Textual,2,True,0
1028,1022,Video,Content Media Format: Video,Content Media Format,Video,,,Content Media Format > Video,2,True,0
1029,1022,VR/AR,Content Media Format: VR/AR,Content Media Format,VR/AR,,,Content Media Format > VR/AR,2,True,0
1030,,Content Language,Content Language: Content Language,Content Language,,,,Content Language,1,False,184
1031,1030,Afar,Content Language: Afar,Content Language,Afar,,,Content Language > Afar,2,True,0
1032,1030,Abkhaz,Content Language: Abkhaz,Content Language,Abkhaz,,,Content Language > Abkhaz,2,True,0
1033,1030,Avestan,Content Language: Avestan,Content Language,Avestan,,,Content Language > Avestan,2,True,0
1034,1030,Afrikaans,Content Language: Afrikaans,Content Language,Afrikaans,,,Content Language > Afrikaans,2,True,0
1035,1030,Akan,Content Language: Akan,Content Language,Akan,,,Content Language > Akan,2,True,0
1036,1030,Amharic,Content Language: Amharic,Content Language,Amharic,,,Content Language > Amharic,2,True,0
1037,1030,Aragonese,Content Language: Aragonese,Content Language,Aragonese,,,Content Language > Aragonese,2,True,0
1038,1030,Arabic,Content Language: Arabic,Content Language,Arabic,,,Content Language > Arabic,2,True,0
1039,1030,Assamese,Content Language: Assamese,Content Language,Assamese,,,Content Language > Assamese,2,True,0
1040,1030,Avaric,Content Language: Avaric,Content Language,Avaric,,,Content Language > Avaric,2,True,0
1041,1030,Aymara,Content Language: Aymara,Content Language,Aymara,,,Content Language > Aymara,2,True,0
1042,1030,Azerbaijani,Content Language: Azerbaijani,Content Language,Azerbaijani,,,Content Language > Azerbaijani,2,True,0
1043,1030,Bashkir,Content Language: Bashkir,Content Language,Bashkir,,,Content Language > Bashkir,2,True,0
1044,1030,Belarusian,Content Language: Belarusian,Content Language,Belarusian,,,Content Language > Belarusian,2,True,0
1045,1030,Bulgarian,Content Language: Bulgarian,Content Language,Bulgarian,,,Content Language > Bulgarian,2,True,0
1046,1030,Bihari,Content Language: Bihari,Content Language,Bihari,,,Content Language > Bihari,2,True,0
1047,1030,Bislama,Content Language: Bislama,Content Language,Bislama,,,Content Language > Bislama,2,True,0
1048,1030,Bambara,Content Language: Bambara,Content Language,Bambara,,,Content Language > Bambara,2,True,0
1049,1030,Bengali,Content Language: Bengali,Content Language,Bengali,,,Content Language > Bengali,2,True,0
1050,1030,Tibetan,Content Language: Tibetan,Content Language,Tibetan,,,Content Language > Tibetan,2,True,0
1051,1030,Breton,Content Language: Breton,Content Language,Breton,,,Content Language > Breton,2,True,0
1052,1030,Bosnian,Content Language: Bosnian,Content Language,Bosnian,,,Content Language > Bosnian,2,True,0
1053,1030,Catalan,Content Language: Catalan,Content Language,Catalan,,,Content Language > Catalan,2,True,0
1054,1030,Chechen,Content Language: Chechen,Content Language,Chechen,,,Content Language > Chechen,2,True,0
1055,1030,Chamorro,Content Language: Chamorro,Content Language,Chamorro,,,Content Language > Chamorro,2,True,0
1056,1030,Corsican,Content Language: Corsican,Content Language,Corsican,,,Content Language > Corsican,2,True,0
1057,1030,Cree,Content Language: Cree,Content Language,Cree,,,Content Language > Cree,2,True,0
1058,1030,Czech,Content Language: Czech,Content Language,Czech,,,Content Language > Czech,2,True,0
1059,1030,Old Church Slavonic,Content Language: Old Church Slavonic,Content Language,Old Church Slavonic,,,Content Language > Old Church Slavonic,2,True,0
1060,1030,Chuvash,Content Language: Chuvash,Content Language,Chuvash,,,Content Language > Chuvash,2,True,0
1061,1030,Welsh,Content Language: Welsh,Content Language,Welsh,,,Content Language > Welsh,2,True,0
1062,1030,Danish,Content Language: Danish,Content Language,Danish,,,Content Language > Danish,2,True,0
1063,1030,German,Content Language: German,Content Language,German,,,Content Language > German,2,True,0
1064,1030,Divehi,Content Language: Divehi,Content Language,Divehi,,,Content Language > Divehi,2,True,0
1065,1030,Dzongkha,Content Language: Dzongkha,Content Language,Dzongkha,,,Content Language > Dzongkha,2,True,0
1066,1030,Ewe,Content Language: Ewe,Content Language,Ewe,,,Content Language > Ewe,2,True,0
1067,1030,Greek,Content Language: Greek,Content Language,Greek,,,Content Language > Greek,2,True,0
1068,1030,English,Content Language: English,Content Language,English,,,Content Language > English,2,True,0
1069,1030,Esperanto,Content Language: Esperanto,Content Language,Esperanto,,,Content Language > Esperanto,2,True,0
1070,1030,Spanish,Content Language: Spanish,Content Language,Spanish,,,Content Language > Spanish,2,True,0
1071,1030,Estonian,Content Language: Estonian,Content Language,Estonian,,,Content Language > Estonian,2,True,0
1072,1030,Basque,Content Language: Basque,Content Language,Basque,,,Content Language > Basque,2,True,0
1073,1030,Farsi,Content Language: Farsi,Content Language,Farsi,,,Content Language > Farsi,2,True,0
1074,1030,Fula,Content Language: Fula,Content Language,Fula,,,Content Language > Fula,2,True,0
1075,1030,Finnish,Content Language: Finnish,Content Language,Finnish,,,Content Language > Finnish,2,True,0
1076,1030,Fijian,Content Language: Fijian,Content Language,Fijian,,,Content Language > Fijian,2,True,0
1077,1030,Faroese,Content Language: Faroese,Content Language,Faroese,,,Content Language > Faroese,2,True,0
1078,1030,French,Content Language: French,Content Language,French,,,Content Language > French,2,True,0
1079,1030,Western Frisian,Content Language: Western Frisian,Content Language,Western Frisian,,,Content Language > Western Frisian,2,True,0
1080,1030,Irish,Content Language: Irish,Content Language,Irish,,,Content Language > Irish,2,True,0
1081,1030,Scottish Gaelic,Content Language: Scottish Gaelic,Content Language,Scottish Gaelic,,,Content Language > Scottish Gaelic,2,True,0
1082,1030,Galician,Content Language: Galician,Content Language,Galician,,,Content Language > Galician,2,True,0
1083,1030,Guarani,Content Language: Guarani,Content Language,Guarani,,,Content Language > Guarani,2,True,0
1084,1030,Gujarati,Content Language: Gujarati,Content Language,Gujarati,,,Content Language > Gujarati,2,True,0
1085,1030,Manx,Content Language: Manx,Content Language,Manx,,,Content Language > Manx,2,True,0
1086,1030,Hausa,Content Language: Hausa,Content Language,Hausa,,,Content Language > Hausa,2,True,0
1087,1030,Hebrew,Content Language: Hebrew,Content Language,Hebrew,,,Content Language > Hebrew,2,True,0
1088,1030,Hindi,Content Language: Hindi,Content Language,Hindi,,,Content Language > Hindi,2,True,0
1089,1030,Hiri Motu,Content Language: Hiri Motu,Content Language,Hiri Motu,,,Content Language > Hiri Motu,2,True,0
1090,1030,Croatian,Content Language: Croatian,Content Language,Croatian,,,Content Language > Croatian,2,True,0
1091,1030,Haitian,Content Language: Haitian,Content Language,Haitian,,,Content Language > Haitian,2,True,0
1092,1030,Hungarian,Content Language: Hungarian,Content Language,Hungarian,,,Content Language > Hungarian,2,True,0
1093,1030,Armenian,Content Language: Armenian,Content Language,Armenian,,,Content Language > Armenian,2,True,0
1094,1030,Herero,Content Language: Herero,Content Language,Herero,,,Content Language > Herero,2,True,0
1095,1030,Interlingua,Content Language: Interlingua,Content Language,Interlingua,,,Content Language > Interlingua,2,True,0
1096,1030,Indonesian,Content Language: Indonesian,Content Language,Indonesian,,,Content Language > Indonesian,2,True,0
1097,1030,Interlingue,Content Language: Interlingue,Content Language,Interlingue,,,Content Language > Interlingue,2,True,0
1098,1030,Igbo,Content Language: Igbo,Content Language,Igbo,,,Content Language > Igbo,2,True,0
1099,1030,Nuosu,Content Language: Nuosu,Content Language,Nuosu,,,Content Language > Nuosu,2,True,0
1100,1030,Inupiaq,Content Language: Inupiaq,Content Language,Inupiaq,,,Content Language > Inupiaq,2,True,0
1101,1030,Ido,Content Language: Ido,Content Language,Ido,,,Content Language > Ido,2,True,0
1102,1030,Icelandic,Content Language: Icelandic,Content Language,Icelandic,,,Content Language > Icelandic,2,True,0
1103,1030,Italian,Content Language: Italian,Content Language,Italian,,,Content Language > Italian,2,True,0
1104,1030,Inuktitut,Content Language: Inuktitut,Content Language,Inuktitut,,,Content Language > Inuktitut,2,True,0
1105,1030,Japanese,Content Language: Japanese,Content Language,Japanese,,,Content Language > Japanese,2,True,0
1106,1030,Javanese,Content Language: Javanese,Content Language,Javanese,,,Content Language > Javanese,2,True,0
1107,1030,Georgian,Content Language: Georgian,Content Language,Georgian,,,Content Language > Georgian,2,True,0
1108,1030,Kongo,Content Language: Kongo,Content Language,Kongo,,,Content Language > Kongo,2,True,0
1109,1030,Kikuyu,Content Language: Kikuyu,Content Language,Kikuyu,,,Content Language > Kikuyu,2,True,0
1110,1030,Kwanyama,Content Language: Kwanyama,Content Language,Kwanyama,,,Content Language > Kwanyama,2,True,0
1111,1030,Kazakh,Content Language: Kazakh,Content Language,Kazakh,,,Content Language > Kazakh,2,True,0
1112,1030,Kalaallisut,Content Language: Kalaallisut,Content Language,Kalaallisut,,,Content Language > Kalaallisut,2,True,0
1113,1030,Khmer,Content Language: Khmer,Content Language,Khmer,,,Content Language > Khmer,2,True,0
1114,1030,Kannada,Content Language: Kannada,Content Language,Kannada,,,Content Language > Kannada,2,True,0
1115,1030,Korean,Content Language: Korean,Content Language,Korean,,,Content Language > Korean,2,True,0
1116,1030,Kanuri,Content Language: Kanuri,Content Language,Kanuri,,,Content Language > Kanuri,2,True,0
1117,1030,Kashmiri,Content Language: Kashmiri,Content Language,Kashmiri,,,Content Language > Kashmiri,2,True,0
1118,1030,Kurdish,Content Language: Kurdish,Content Language,Kurdish,,,Content Language > Kurdish,2,True,0
1119,1030,Komi,Content Language: Komi,Content Language,Komi,,,Content Language > Komi,2,True,0
1120,1030,Cornish,Content Language: Cornish,Content Language,Cornish,,,Content Language > Cornish,2,True,0
1121,1030,Kyrgyz,Content Language: Kyrgyz,Content Language,Kyrgyz,,,Content Language > Kyrgyz,2,True,0
1122,1030,Latin,Content Language: Latin,Content Language,Latin,,,Content Language > Latin,2,True,0
1123,1030,Luxembourgish,Content Language: Luxembourgish,Content Language,Luxembourgish,,,Content Language > Luxembourgish,2,True,0
1124,1030,Ganda,Content Language: Ganda,Content Language,Ganda,,,Content Language > Ganda,2,True,0
1125,1030,Limburgish,Content Language: Limburgish,Content Language,Limburgish,,,Content Language > Limburgish,2,True,0
1126,1030,Lingala,Content Language: Lingala,Content Language,Lingala,,,Content Language > Lingala,2,True,0
1127,1030,Lao,Content Language: Lao,Content Language,Lao,,,Content Language > Lao,2,True,0
1128,1030,Lithuanian,Content Language: Lithuanian,Content Language,Lithuanian,,,Content Language > Lithuanian,2,True,0
1129,1030,Luba-Katanga,Content Language: Luba-Katanga,Content Language,Luba-Katanga,,,Content Language > Luba-Katanga,2,True,0
1130,1030,Latvian,Content Language: Latvian,Content Language,Latvian,,,Content Language > Latvian,2,True,0
1131,1030,Malagasy,Content Language: Malagasy,Content Language,Malagasy,,,Content Language > Malagasy,2,True,0
1132,1030,Marshallese,Content Language: Marshallese,Content Language,Marshallese,,,Content Language > Marshallese,2,True,0
1133,1030,Māori,Content Language: Māori,Content Language,Māori,,,Content Language > Māori,2,True,0
1134,1030,Macedonian,Content Language: Macedonian,Content Language,Macedonian,,,Content Language > Macedonian,2,True,0
1135,1030,Malayalam,Content Language: Malayalam,Content Language,Malayalam,,,Content Language > Malayalam,2,True,0
1136,1030,Mongolian,Content Language: Mongolian,Content Language,Mongolian,,,Content Language > Mongolian,2,True,0
1137,1030,Marathi,Content Language: Marathi,Content Language,Marathi,,,Content Language > Marathi,2,True,0
1138,1030,Malay,Content Language: Malay,Content Language,Malay,,,Content Language > Malay,2,True,0
1139,1030,Maltese,Content Language: Maltese,Content Language,Maltese,,,Content Language > Maltese,2,True,0
1140,1030,Burmese,Content Language: Burmese,Content Language,Burmese,,,Content Language > Burmese,2,True,0
1141,1030,Nauruan,Content Language: Nauruan,Content Language,Nauruan,,,Content Language > Nauruan,2,True,0
1142,1030,Norwegian Bokmal,Content Language: Norwegian Bokmal,Content Language,Norwegian Bokmal,,,Content Language > Norwegian Bokmal,2,True,0
1143,1030,Northern Ndebele,Content Language: Northern Ndebele,Content Language,Northern Ndebele,,,Content Language > Northern Ndebele,2,True,0
1144,1030,Nepali,Content Language: Nepali,Content Language,Nepali,,,Content Language > Nepali,2,True,0
1145,1030,Ndonga,Content Language: Ndonga,Content Language,Ndonga,,,Content Language > Ndonga,2,True,0
1146,1030,Dutch,Content Language: Dutch,Content Language,Dutch,,,Content Language > Dutch,2,True,0
1147,1030,Norwegian Nynorsk,Content Language: Norwegian Nynorsk,Content Language,Norwegian Nynorsk,,,Content Language > Norwegian Nynorsk,2,True,0
1148,1030,Norwegian,Content Language: Norwegian,Content Language,Norwegian,,,Content Language > Norwegian,2,True,0
1149,1030,Southern Ndebele,Content Language: Southern Ndebele,Content Language,Southern Ndebele,,,Content Language > Southern Ndebele,2,True,0
1150,1030,Navajo,Content Language: Navajo,Content Language,Navajo,,,Content Language > Navajo,2,True,0
1151,1030,Chichewa,Content Language: Chichewa,Content Language,Chichewa,,,Content Language > Chichewa,2,True,0
1152,1030,Occitan,Content Language: Occitan,Content Language,Occitan,,,Content Language > Occitan,2,True,0
1153,1030,Ojibwe,Content Language: Ojibwe,Content Language,Ojibwe,,,Content Language > Ojibwe,2,True,0
1154,1030,Oromo,Content Language: Oromo,Content Language,Oromo,,,Content Language > Oromo,2,True,0
1155,1030,Oriya,Content Language: Oriya,Content Language,Oriya,,,Content Language > Oriya,2,True,0
1156,1030,Ossetian,Content Language: Ossetian,Content Language,Ossetian,,,Content Language > Ossetian,2,True,0
1157,1030,Punjabi,Content Language: Punjabi,Content Language,Punjabi,,,Content Language > Punjabi,2,True,0
1158,1030,Pali,Content Language: Pali,Content Language,Pali,,,Content Language > Pali,2,True,0
1159,1030,Polish,Content Language: Polish,Content Language,Polish,,,Content Language > Polish,2,True,0
1160,1030,Pashto,Content Language: Pashto,Content Language,Pashto,,,Content Language > Pashto,2,True,0
1161,1030,Portuguese,Content Language: Portuguese,Content Language,Portuguese,,,Content Language > Portuguese,2,True,0
1162,1030,Quechua,Content Language: Quechua,Content Language,Quechua,,,Content Language > Quechua,2,True,0
1163,1030,Romansh,Content Language: Romansh,Content Language,Romansh,,,Content Language > Romansh,2,True,0
1164,1030,Kirundi,Content Language: Kirundi,Content Language,Kirundi,,,Content Language > Kirundi,2,True,0
1165,1030,Romanian,Content Language: Romanian,Content Language,Romanian,,,Content Language > Romanian,2,True,0
1166,1030,Russian,Content Language: Russian,Content Language,Russian,,,Content Language > Russian,2,True,0
1167,1030,Kinyarwanda,Content Language: Kinyarwanda,Content Language,Kinyarwanda,,,Content Language > Kinyarwanda,2,True,0
1168,1030,Sanskrit,Content Language: Sanskrit,Content Language,Sanskrit,,,Content Language > Sanskrit,2,True,0
1169,1030,Sardinian,Content Language: Sardinian,Content Language,Sardinian,,,Content Language > Sardinian,2,True,0
1170,1030,Sindhi,Content Language: Sindhi,Content Language,Sindhi,,,Content Language > Sindhi,2,True,0
1171,1030,Northern Sami,Content Language: Northern Sami,Content Language,Northern Sami,,,Content Language > Northern Sami,2,True,0
1172,1030,Sango,Content Language: Sango,Content Language,Sango,,,Content Language > Sango,2,True,0
1173,1030,Sinhala,Content Language: Sinhala,Content Language,Sinhala,,,Content Language > Sinhala,2,True,0
1174,1030,Slovak,Content Language: Slovak,Content Language,Slovak,,,Content Language > Slovak,2,True,0
1175,1030,Slovene,Content Language: Slovene,Content Language,Slovene,,,Content Language > Slovene,2,True,0
1176,1030,Samoan,Content Language: Samoan,Content Language,Samoan,,,Content Language > Samoan,2,True,0
1177,1030,Shona,Content Language: Shona,Content Language,Shona,,,Content Language > Shona,2,True,0
1178,1030,Somali,Content Language: Somali,Content Language,Somali,,,Content Language > Somali,2,True,0
1179,1030,Albanian,Content Language: Albanian,Content Language,Albanian,,,Content Language > Albanian,2,True,0
1180,1030,Serbian,Content Language: Serbian,Content Language,Serbian,,,Content Language > Serbian,2,True,0
1181,1030,Swati,Content Language: Swati,Content Language,Swati,,,Content Language > Swati,2,True,0
1182,1030,Southern Sotho,Content Language: Southern Sotho,Content Language,Southern Sotho,,,Content Language > Southern Sotho,2,True,0
1183,1030,Sundanese,Content Language: Sundanese,Content Language,Sundanese,,,Content Language > Sundanese,2,True,0
1184,1030,Swedish,Content Language: Swedish,Content Language,Swedish,,,Content Language > Swedish,2,True,0
1185,1030,Swahili,Content Language: Swahili,Content Language,Swahili,,,Content Language > Swahili,2,True,0
1186,1030,Tamil,Content Language: Tamil,Content Language,Tamil,,,Content Language > Tamil,2,True,0
1187,1030,Telugu,Content Language: Telugu,Content Language,Telugu,,,Content Language > Telugu,2,True,0
1188,1030,Tajik,Content Language: Tajik,Content Language,Tajik,,,Content Language > Tajik,2,True,0
1189,1030,Thai,Content Language: Thai,Content Language,Thai,,,Content Language > Thai,2,True,0
1190,1030,Tigrinya,Content Language: Tigrinya,Content Language,Tigrinya,,,Content Language > Tigrinya,2,True,0
1191,1030,Turkmen,Content Language: Turkmen,Content Language,Turkmen,,,Content Language > Turkmen,2,True,0
1192,1030,Tagalog,Content Language: Tagalog,Content Language,Tagalog,,,Content Language > Tagalog,2,True,0
1193,1030,Tswana,Content Language: Tswana,Content Language,Tswana,,,Content Language > Tswana,2,True,0
1194,1030,Tonga,Content Language: Tonga,Content Language,Tonga,,,Content Language > Tonga,2,True,0
1195,1030,Turkish,Content Language: Turkish,Content Language,Turkish,,,Content Language > Turkish,2,True,0
1196,1030,Tsonga,Content Language: Tsonga,Content Language,Tsonga,,,Content Language > Tsonga,2,True,0
1197,1030,Tatar,Content Language: Tatar,Content Language,Tatar,,,Content Language > Tatar,2,True,0
1198,1030,Twi,Content Language: Twi,Content Language,Twi,,,Content Language > Twi,2,True,0
1199,1030,Tahitian,Content Language: Tahitian,Content Language,Tahitian,,,Content Language > Tahitian,2,True,0
1200,1030,Uyghur,Content Language: Uyghur,Content Language,Uyghur,,,Content Language > Uyghur,2,True,0
1201,1030,Ukrainian,Content Language: Ukrainian,Content Language,Ukrainian,,,Content Language > Ukrainian,2,True,0
1202,1030,Urdu,Content Language: Urdu,Content Language,Urdu,,,Content Language > Urdu,2,True,0
1203,1030,Uzbek,Content Language: Uzbek,Content Language,Uzbek,,,Content Language > Uzbek,2,True,0
1204,1030,Venda,Content Language: Venda,Content Language,Venda,,,Content Language > Venda,2,True,0
1205,1030,Vietnamese,Content Language: Vietnamese,Content Language,Vietnamese,,,Content Language > Vietnamese,2,True,0
1206,1030,Volapuk,Content Language: Volapuk,Content Language,Volapuk,,,Content Language > Volapuk,2,True,0
1207,1030,Walloon,Content Language: Walloon,Content Language,Walloon,,,Content Language > Walloon,2,True,0
1208,1030,Wolof,Content Language: Wolof,Content Language,Wolof,,,Content Language > Wolof,2,True,0
1209,1030,Xhosa,Content Language: Xhosa,Content Language,Xhosa,,,Content Language > Xhosa,2,True,0
1210,1030,Yiddish,Content Language: Yiddish,Content Language,Yiddish,,,Content Language > Yiddish,2,True,0
1211,1030,Yoruba,Content Language: Yoruba,Content Language,Yoruba,,,Content Language > Yoruba,2,True,0
1212,1030,Zhuang,Content Language: Zhuang,Content Language,Zhuang,,,Content Language > Zhuang,2,True,0
1213,1030,Chinese,Content Language: Chinese,Content Language,Chinese,,,Content Language > Chinese,2,True,0
1214,1030,Zulu,Content Language: Zulu,Content Language,Zulu,,,Content Language > Zulu,2,True,0
1219,,Content Source Geo,Content Source Geo: Content Source Geo,Content Source Geo,,,,Content Source Geo,1,False,5
1220,1219,Continent,Content Source Geo: Continent,Content Source Geo,Continent,,,Content Source Geo > Continent,2,False,7
1221,1220,Asia,Content Source Geo: Asia,Content Source Geo,Continent,Asia,,Content Source Geo > Continent > Asia,3,True,0
1222,1220,Africa,Content Source Geo: Africa,Content Source Geo,Continent,Africa,,Content Source Geo > Continent > Africa,3,True,0
1223,1220,North America,Content Source Geo: North America,Content Source Geo,Continent,North America,,Content Source Geo > Continent > North America,3,True,0
1224,1220,South America,Content Source Geo: South America,Content Source Geo,Continent,South America,,Content Source Geo > Continent > South America,3,True,0
1225,1220,Antarctica,Content Source Geo: Antarctica,Content Source Geo,Continent,Antarctica,,Content Source Geo > Continent > Antarctica,3,True,0
1226,1220,Europe,Content Source Geo: Europe,Content Source Geo,Continent,Europe,,Content Source Geo > Continent > Europe,3,True,0
1227,1220,Antarctica,Content Source Geo: Antarctica,Content Source Geo,Continent,Antarctica,,Content Source Geo > Continent > Antarctica,3,True,0
1228,1219,Country,Content Source Geo: Country,Content Source Geo,Country,,,Content Source Geo > Country,2,False,249
1229,1228,Afghanistan,Content Source Geo: Afghanistan,Content Source Geo,Country,Afghanistan,,Content Source Geo > Country > Afghanistan,3,True,0
1230,1228,Aland Islands,Content Source Geo: Aland Islands,Content Source Geo,Country,Aland Islands,,Content Source Geo > Country > Aland Islands,3,True,0
1231,1228,Albania,Content Source Geo: Albania,Content Source Geo,Country,Albania,,Content Source Geo > Country > Albania,3,True,0
1232,1228,Algeria,Content Source Geo: Algeria,Content Source Geo,Country,Algeria,,Content Source Geo > Country > Algeria,3,True,0
1233,1228,American Samoa,Content Source Geo: American Samoa,Content Source Geo,Country,American Samoa,,Content Source Geo > Country > American Samoa,3,True,0
1234,1228,Andorra,Content Source Geo: Andorra,Content Source Geo,Country,Andorra,,Content Source Geo > Country > Andorra,3,True,0
1235,1228,Angola,Content Source Geo: Angola,Content Source Geo,Country,Angola,,Content Source Geo > Country > Angola,3,True,0
1236,1228,Anguilla,Content Source Geo: Anguilla,Content Source Geo,Country,Anguilla,,Content Source Geo > Country > Anguilla,3,True,0
1237,1228,Antarctica,Content Source Geo: Antarctica,Content Source Geo,Country,Antarctica,,Content Source Geo > Country > Antarctica,3,True,0
1238,1228,Antigua and Barbuda,Content Source Geo: Antigua and Barbuda,Content Source Geo,Country,Antigua and Barbuda,,Content Source Geo > Country > Antigua and Barbuda,3,True,0
1239,1228,Argentina,Content Source Geo: Argentina,Content Source Geo,Country,Argentina,,Content Source Geo > Country > Argentina,3,True,0
1240,1228,Armenia,Content Source Geo: Armenia,Content Source Geo,Country,Armenia,,Content Source Geo > Country > Armenia,3,True,0
1241,1228,Aruba,Content Source Geo: Aruba,Content Source Geo,Country,Aruba,,Content Source Geo > Country > Aruba,3,True,0
1242,1228,Australia,Content Source Geo: Australia,Content Source Geo,Country,Australia,,Content Source Geo > Country > Australia,3,True,0
1243,1228,Austria,Content Source Geo: Austria,Content Source Geo,Country,Austria,,Content Source Geo > Country > Austria,3,True,0
1244,1228,Azerbaijan,Content Source Geo: Azerbaijan,Content Source Geo,Country,Azerbaijan,,Content Source Geo > Country > Azerbaijan,3,True,0
1245,1228,Bahrain,Content Source Geo: Bahrain,Content Source Geo,Country,Bahrain,,Content Source Geo > Country > Bahrain,3,True,0
1246,1228,Bangladesh,Content Source Geo: Bangladesh,Content Source Geo,Country,Bangladesh,,Content Source Geo > Country > Bangladesh,3,True,0
1247,1228,Barbados,Content Source Geo: Barbados,Content Source Geo,Country,Barbados,,Content Source Geo > Country > Barbados,3,True,0
1248,1228,Belarus,Content Source Geo: Belarus,Content Source Geo,Country,Belarus,,Content Source Geo > Country > Belarus,3,True,0
1249,1228,Belgium,Content Source Geo: Belgium,Content Source Geo,Country,Belgium,,Content Source Geo > Country > Belgium,3,True,0
1250,1228,Belize,Content Source Geo: Belize,Content Source Geo,Country,Belize,,Content Source Geo > Country > Belize,3,True,0
1251,1228,Benin,Content Source Geo: Benin,Content Source Geo,Country,Benin,,Content Source Geo > Country > Benin,3,True,0
1252,1228,Bermuda,Content Source Geo: Bermuda,Content Source Geo,Country,Bermuda,,Content Source Geo > Country > Bermuda,3,True,0
1253,1228,Bhutan,Content Source Geo: Bhutan,Content Source Geo,Country,Bhutan,,Content Source Geo > Country > Bhutan,3,True,0
1254,1228,Bolivarian Republic of Venezuela,Content Source Geo: Bolivarian Republic of Venezuela,Content Source Geo,Country,Bolivarian Republic of Venezuela,,Content Source Geo > Country > Bolivarian Republic of Venezuela,3,True,0
1255,1228,Bolivia,Content Source Geo: Bolivia,Content Source Geo,Country,Bolivia,,Content Source Geo > Country > Bolivia,3,True,0
1256,1228,"Bonaire, Sint Eustatius and Saba","Content Source Geo: Bonaire, Sint Eustatius and Saba",Content Source Geo,Country,"Bonaire, Sint Eustatius and Saba",,"Content Source Geo > Country > Bonaire, Sint Eustatius and Saba",3,True,0
1257,1228,Bosnia and Herzegovina,Content Source Geo: Bosnia and Herzegovina,Content Source Geo,Country,Bosnia and Herzegovina,,Content Source Geo > Country > Bosnia and Herzegovina,3,True,0
1258,1228,Botswana,Content Source Geo: Botswana,Content Source Geo,Country,Botswana,,Content Source Geo > Country > Botswana,3,True,0
1259,1228,Bouvet Island,Content Source Geo: Bouvet Island,Content Source Geo,Country,Bouvet Island,,Content Source Geo > Country > Bouvet Island,3,True,0
1260,1228,Brazil,Content Source Geo: Brazil,Content Source Geo,Country,Brazil,,Content Source Geo > Country > Brazil,3,True,0
1261,1228,British Virgin Islands,Content Source Geo: British Virgin Islands,Content Source Geo,Country,British Virgin Islands,,Content Source Geo > Country > British Virgin Islands,3,True,0
1262,1228,Brunei Darussalam,Content Source Geo: Brunei Darussalam,Content Source Geo,Country,Brunei Darussalam,,Content Source Geo > Country > Brunei Darussalam,3,True,0
1263,1228,Bulgaria,Content Source Geo: Bulgaria,Content Source Geo,Country,Bulgaria,,Content Source Geo > Country > Bulgaria,3,True,0
1264,1228,Burkina Faso,Content Source Geo: Burkina Faso,Content Source Geo,Country,Burkina Faso,,Content Source Geo > Country > Burkina Faso,3,True,0
1265,1228,Burundi,Content Source Geo: Burundi,Content Source Geo,Country,Burundi,,Content Source Geo > Country > Burundi,3,True,0
1266,1228,Cabo Verde,Content Source Geo: Cabo Verde,Content Source Geo,Country,Cabo Verde,,Content Source Geo > Country > Cabo Verde,3,True,0
1267,1228,Cambodia,Content Source Geo: Cambodia,Content Source Geo,Country,Cambodia,,Content Source Geo > Country > Cambodia,3,True,0
1268,1228,Cameroon,Content Source Geo: Cameroon,Content Source Geo,Country,Cameroon,,Content Source Geo > Country > Cameroon,3,True,0
1269,1228,Canada,Content Source Geo: Canada,Content Source Geo,Country,Canada,,Content Source Geo > Country > Canada,3,True,0
1270,1228,Chad,Content Source Geo: Chad,Content Source Geo,Country,Chad,,Content Source Geo > Country > Chad,3,True,0
1271,1228,Chile,Content Source Geo: Chile,Content Source Geo,Country,Chile,,Content Source Geo > Country > Chile,3,True,0
1272,1228,China,Content Source Geo: China,Content Source Geo,Country,China,,Content Source Geo > Country > China,3,True,0
1273,1228,Christmas Island,Content Source Geo: Christmas Island,Content Source Geo,Country,Christmas Island,,Content Source Geo > Country > Christmas Island,3,True,0
1274,1228,Colombia,Content Source Geo: Colombia,Content Source Geo,Country,Colombia,,Content Source Geo > Country > Colombia,3,True,0
1275,1228,Costa Rica,Content Source Geo: Costa Rica,Content Source Geo,Country,Costa Rica,,Content Source Geo > Country > Costa Rica,3,True,0
1276,1228,Cote d'Ivoire,Content Source Geo: Cote d'Ivoire,Content Source Geo,Country,Cote d'Ivoire,,Content Source Geo > Country > Cote d'Ivoire,3,True,0
1277,1228,Croatia,Content Source Geo: Croatia,Content Source Geo,Country,Croatia,,Content Source Geo > Country > Croatia,3,True,0
1278,1228,Cuba,Content Source Geo: Cuba,Content Source Geo,Country,Cuba,,Content Source Geo > Country > Cuba,3,True,0
1279,1228,Curaçao,Content Source Geo: Curaçao,Content Source Geo,Country,Curaçao,,Content Source Geo > Country > Curaçao,3,True,0
1280,1228,Cyprus,Content Source Geo: Cyprus,Content Source Geo,Country,Cyprus,,Content Source Geo > Country > Cyprus,3,True,0
1281,1228,Czechia,Content Source Geo: Czechia,Content Source Geo,Country,Czechia,,Content Source Geo > Country > Czechia,3,True,0
1282,1228,Denmark,Content Source Geo: Denmark,Content Source Geo,Country,Denmark,,Content Source Geo > Country > Denmark,3,True,0
1283,1228,Djibouti,Content Source Geo: Djibouti,Content Source Geo,Country,Djibouti,,Content Source Geo > Country > Djibouti,3,True,0
1284,1228,Dominica,Content Source Geo: Dominica,Content Source Geo,Country,Dominica,,Content Source Geo > Country > Dominica,3,True,0
1285,1228,Ecuador,Content Source Geo: Ecuador,Content Source Geo,Country,Ecuador,,Content Source Geo > Country > Ecuador,3,True,0
1286,1228,Egypt,Content Source Geo: Egypt,Content Source Geo,Country,Egypt,,Content Source Geo > Country > Egypt,3,True,0
1287,1228,El Salvador,Content Source Geo: El Salvador,Content Source Geo,Country,El Salvador,,Content Source Geo > Country > El Salvador,3,True,0
1288,1228,Equatorial Guinea,Content Source Geo: Equatorial Guinea,Content Source Geo,Country,Equatorial Guinea,,Content Source Geo > Country > Equatorial Guinea,3,True,0
1289,1228,Eritrea,Content Source Geo: Eritrea,Content Source Geo,Country,Eritrea,,Content Source Geo > Country > Eritrea,3,True,0
1290,1228,Estonia,Content Source Geo: Estonia,Content Source Geo,Country,Estonia,,Content Source Geo > Country > Estonia,3,True,0
1291,1228,Ethiopia,Content Source Geo: Ethiopia,Content Source Geo,Country,Ethiopia,,Content Source Geo > Country > Ethiopia,3,True,0
1292,1228,Federated States of Micronesia,Content Source Geo: Federated States of Micronesia,Content Source Geo,Country,Federated States of Micronesia,,Content Source Geo > Country > Federated States of Micronesia,3,True,0
1293,1228,Fiji,Content Source Geo: Fiji,Content Source Geo,Country,Fiji,,Content Source Geo > Country > Fiji,3,True,0
1294,1228,Finland,Content Source Geo: Finland,Content Source Geo,Country,Finland,,Content Source Geo > Country > Finland,3,True,0
1295,1228,France,Content Source Geo: France,Content Source Geo,Country,France,,Content Source Geo > Country > France,3,True,0
1296,1228,French Guiana,Content Source Geo: French Guiana,Content Source Geo,Country,French Guiana,,Content Source Geo > Country > French Guiana,3,True,0
1297,1228,French Polynesia,Content Source Geo: French Polynesia,Content Source Geo,Country,French Polynesia,,Content Source Geo > Country > French Polynesia,3,True,0
1298,1228,Gabon,Content Source Geo: Gabon,Content Source Geo,Country,Gabon,,Content Source Geo > Country > Gabon,3,True,0
1299,1228,Georgia,Content Source Geo: Georgia,Content Source Geo,Country,Georgia,,Content Source Geo > Country > Georgia,3,True,0
1300,1228,Germany,Content Source Geo: Germany,Content Source Geo,Country,Germany,,Content Source Geo > Country > Germany,3,True,0
1301,1228,Ghana,Content Source Geo: Ghana,Content Source Geo,Country,Ghana,,Content Source Geo > Country > Ghana,3,True,0
1302,1228,Gibraltar,Content Source Geo: Gibraltar,Content Source Geo,Country,Gibraltar,,Content Source Geo > Country > Gibraltar,3,True,0
1303,1228,Greece,Content Source Geo: Greece,Content Source Geo,Country,Greece,,Content Source Geo > Country > Greece,3,True,0
1304,1228,Greenland,Content Source Geo: Greenland,Content Source Geo,Country,Greenland,,Content Source Geo > Country > Greenland,3,True,0
1305,1228,Grenada,Content Source Geo: Grenada,Content Source Geo,Country,Grenada,,Content Source Geo > Country > Grenada,3,True,0
1306,1228,Guadeloupe,Content Source Geo: Guadeloupe,Content Source Geo,Country,Guadeloupe,,Content Source Geo > Country > Guadeloupe,3,True,0
1307,1228,Guam,Content Source Geo: Guam,Content Source Geo,Country,Guam,,Content Source Geo > Country > Guam,3,True,0
1308,1228,Guatemala,Content Source Geo: Guatemala,Content Source Geo,Country,Guatemala,,Content Source Geo > Country > Guatemala,3,True,0
1309,1228,Guernsey,Content Source Geo: Guernsey,Content Source Geo,Country,Guernsey,,Content Source Geo > Country > Guernsey,3,True,0
1310,1228,Guinea,Content Source Geo: Guinea,Content Source Geo,Country,Guinea,,Content Source Geo > Country > Guinea,3,True,0
1311,1228,Guinea-Bissau,Content Source Geo: Guinea-Bissau,Content Source Geo,Country,Guinea-Bissau,,Content Source Geo > Country > Guinea-Bissau,3,True,0
1312,1228,Guyana,Content Source Geo: Guyana,Content Source Geo,Country,Guyana,,Content Source Geo > Country > Guyana,3,True,0
1313,1228,Haiti,Content Source Geo: Haiti,Content Source Geo,Country,Haiti,,Content Source Geo > Country > Haiti,3,True,0
1314,1228,Heard Island and McDonald Islands,Content Source Geo: Heard Island and McDonald Islands,Content Source Geo,Country,Heard Island and McDonald Islands,,Content Source Geo > Country > Heard Island and McDonald Islands,3,True,0
1315,1228,Honduras,Content Source Geo: Honduras,Content Source Geo,Country,Honduras,,Content Source Geo > Country > Honduras,3,True,0
1316,1228,Hong Kong,Content Source Geo: Hong Kong,Content Source Geo,Country,Hong Kong,,Content Source Geo > Country > Hong Kong,3,True,0
1317,1228,Hungary,Content Source Geo: Hungary,Content Source Geo,Country,Hungary,,Content Source Geo > Country > Hungary,3,True,0
1318,1228,Iceland,Content Source Geo: Iceland,Content Source Geo,Country,Iceland,,Content Source Geo > Country > Iceland,3,True,0
1319,1228,India,Content Source Geo: India,Content Source Geo,Country,India,,Content Source Geo > Country > India,3,True,0
1320,1228,Indonesia,Content Source Geo: Indonesia,Content Source Geo,Country,Indonesia,,Content Source Geo > Country > Indonesia,3,True,0
1321,1228,Iraq,Content Source Geo: Iraq,Content Source Geo,Country,Iraq,,Content Source Geo > Country > Iraq,3,True,0
1322,1228,Ireland,Content Source Geo: Ireland,Content Source Geo,Country,Ireland,,Content Source Geo > Country > Ireland,3,True,0
1323,1228,Islamic Republic of Iran,Content Source Geo: Islamic Republic of Iran,Content Source Geo,Country,Islamic Republic of Iran,,Content Source Geo > Country > Islamic Republic of Iran,3,True,0
1324,1228,Isle of Man,Content Source Geo: Isle of Man,Content Source Geo,Country,Isle of Man,,Content Source Geo > Country > Isle of Man,3,True,0
1325,1228,Israel,Content Source Geo: Israel,Content Source Geo,Country,Israel,,Content Source Geo > Country > Israel,3,True,0
1326,1228,Italy,Content Source Geo: Italy,Content Source Geo,Country,Italy,,Content Source Geo > Country > Italy,3,True,0
1327,1228,Jamaica,Content Source Geo: Jamaica,Content Source Geo,Country,Jamaica,,Content Source Geo > Country > Jamaica,3,True,0
1328,1228,Japan,Content Source Geo: Japan,Content Source Geo,Country,Japan,,Content Source Geo > Country > Japan,3,True,0
1329,1228,Jersey,Content Source Geo: Jersey,Content Source Geo,Country,Jersey,,Content Source Geo > Country > Jersey,3,True,0
1330,1228,Jordan,Content Source Geo: Jordan,Content Source Geo,Country,Jordan,,Content Source Geo > Country > Jordan,3,True,0
1331,1228,Kazakhstan,Content Source Geo: Kazakhstan,Content Source Geo,Country,Kazakhstan,,Content Source Geo > Country > Kazakhstan,3,True,0
1332,1228,Kenya,Content Source Geo: Kenya,Content Source Geo,Country,Kenya,,Content Source Geo > Country > Kenya,3,True,0
1333,1228,Kiribati,Content Source Geo: Kiribati,Content Source Geo,Country,Kiribati,,Content Source Geo > Country > Kiribati,3,True,0
1334,1228,Kuwait,Content Source Geo: Kuwait,Content Source Geo,Country,Kuwait,,Content Source Geo > Country > Kuwait,3,True,0
1335,1228,Kyrgyzstan,Content Source Geo: Kyrgyzstan,Content Source Geo,Country,Kyrgyzstan,,Content Source Geo > Country > Kyrgyzstan,3,True,0
1336,1228,Latvia,Content Source Geo: Latvia,Content Source Geo,Country,Latvia,,Content Source Geo > Country > Latvia,3,True,0
1337,1228,Lebanon,Content Source Geo: Lebanon,Content Source Geo,Country,Lebanon,,Content Source Geo > Country > Lebanon,3,True,0
1338,1228,Lesotho,Content Source Geo: Lesotho,Content Source Geo,Country,Lesotho,,Content Source Geo > Country > Lesotho,3,True,0
1339,1228,Liberia,Content Source Geo: Liberia,Content Source Geo,Country,Liberia,,Content Source Geo > Country > Liberia,3,True,0
1340,1228,Libya,Content Source Geo: Libya,Content Source Geo,Country,Libya,,Content Source Geo > Country > Libya,3,True,0
1341,1228,Liechtenstein,Content Source Geo: Liechtenstein,Content Source Geo,Country,Liechtenstein,,Content Source Geo > Country > Liechtenstein,3,True,0
1342,1228,Lithuania,Content Source Geo: Lithuania,Content Source Geo,Country,Lithuania,,Content Source Geo > Country > Lithuania,3,True,0
1343,1228,Luxembourg,Content Source Geo: Luxembourg,Content Source Geo,Country,Luxembourg,,Content Source Geo > Country > Luxembourg,3,True,0
1344,1228,Macao,Content Source Geo: Macao,Content Source Geo,Country,Macao,,Content Source Geo > Country > Macao,3,True,0
1345,1228,Madagascar,Content Source Geo: Madagascar,Content Source Geo,Country,Madagascar,,Content Source Geo > Country > Madagascar,3,True,0
1346,1228,Malawi,Content Source Geo: Malawi,Content Source Geo,Country,Malawi,,Content Source Geo > Country > Malawi,3,True,0
1347,1228,Malaysia,Content Source Geo: Malaysia,Content Source Geo,Country,Malaysia,,Content Source Geo > Country > Malaysia,3,True,0
1348,1228,Maldives,Content Source Geo: Maldives,Content Source Geo,Country,Maldives,,Content Source Geo > Country > Maldives,3,True,0
1349,1228,Mali,Content Source Geo: Mali,Content Source Geo,Country,Mali,,Content Source Geo > Country > Mali,3,True,0
1350,1228,Malta,Content Source Geo: Malta,Content Source Geo,Country,Malta,,Content Source Geo > Country > Malta,3,True,0
1351,1228,Martinique,Content Source Geo: Martinique,Content Source Geo,Country,Martinique,,Content Source Geo > Country > Martinique,3,True,0
1352,1228,Mauritania,Content Source Geo: Mauritania,Content Source Geo,Country,Mauritania,,Content Source Geo > Country > Mauritania,3,True,0
1353,1228,Mauritius,Content Source Geo: Mauritius,Content Source Geo,Country,Mauritius,,Content Source Geo > Country > Mauritius,3,True,0
1354,1228,Mayotte,Content Source Geo: Mayotte,Content Source Geo,Country,Mayotte,,Content Source Geo > Country > Mayotte,3,True,0
1355,1228,Mexico,Content Source Geo: Mexico,Content Source Geo,Country,Mexico,,Content Source Geo > Country > Mexico,3,True,0
1356,1228,Monaco,Content Source Geo: Monaco,Content Source Geo,Country,Monaco,,Content Source Geo > Country > Monaco,3,True,0
1357,1228,Mongolia,Content Source Geo: Mongolia,Content Source Geo,Country,Mongolia,,Content Source Geo > Country > Mongolia,3,True,0
1358,1228,Montenegro,Content Source Geo: Montenegro,Content Source Geo,Country,Montenegro,,Content Source Geo > Country > Montenegro,3,True,0
1359,1228,Montserrat,Content Source Geo: Montserrat,Content Source Geo,Country,Montserrat,,Content Source Geo > Country > Montserrat,3,True,0
1360,1228,Morocco,Content Source Geo: Morocco,Content Source Geo,Country,Morocco,,Content Source Geo > Country > Morocco,3,True,0
1361,1228,Mozambique,Content Source Geo: Mozambique,Content Source Geo,Country,Mozambique,,Content Source Geo > Country > Mozambique,3,True,0
1362,1228,Myanmar,Content Source Geo: Myanmar,Content Source Geo,Country,Myanmar,,Content Source Geo > Country > Myanmar,3,True,0
1363,1228,Namibia,Content Source Geo: Namibia,Content Source Geo,Country,Namibia,,Content Source Geo > Country > Namibia,3,True,0
1364,1228,Nauru,Content Source Geo: Nauru,Content Source Geo,Country,Nauru,,Content Source Geo > Country > Nauru,3,True,0
1365,1228,Nepal,Content Source Geo: Nepal,Content Source Geo,Country,Nepal,,Content Source Geo > Country > Nepal,3,True,0
1366,1228,New Caledonia,Content Source Geo: New Caledonia,Content Source Geo,Country,New Caledonia,,Content Source Geo > Country > New Caledonia,3,True,0
1367,1228,New Zealand,Content Source Geo: New Zealand,Content Source Geo,Country,New Zealand,,Content Source Geo > Country > New Zealand,3,True,0
1368,1228,Nicaragua,Content Source Geo: Nicaragua,Content Source Geo,Country,Nicaragua,,Content Source Geo > Country > Nicaragua,3,True,0
1369,1228,Nigeria,Content Source Geo: Nigeria,Content Source Geo,Country,Nigeria,,Content Source Geo > Country > Nigeria,3,True,0
1370,1228,Niue,Content Source Geo: Niue,Content Source Geo,Country,Niue,,Content Source Geo > Country > Niue,3,True,0
1371,1228,Norfolk Island,Content Source Geo: Norfolk Island,Content Source Geo,Country,Norfolk Island,,Content Source Geo > Country > Norfolk Island,3,True,0
1372,1228,Norway,Content Source Geo: Norway,Content Source Geo,Country,Norway,,Content Source Geo > Country > Norway,3,True,0
1373,1228,Oman,Content Source Geo: Oman,Content Source Geo,Country,Oman,,Content Source Geo > Country > Oman,3,True,0
1374,1228,Pakistan,Content Source Geo: Pakistan,Content Source Geo,Country,Pakistan,,Content Source Geo > Country > Pakistan,3,True,0
1375,1228,Palau,Content Source Geo: Palau,Content Source Geo,Country,Palau,,Content Source Geo > Country > Palau,3,True,0
1376,1228,Panama,Content Source Geo: Panama,Content Source Geo,Country,Panama,,Content Source Geo > Country > Panama,3,True,0
1377,1228,Papua New Guinea,Content Source Geo: Papua New Guinea,Content Source Geo,Country,Papua New Guinea,,Content Source Geo > Country > Papua New Guinea,3,True,0
1378,1228,Paraguay,Content Source Geo: Paraguay,Content Source Geo,Country,Paraguay,,Content Source Geo > Country > Paraguay,3,True,0
1379,1228,Peru,Content Source Geo: Peru,Content Source Geo,Country,Peru,,Content Source Geo > Country > Peru,3,True,0
1380,1228,Pitcairn,Content Source Geo: Pitcairn,Content Source Geo,Country,Pitcairn,,Content Source Geo > Country > Pitcairn,3,True,0
1381,1228,Poland,Content Source Geo: Poland,Content Source Geo,Country,Poland,,Content Source Geo > Country > Poland,3,True,0
1382,1228,Portugal,Content Source Geo: Portugal,Content Source Geo,Country,Portugal,,Content Source Geo > Country > Portugal,3,True,0
1383,1228,Puerto Rico,Content Source Geo: Puerto Rico,Content Source Geo,Country,Puerto Rico,,Content Source Geo > Country > Puerto Rico,3,True,0
1384,1228,Qatar,Content Source Geo: Qatar,Content Source Geo,Country,Qatar,,Content Source Geo > Country > Qatar,3,True,0
1385,1228,Reunion,Content Source Geo: Reunion,Content Source Geo,Country,Reunion,,Content Source Geo > Country > Reunion,3,True,0
1386,1228,Romania,Content Source Geo: Romania,Content Source Geo,Country,Romania,,Content Source Geo > Country > Romania,3,True,0
1387,1228,Rwanda,Content Source Geo: Rwanda,Content Source Geo,Country,Rwanda,,Content Source Geo > Country > Rwanda,3,True,0
1388,1228,Saint Barthelemy,Content Source Geo: Saint Barthelemy,Content Source Geo,Country,Saint Barthelemy,,Content Source Geo > Country > Saint Barthelemy,3,True,0
1389,1228,"Saint Helena, Ascension and Tristan da Cunha","Content Source Geo: Saint Helena, Ascension and Tristan da Cunha",Content Source Geo,Country,"Saint Helena, Ascension and Tristan da Cunha",,"Content Source Geo > Country > Saint Helena, Ascension and Tristan da Cunha",3,True,0
1390,1228,Saint Kitts and Nevis,Content Source Geo: Saint Kitts and Nevis,Content Source Geo,Country,Saint Kitts and Nevis,,Content Source Geo > Country > Saint Kitts and Nevis,3,True,0
1391,1228,Saint Lucia,Content Source Geo: Saint Lucia,Content Source Geo,Country,Saint Lucia,,Content Source Geo > Country > Saint Lucia,3,True,0
1392,1228,Saint Martin,Content Source Geo: Saint Martin,Content Source Geo,Country,Saint Martin,,Content Source Geo > Country > Saint Martin,3,True,0
1393,1228,Saint Pierre and Miquelon,Content Source Geo: Saint Pierre and Miquelon,Content Source Geo,Country,Saint Pierre and Miquelon,,Content Source Geo > Country > Saint Pierre and Miquelon,3,True,0
1394,1228,Saint Vincent and the Grenadines,Content Source Geo: Saint Vincent and the Grenadines,Content Source Geo,Country,Saint Vincent and the Grenadines,,Content Source Geo > Country > Saint Vincent and the Grenadines,3,True,0
1395,1228,Samoa,Content Source Geo: Samoa,Content Source Geo,Country,Samoa,,Content Source Geo > Country > Samoa,3,True,0
1396,1228,San Marino,Content Source Geo: San Marino,Content Source Geo,Country,San Marino,,Content Source Geo > Country > San Marino,3,True,0
1397,1228,Sao Tome and Principe,Content Source Geo: Sao Tome and Principe,Content Source Geo,Country,Sao Tome and Principe,,Content Source Geo > Country > Sao Tome and Principe,3,True,0
1398,1228,Saudi Arabia,Content Source Geo: Saudi Arabia,Content Source Geo,Country,Saudi Arabia,,Content Source Geo > Country > Saudi Arabia,3,True,0
1399,1228,Senegal,Content Source Geo: Senegal,Content Source Geo,Country,Senegal,,Content Source Geo > Country > Senegal,3,True,0
1400,1228,Serbia,Content Source Geo: Serbia,Content Source Geo,Country,Serbia,,Content Source Geo > Country > Serbia,3,True,0
1401,1228,Seychelles,Content Source Geo: Seychelles,Content Source Geo,Country,Seychelles,,Content Source Geo > Country > Seychelles,3,True,0
1402,1228,Sierra Leone,Content Source Geo: Sierra Leone,Content Source Geo,Country,Sierra Leone,,Content Source Geo > Country > Sierra Leone,3,True,0
1403,1228,Singapore,Content Source Geo: Singapore,Content Source Geo,Country,Singapore,,Content Source Geo > Country > Singapore,3,True,0
1404,1228,Sint Maarten,Content Source Geo: Sint Maarten,Content Source Geo,Country,Sint Maarten,,Content Source Geo > Country > Sint Maarten,3,True,0
1405,1228,Slovakia,Content Source Geo: Slovakia,Content Source Geo,Country,Slovakia,,Content Source Geo > Country > Slovakia,3,True,0
1406,1228,Slovenia,Content Source Geo: Slovenia,Content Source Geo,Country,Slovenia,,Content Source Geo > Country > Slovenia,3,True,0
1407,1228,Solomon Islands,Content Source Geo: Solomon Islands,Content Source Geo,Country,Solomon Islands,,Content Source Geo > Country > Solomon Islands,3,True,0
1408,1228,Somalia,Content Source Geo: Somalia,Content Source Geo,Country,Somalia,,Content Source Geo > Country > Somalia,3,True,0
1409,1228,South Africa,Content Source Geo: South Africa,Content Source Geo,Country,South Africa,,Content Source Geo > Country > South Africa,3,True,0
1410,1228,South Georgia and the South Sandwich Islands,Content Source Geo: South Georgia and the South Sandwich Islands,Content Source Geo,Country,South Georgia and the South Sandwich Islands,,Content Source Geo > Country > South Georgia and the South Sandwich Islands,3,True,0
1411,1228,South Sudan,Content Source Geo: South Sudan,Content Source Geo,Country,South Sudan,,Content Source Geo > Country > South Sudan,3,True,0
1412,1228,Spain,Content Source Geo: Spain,Content Source Geo,Country,Spain,,Content Source Geo > Country > Spain,3,True,0
1413,1228,Sri Lanka,Content Source Geo: Sri Lanka,Content Source Geo,Country,Sri Lanka,,Content Source Geo > Country > Sri Lanka,3,True,0
1414,1228,State of Palestine,Content Source Geo: State of Palestine,Content Source Geo,Country,State of Palestine,,Content Source Geo > Country > State of Palestine,3,True,0
1415,1228,Suriname,Content Source Geo: Suriname,Content Source Geo,Country,Suriname,,Content Source Geo > Country > Suriname,3,True,0
1416,1228,Svalbard and Jan Mayen,Content Source Geo: Svalbard and Jan Mayen,Content Source Geo,Country,Svalbard and Jan Mayen,,Content Source Geo > Country > Svalbard and Jan Mayen,3,True,0
1417,1228,Swaziland,Content Source Geo: Swaziland,Content Source Geo,Country,Swaziland,,Content Source Geo > Country > Swaziland,3,True,0
1418,1228,Sweden,Content Source Geo: Sweden,Content Source Geo,Country,Sweden,,Content Source Geo > Country > Sweden,3,True,0
1419,1228,Switzerland,Content Source Geo: Switzerland,Content Source Geo,Country,Switzerland,,Content Source Geo > Country > Switzerland,3,True,0
1420,1228,Syrian Arab Republic,Content Source Geo: Syrian Arab Republic,Content Source Geo,Country,Syrian Arab Republic,,Content Source Geo > Country > Syrian Arab Republic,3,True,0
1421,1228,Taiwan (Province of China),Content Source Geo: Taiwan (Province of China),Content Source Geo,Country,Taiwan (Province of China),,Content Source Geo > Country > Taiwan (Province of China),3,True,0
1422,1228,Tajikistan,Content Source Geo: Tajikistan,Content Source Geo,Country,Tajikistan,,Content Source Geo > Country > Tajikistan,3,True,0
1423,1228,Thailand,Content Source Geo: Thailand,Content Source Geo,Country,Thailand,,Content Source Geo > Country > Thailand,3,True,0
1424,1228,The Bahamas,Content Source Geo: The Bahamas,Content Source Geo,Country,The Bahamas,,Content Source Geo > Country > The Bahamas,3,True,0
1425,1228,The British Indian Ocean Territory,Content Source Geo: The British Indian Ocean Territory,Content Source Geo,Country,The British Indian Ocean Territory,,Content Source Geo > Country > The British Indian Ocean Territory,3,True,0
1426,1228,The Cayman Islands,Content Source Geo: The Cayman Islands,Content Source Geo,Country,The Cayman Islands,,Content Source Geo > Country > The Cayman Islands,3,True,0
1427,1228,The Central African Republic,Content Source Geo: The Central African Republic,Content Source Geo,Country,The Central African Republic,,Content Source Geo > Country > The Central African Republic,3,True,0
1428,1228,The Cocos Islands,Content Source Geo: The Cocos Islands,Content Source Geo,Country,The Cocos Islands,,Content Source Geo > Country > The Cocos Islands,3,True,0
1429,1228,The Comoros,Content Source Geo: The Comoros,Content Source Geo,Country,The Comoros,,Content Source Geo > Country > The Comoros,3,True,0
1430,1228,The Congo,Content Source Geo: The Congo,Content Source Geo,Country,The Congo,,Content Source Geo > Country > The Congo,3,True,0
1431,1228,The Cook Islands,Content Source Geo: The Cook Islands,Content Source Geo,Country,The Cook Islands,,Content Source Geo > Country > The Cook Islands,3,True,0
1432,1228,The Democratic People's Republic of Korea,Content Source Geo: The Democratic People's Republic of Korea,Content Source Geo,Country,The Democratic People's Republic of Korea,,Content Source Geo > Country > The Democratic People's Republic of Korea,3,True,0
1433,1228,the Democratic Republic of the Congo,Content Source Geo: the Democratic Republic of the Congo,Content Source Geo,Country,the Democratic Republic of the Congo,,Content Source Geo > Country > the Democratic Republic of the Congo,3,True,0
1434,1228,The Dominican Republic,Content Source Geo: The Dominican Republic,Content Source Geo,Country,The Dominican Republic,,Content Source Geo > Country > The Dominican Republic,3,True,0
1435,1228,The Falkland Islands,Content Source Geo: The Falkland Islands,Content Source Geo,Country,The Falkland Islands,,Content Source Geo > Country > The Falkland Islands,3,True,0
1436,1228,The Faroe Islands,Content Source Geo: The Faroe Islands,Content Source Geo,Country,The Faroe Islands,,Content Source Geo > Country > The Faroe Islands,3,True,0
1437,1228,The former Yugoslav Republic of Macedonia,Content Source Geo: The former Yugoslav Republic of Macedonia,Content Source Geo,Country,The former Yugoslav Republic of Macedonia,,Content Source Geo > Country > The former Yugoslav Republic of Macedonia,3,True,0
1438,1228,The French Southern Territories,Content Source Geo: The French Southern Territories,Content Source Geo,Country,The French Southern Territories,,Content Source Geo > Country > The French Southern Territories,3,True,0
1439,1228,The Gambia,Content Source Geo: The Gambia,Content Source Geo,Country,The Gambia,,Content Source Geo > Country > The Gambia,3,True,0
1440,1228,The Holy See,Content Source Geo: The Holy See,Content Source Geo,Country,The Holy See,,Content Source Geo > Country > The Holy See,3,True,0
1441,1228,The Lao People's Democratic Republic,Content Source Geo: The Lao People's Democratic Republic,Content Source Geo,Country,The Lao People's Democratic Republic,,Content Source Geo > Country > The Lao People's Democratic Republic,3,True,0
1442,1228,The Marshall Islands,Content Source Geo: The Marshall Islands,Content Source Geo,Country,The Marshall Islands,,Content Source Geo > Country > The Marshall Islands,3,True,0
1443,1228,The Netherlands,Content Source Geo: The Netherlands,Content Source Geo,Country,The Netherlands,,Content Source Geo > Country > The Netherlands,3,True,0
1444,1228,The Niger,Content Source Geo: The Niger,Content Source Geo,Country,The Niger,,Content Source Geo > Country > The Niger,3,True,0
1445,1228,The Northern Mariana Islands,Content Source Geo: The Northern Mariana Islands,Content Source Geo,Country,The Northern Mariana Islands,,Content Source Geo > Country > The Northern Mariana Islands,3,True,0
1446,1228,The Philippines,Content Source Geo: The Philippines,Content Source Geo,Country,The Philippines,,Content Source Geo > Country > The Philippines,3,True,0
1447,1228,The Republic of Korea,Content Source Geo: The Republic of Korea,Content Source Geo,Country,The Republic of Korea,,Content Source Geo > Country > The Republic of Korea,3,True,0
1448,1228,The Republic of Moldova,Content Source Geo: The Republic of Moldova,Content Source Geo,Country,The Republic of Moldova,,Content Source Geo > Country > The Republic of Moldova,3,True,0
1449,1228,The Russian Federation,Content Source Geo: The Russian Federation,Content Source Geo,Country,The Russian Federation,,Content Source Geo > Country > The Russian Federation,3,True,0
1450,1228,The Sudan,Content Source Geo: The Sudan,Content Source Geo,Country,The Sudan,,Content Source Geo > Country > The Sudan,3,True,0
1451,1228,The Turks and Caicos Islands,Content Source Geo: The Turks and Caicos Islands,Content Source Geo,Country,The Turks and Caicos Islands,,Content Source Geo > Country > The Turks and Caicos Islands,3,True,0
1452,1228,The United Arab Emirates,Content Source Geo: The United Arab Emirates,Content Source Geo,Country,The United Arab Emirates,,Content Source Geo > Country > The United Arab Emirates,3,True,0
1453,1228,The United Kingdom of Great Britain and Northern Ireland,Content Source Geo: The United Kingdom of Great Britain and Northern Ireland,Content Source Geo,Country,The United Kingdom of Great Britain and Northern Ireland,,Content Source Geo > Country > The United Kingdom of Great Britain and Northern Ireland,3,True,0
1454,1228,The United States Minor Outlying Islands,Content Source Geo: The United States Minor Outlying Islands,Content Source Geo,Country,The United States Minor Outlying Islands,,Content Source Geo > Country > The United States Minor Outlying Islands,3,True,0
1455,1228,The United States of America,Content Source Geo: The United States of America,Content Source Geo,Country,The United States of America,,Content Source Geo > Country > The United States of America,3,True,0
1456,1228,Timor-Leste,Content Source Geo: Timor-Leste,Content Source Geo,Country,Timor-Leste,,Content Source Geo > Country > Timor-Leste,3,True,0
1457,1228,Togo,Content Source Geo: Togo,Content Source Geo,Country,Togo,,Content Source Geo > Country > Togo,3,True,0
1458,1228,Tokelau,Content Source Geo: Tokelau,Content Source Geo,Country,Tokelau,,Content Source Geo > Country > Tokelau,3,True,0
1459,1228,Tonga,Content Source Geo: Tonga,Content Source Geo,Country,Tonga,,Content Source Geo > Country > Tonga,3,True,0
1460,1228,Trinidad and Tobago,Content Source Geo: Trinidad and Tobago,Content Source Geo,Country,Trinidad and Tobago,,Content Source Geo > Country > Trinidad and Tobago,3,True,0
1461,1228,Tunisia,Content Source Geo: Tunisia,Content Source Geo,Country,Tunisia,,Content Source Geo > Country > Tunisia,3,True,0
1462,1228,Turkey,Content Source Geo: Turkey,Content Source Geo,Country,Turkey,,Content Source Geo > Country > Turkey,3,True,0
1463,1228,Turkmenistan,Content Source Geo: Turkmenistan,Content Source Geo,Country,Turkmenistan,,Content Source Geo > Country > Turkmenistan,3,True,0
1464,1228,Tuvalu,Content Source Geo: Tuvalu,Content Source Geo,Country,Tuvalu,,Content Source Geo > Country > Tuvalu,3,True,0
1465,1228,U.S. Virgin Islands,Content Source Geo: U.S. Virgin Islands,Content Source Geo,Country,U.S. Virgin Islands,,Content Source Geo > Country > U.S. Virgin Islands,3,True,0
1466,1228,Uganda,Content Source Geo: Uganda,Content Source Geo,Country,Uganda,,Content Source Geo > Country > Uganda,3,True,0
1467,1228,Ukraine,Content Source Geo: Ukraine,Content Source Geo,Country,Ukraine,,Content Source Geo > Country > Ukraine,3,True,0
1468,1228,United Republic of Tanzania,Content Source Geo: United Republic of Tanzania,Content Source Geo,Country,United Republic of Tanzania,,Content Source Geo > Country > United Republic of Tanzania,3,True,0
1469,1228,Uruguay,Content Source Geo: Uruguay,Content Source Geo,Country,Uruguay,,Content Source Geo > Country > Uruguay,3,True,0
1470,1228,Uzbekistan,Content Source Geo: Uzbekistan,Content Source Geo,Country,Uzbekistan,,Content Source Geo > Country > Uzbekistan,3,True,0
1471,1228,Vanuatu,Content Source Geo: Vanuatu,Content Source Geo,Country,Vanuatu,,Content Source Geo > Country > Vanuatu,3,True,0
1472,1228,Vietnam,Content Source Geo: Vietnam,Content Source Geo,Country,Vietnam,,Content Source Geo > Country > Vietnam,3,True,0
1473,1228,Wallis and Futuna,Content Source Geo: Wallis and Futuna,Content Source Geo,Country,Wallis and Futuna,,Content Source Geo > Country > Wallis and Futuna,3,True,0
1474,1228,Western Sahara,Content Source Geo: Western Sahara,Content Source Geo,Country,Western Sahara,,Content Source Geo > Country > Western Sahara,3,True,0
1475,1228,Yemen,Content Source Geo: Yemen,Content Source Geo,Country,Yemen,,Content Source Geo > Country > Yemen,3,True,0
1476,1228,Zambia,Content Source Geo: Zambia,Content Source Geo,Country,Zambia,,Content Source Geo > Country > Zambia,3,True,0
1477,1228,Zimbabwe,Content Source Geo: Zimbabwe,Content Source Geo,Country,Zimbabwe,,Content Source Geo > Country > Zimbabwe,3,True,0
1478,1219,Region/State,Content Source Geo: Region/State,Content Source Geo,Region/State,,,Content Source Geo > Region/State,2,True,0
1479,1219,Metro,Content Source Geo: Metro,Content Source Geo,Metro,,,Content Source Geo > Metro,2,True,0
1480,1219,City,Content Source Geo: City,Content Source Geo,City,,,Content Source Geo > City,2,True,0
