id,parent_id,name,display_name,path,depth,is_leaf,children_count,description,boundaries
1,,Automotive,Automotive: Automotive,Automotive,1,False,16,"This category encompasses content related to motor vehicles, driving, automotive services, and vehicle-related topics.","Automotive is distinguished from its siblings by its exclusive focus on vehicles and motoring matters, rather than covering broader lifestyle, entertainment, professional, or recreational subjects."
2,1,Auto Body Styles,Automotive: Auto Body Styles,Automotive > Auto Body Styles,2,False,13,"Content describing the structural configurations and exterior designs that categorize passenger and commercial vehicles based on their physical form, seating arrangement, cargo capacity, and overall silhouette.","This category focuses on the distinctive body configurations and shapes of vehicles themselves, while sibling categories address vehicle ownership (Auto Buying and Selling, Auto Rentals), vehicle-specific content types (Dash Cam Videos, Auto Shows), vehicle classes by purpose (Auto Type), and vehicle-related services or information (Auto Repair, Auto Insurance, Auto Safety)."
3,2,Commercial Trucks,Automotive: Commercial Trucks,Automotive > Auto Body Styles > Commercial Trucks,3,True,0,"Content about large commercial vehicles designed primarily for transporting goods or passengers in a business context, including box trucks, flatbeds, dump trucks, and semi-tractors.","This category covers purpose-built commercial hauling vehicles, whereas Pickup Trucks are lighter-duty vehicles often used for personal use, Vans are smaller enclosed cargo vehicles, and Off-Road Vehicles are designed for terrain rather than commercial transport capacity."
4,2,Sedan,Automotive: Sedan,Automotive > Auto Body Styles > Sedan,3,True,0,"A sedan is a passenger automobile with four doors, a separate trunk, and seating for four to five adults in two or three rows.","Sedans are distinguished from their siblings by their enclosed four-door design with a dedicated trunk compartment, separating them from two-door coupes, open-top convertibles, utility-focused trucks and vans, and higher-riding crossovers and SUVs."
5,2,Station Wagon,Automotive: Station Wagon,Automotive > Auto Body Styles > Station Wagon,3,True,0,A station wagon is a passenger vehicle with an extended cargo area that blends a sedan's front cabin with an elongated rear section for transporting large items while maintaining a car-like driving experience.,"Station wagons differ from sedans by having significantly extended rear cargo space beyond the rear wheels, from SUVs and crossovers by using traditional car platforms rather than truck-based construction, and from vans and minivans by prioritizing sedan-like proportions and performance over maximum interior volume."
6,2,SUV,Automotive: SUV,Automotive > Auto Body Styles > SUV,3,True,0,"Content about sport utility vehicles designed primarily for personal or family use, featuring elevated seating, rugged construction, and typically three rows of passenger capacity with a separate cargo area.","SUVs are distinguished from crossovers by their body-on-frame construction and truck-based chassis, from pickups by their fully enclosed passenger cabin prioritizing seating over cargo flexibility, and from vans by their higher ground clearance and more angular, off-road-oriented design."
7,2,Van,Automotive: Van,Automotive > Auto Body Styles > Van,3,True,0,"A van is a large, boxy passenger or cargo vehicle with an extended cargo area, typically seating 8-15 people or configured primarily for freight transport, with a single-tier cargo floor extending to the rear doors.","Vans are distinguished from minivans by their significantly larger size and commercial-grade capacity, from station wagons by their fully enclosed and elevated cargo areas rather than integrated trunk designs, from SUVs by their unibody construction and prioritization of interior volume over off-road capability, and from pickup trucks by their fully enclosed cargo areas rather than open beds."
8,2,Convertible,Automotive: Convertible,Automotive > Auto Body Styles > Convertible,3,True,0,"Convertible vehicles are automobiles with retractable or removable roof systems that allow open-air driving, typically seating four to five passengers and prioritizing personal transportation over cargo capacity.","Convertibles are distinguished from siblings by their defining feature of a retractable or removable roof mechanism, whereas sedans and coupes have fixed roofs, commercial and pickup trucks prioritize cargo, vans and minivans emphasize passenger/cargo space, SUVs and crossovers focus on elevated seating and all-terrain capability, and hatchbacks and microcars serve different size or utility segments."
9,2,Coupe,Automotive: Coupe,Automotive > Auto Body Styles > Coupe,3,True,0,"A coupe is a passenger automobile with two doors, a sporty design, and typically seating for four or fewer occupants with an emphasis on performance or styling.","A coupe is distinguished from sedans and station wagons by having only two doors instead of four, from convertibles by having a fixed roof, from hatchbacks by having a separate trunk, and from all commercial and utility vehicles by being designed exclusively for personal passenger use."
10,2,Crossover,Automotive: Crossover,Automotive > Auto Body Styles > Crossover,3,True,0,"Crossovers are vehicles built on a car platform with an elevated ride height, combining sedan comfort with SUV-like styling and increased cargo space.","Crossovers differ from SUVs by using unibody car construction rather than body-on-frame, from station wagons by having higher ground clearance and more rugged styling, and from vans and minivans by prioritizing individual seating and lower rooflines over maximum interior volume."
11,2,Hatchback,Automotive: Hatchback,Automotive > Auto Body Styles > Hatchback,3,True,0,"A hatchback is a passenger automobile with a rear cargo door (hatch) that swings upward, combining the passenger compartment and cargo area under one roofline.","A hatchback differs from sedans by featuring a rear hatch instead of a separate trunk, from station wagons by being significantly shorter with less cargo space, and from all other siblings by prioritizing compact passenger seating with flexible cargo versatility rather than specializing in truck hauling, off-road capability, or passenger capacity."
12,2,Microcar,Automotive: Microcar,Automotive > Auto Body Styles > Microcar,3,True,0,"A microcar is an extremely small automobile, typically seating two to four passengers, designed for maximum fuel efficiency and minimal environmental impact in urban environments.","Microcars are distinguished from their sibling categories by their exceptionally compact dimensions and lightweight construction, contrasting with the larger passenger vehicles (sedans, station wagons, SUVs), commercial vehicles (trucks, vans), and specialty styles (convertibles, coupes) in their class."
13,2,Minivan,Automotive: Minivan,Automotive > Auto Body Styles > Minivan,3,True,0,"A minivan is a passenger vehicle designed primarily for family transportation, featuring a low floor, sliding doors, and seating for 5-8 people with flexible interior configurations.","Minivans are distinguished from sedans and coupes by their boxy, multipurpose design and higher capacity, from SUVs and crossovers by their car-based platform and lower ride height, and from vans by their emphasis on passenger comfort and integrated safety features rather than cargo utility."
14,2,Off-Road Vehicles,Automotive: Off-Road Vehicles,Automotive > Auto Body Styles > Off-Road Vehicles,3,True,0,"Off-road vehicles are automobiles specifically designed or modified with enhanced capabilities for traversing unpaved, rough, or extreme terrain such as deserts, mountains, and forest trails.","This category is distinguished from its siblings by prioritizing specialized traction, suspension, and ground clearance features for off-road capability, whereas SUVs and crossovers prioritize on-road comfort, vans prioritize cargo/passenger space, and other styles prioritize specific on-road uses or configurations."
15,2,Pickup Trucks,Automotive: Pickup Trucks,Automotive > Auto Body Styles > Pickup Trucks,3,True,0,"Pickup trucks are vehicles with an open cargo bed in the rear, typically seating 2-5 passengers in a separate cab, designed for both personal transportation and light to moderate hauling tasks.","Pickup trucks differ from commercial trucks by prioritizing passenger comfort and personal use over maximum cargo capacity, and from SUVs and vans by featuring an open cargo bed rather than an enclosed cargo area."
16,1,Auto Type,Automotive: Auto Type,Automotive > Auto Type,2,False,8,"This category encompasses content about vehicles classified by their market segment, price range, technological advancement, or intended use case.","It differs from sibling categories by focusing on vehicle classification types rather than physical body structure (Auto Body Styles), cultural phenomena (Car Culture), equipment (Dash Cam Videos), non-car vehicles (Motorcycles, Scooters), services (Road-Side Assistance, Auto Rentals, Auto Insurance), transactions (Auto Buying and Selling), or vehicle-related events and information (Auto Repair, Auto Recalls, Auto Safety, Auto Shows, Auto Technology, Auto Parts)."
17,16,Budget Cars,Automotive: Budget Cars,Automotive > Auto Type > Budget Cars,3,True,0,"Content about new or used automobiles designed for affordability and practical transportation, typically featuring basic features, modest performance specifications, and price points accessible to cost-conscious consumers.","This category encompasses vehicles optimized for value and economy rather than luxury features, performance capabilities, environmental innovation, autonomous technology, historical significance, or advanced design concepts."
18,16,Certified Pre-Owned Cars,Automotive: Certified Pre-Owned Cars,Automotive > Auto Type > Certified Pre-Owned Cars,3,True,0,"Used vehicles that have been inspected, reconditioned, and certified by manufacturers or authorized dealers to meet specific quality and safety standards.","This category differs from Budget Cars by emphasizing manufacturer certification and quality assurance rather than price point, from Classic Cars by focusing on recent used vehicles rather than vintage models, and from all other siblings by being pre-owned vehicles with official certification rather than new, concept, autonomous, or specialty-focused categories."
19,16,Classic Cars,Automotive: Classic Cars,Automotive > Auto Type > Classic Cars,3,True,0,"Classic Cars are automobiles that are typically at least 20-40 years old and valued for their historical significance, design, craftsmanship, or cultural impact rather than current utility.","This category is distinguished from its siblings by focusing on vehicles valued primarily for age and heritage rather than price point (Budget/Luxury), environmental technology (Green Vehicles), operational capability (Driverless Cars), performance metrics (Performance Cars), production status (Concept Cars), or certification history (Certified Pre-Owned Cars)."
20,16,Concept Cars,Automotive: Concept Cars,Automotive > Auto Type > Concept Cars,3,True,0,"Concept cars are experimental vehicles designed and built by automobile manufacturers to showcase innovative technologies, design ideas, and future production possibilities, typically not intended for mass-market sale.","This category differs from its siblings by focusing on prototype or experimental vehicles that demonstrate what manufacturers are developing, rather than cars categorized by their actual market segment (budget, luxury), condition (certified pre-owned, classic), power source (green vehicles), or intended capability (driverless, performance)."
21,16,Driverless Cars,Automotive: Driverless Cars,Automotive > Auto Type > Driverless Cars,3,True,0,Vehicles equipped with advanced autonomous driving technology that can operate without human control or intervention under specified conditions.,"This category focuses on self-driving capability as the defining feature, distinguishing it from siblings that are categorized by price point (Budget, Luxury), vehicle history (Certified Pre-Owned, Classic), design stage (Concept), environmental impact (Green), or performance characteristics (Performance)."
22,16,Green Vehicles,Automotive: Green Vehicles,Automotive > Auto Type > Green Vehicles,3,True,0,"Content about vehicles designed with environmental sustainability as a primary feature, including electric vehicles, hybrid vehicles, hydrogen fuel cell vehicles, and other automobiles engineered to minimize emissions and environmental impact.","This category focuses exclusively on the ecological and efficiency attributes of vehicles, distinguishing it from sibling categories that organize automobiles by price point (Budget Cars, Luxury Cars), ownership status (Certified Pre-Owned), era (Classic Cars), technology level (Concept Cars, Driverless Cars), or performance capability (Performance Cars)."
23,16,Luxury Cars,Automotive: Luxury Cars,Automotive > Auto Type > Luxury Cars,3,True,0,"High-end automobiles manufactured by premium brands that emphasize sophisticated engineering, exclusive features, refined materials, and superior comfort, typically positioned at the upper end of the market.","Luxury Cars differ from Performance Cars by prioritizing elegance and comfort over speed, from Green Vehicles by focusing on traditional powertrains rather than environmental efficiency, and from other siblings by combining premium brand prestige with new-vehicle status and contemporary design rather than budget constraints, historical significance, or experimental technology."
24,16,Performance Cars,Automotive: Performance Cars,Automotive > Auto Type > Performance Cars,3,True,0,"Performance Cars are automobiles engineered and marketed primarily for high speed, acceleration, handling responsiveness, and driving dynamics rather than basic transportation or luxury amenities.","This category is distinguished from Luxury Cars by prioritizing track-capable engineering and speed over comfort and prestige, from Budget Cars by featuring premium powertrains and advanced chassis systems, from Green Vehicles by emphasizing engine performance over environmental efficiency, and from Classic, Concept, and Driverless Cars by focusing on current-generation production vehicles designed for contemporary driving enthusiasts."
25,1,Car Culture,Automotive: Car Culture,Automotive > Car Culture,2,True,0,"Car enthusiasts' shared values, practices, and social communities centered around vehicle appreciation, customization, and lifestyle—including car clubs, automotive events, restoration projects, and the passion that connects drivers to their vehicles.","This category captures the emotional and social dimensions of automotive enthusiasm rather than the mechanical (Auto Repair, Auto Parts), commercial (Auto Buying and Selling, Auto Rentals), practical (Road-Side Assistance, Auto Insurance), or specific vehicle types (Motorcycles, Scooters, Auto Body Styles, Auto Type) that are covered by sibling categories."
26,1,Dash Cam Videos,Automotive: Dash Cam Videos,Automotive > Dash Cam Videos,2,True,0,"Video footage recorded by dashboard cameras mounted in vehicles, capturing real-time or incident documentation of driving situations, accidents, traffic violations, and road events.","This category is distinguished from its siblings by focusing specifically on video content from dash cams rather than covering vehicle types (Auto Body Styles, Auto Type, Motorcycles, Scooters), automotive events (Car Culture, Auto Shows), services (Road-Side Assistance, Auto Rentals, Auto Repair), transactions (Auto Buying and Selling), or vehicle-related information (Auto Insurance, Auto Parts, Auto Recalls, Auto Safety, Auto Technology)."
27,1,Motorcycles,Automotive: Motorcycles,Automotive > Motorcycles,2,True,0,"Content about motorcycles, including their models, maintenance, operation, riding techniques, and motorcycle-specific equipment and accessories.","This category focuses exclusively on two-wheeled motorized vehicles designed for motorcycle operation, distinguishing it from Scooters (smaller-engine two-wheelers) and other automotive categories that cover cars, culture, or services rather than the vehicles themselves."
28,1,Road-Side Assistance,Automotive: Road-Side Assistance,Automotive > Road-Side Assistance,2,True,0,"Road-Side Assistance covers content about emergency support services provided to stranded or disabled vehicles on roadways, including towing, lockouts, fuel delivery, and tire changes.","This category is distinguished from Auto Repair by focusing on immediate emergency services delivered on-location rather than professional repairs performed at service facilities, and from Auto Insurance by addressing specific service offerings rather than coverage policies."
29,1,Scooters,Automotive: Scooters,Automotive > Scooters,2,True,0,"Content about motorized scooters, including electric scooters, gas-powered scooters, and scooter operation, maintenance, and reviews.","This category covers standing or seated personal scooters distinct from motorcycles (which have larger engines and frames), bicycles, and other vehicle types, focusing specifically on scooter-specific vehicles and their use."
30,1,Auto Buying and Selling,Automotive: Auto Buying and Selling,Automotive > Auto Buying and Selling,2,True,0,"This category contains content about the process of purchasing or selling vehicles, including pricing, negotiations, dealer interactions, trade-ins, financing, and marketplace transactions.","It differs from sibling categories by focusing on the commercial transaction and exchange of vehicle ownership rather than vehicle classification, maintenance, safety features, cultural aspects, or ancillary automotive services."
31,1,Auto Insurance,Automotive: Auto Insurance,Automotive > Auto Insurance,2,True,0,"This category contains content about vehicle insurance policies, coverage types, claims processes, premium calculations, and insurance provider comparisons specific to automobiles.","It is distinguished from its siblings by focusing exclusively on insurance matters rather than vehicle physical characteristics (Auto Body Styles, Auto Type), entertainment (Car Culture, Auto Shows, Dash Cam Videos), related services (Road-Side Assistance, Auto Rentals), vehicle components and maintenance (Auto Parts, Auto Repair, Auto Recalls), purchasing decisions (Auto Buying and Selling), or vehicle features and safety systems (Auto Safety, Auto Technology), and by excluding motorcycles and scooters which have their own categories."
32,1,Auto Parts,Automotive: Auto Parts,Automotive > Auto Parts,2,True,0,"This category contains content about individual components, systems, and replacement parts used in vehicles, including engines, transmissions, batteries, brakes, tires, filters, and accessories.","It is distinguished from its siblings by focusing on discrete physical parts and components rather than vehicle classifications (Auto Body Styles, Auto Type), driving accessories (Dash Cam Videos), vehicle services (Auto Repair, Road-Side Assistance), or broader automotive topics (Auto Insurance, Auto Shows, Car Culture)."
33,1,Auto Recalls,Automotive: Auto Recalls,Automotive > Auto Recalls,2,True,0,"Content about vehicle safety defects, manufacturer recalls, and official notifications requiring owners to address mechanical, electrical, or safety hazards in their vehicles.","This category focuses specifically on mandatory or voluntary recalls issued by manufacturers and regulatory bodies, distinguishing it from the broader Auto Safety category which covers general safety practices, and from Auto Repair which addresses owner-initiated maintenance rather than recall-specific issues."
34,1,Auto Repair,Automotive: Auto Repair,Automotive > Auto Repair,2,True,0,"This category contains content about diagnosing, maintaining, and fixing mechanical and electrical problems in vehicles, including repair procedures, troubleshooting guides, and service information.","It differs from its siblings by focusing on the actual repair and maintenance work itself, rather than vehicle types (Auto Type, Motorcycles, Scooters), buying/selling (Auto Buying and Selling), insurance, parts inventory, recalls, safety standards, shows, technology features, rentals, roadside help, aesthetics (Auto Body Styles), cultural aspects (Car Culture), or video documentation (Dash Cam Videos)."
35,1,Auto Safety,Automotive: Auto Safety,Automotive > Auto Safety,2,True,0,"This category contains content about vehicle safety features, systems, technologies, and practices designed to protect occupants and prevent accidents.","This category is distinguished from its siblings by focusing specifically on safety mechanisms and injury prevention rather than vehicle classification (Auto Body Styles, Auto Type), entertainment (Car Culture, Auto Shows, Dash Cam Videos), ownership services (Auto Buying and Selling, Auto Rentals, Road-Side Assistance), maintenance (Auto Repair, Auto Parts, Auto Recalls), financial aspects (Auto Insurance), or alternative vehicles (Motorcycles, Scooters), and it differs from Auto Technology by emphasizing safety-critical systems rather than general vehicle technological features."
36,1,Auto Shows,Automotive: Auto Shows,Automotive > Auto Shows,2,True,0,"Auto Shows content includes promotional events, exhibitions, and demonstrations where manufacturers display and present vehicles to the public, media, and industry professionals.","This category is distinguished from its siblings by focusing specifically on organized events and venues where vehicles are showcased, rather than content about vehicle characteristics (Auto Body Styles, Auto Type), ownership experiences (Car Culture, Auto Buying and Selling), services (Auto Repair, Auto Rentals), or vehicle-specific content (Motorcycles, Scooters, Dash Cam Videos)."
37,1,Auto Technology,Automotive: Auto Technology,Automotive > Auto Technology,2,False,3,"This category covers technological systems and innovations that enhance vehicle performance, connectivity, driver assistance, and in-cabin experience.","Auto Technology is distinguished from its siblings by focusing on the integrated electronic and digital systems within vehicles, rather than physical body styles, vehicle classifications, cultural aspects, operational services, or transactional activities like buying, selling, or insuring."
38,37,Auto Infotainment Technologies,Automotive: Auto Infotainment Technologies,Automotive > Auto Technology > Auto Infotainment Technologies,3,True,0,"Content covering in-vehicle entertainment and information systems including audio, video, connectivity features, voice commands, touchscreen interfaces, smartphone integration platforms, and digital displays that enhance driver and passenger experience.","This category focuses on user comfort and information delivery within vehicles, distinct from navigation systems which provide route guidance and safety technologies which prevent accidents or protect occupants."
39,37,Auto Navigation Systems,Automotive: Auto Navigation Systems,Automotive > Auto Technology > Auto Navigation Systems,3,True,0,"This category covers GPS-based systems, route planning software, map databases, and positioning technologies that help drivers navigate to destinations and understand their current location.","Auto Navigation Systems focus specifically on location determination and route guidance, whereas Auto Infotainment Technologies encompass broader entertainment and information services, and Auto Safety Technologies address accident prevention and emergency response systems."
40,37,Auto Safety Technologies,Automotive: Auto Safety Technologies,Automotive > Auto Technology > Auto Safety Technologies,3,True,0,"Content covering technologies and systems designed to prevent accidents, protect occupants, and enhance vehicle safety through active and passive mechanisms such as collision avoidance, airbags, stability control, and driver assistance features.","This category focuses specifically on safety-oriented technologies that directly protect occupants or prevent collisions, whereas Auto Infotainment Technologies cover entertainment and communication systems, and Auto Navigation Systems address route planning and directional guidance."
41,1,Auto Rentals,Automotive: Auto Rentals,Automotive > Auto Rentals,2,True,0,"This category encompasses content related to renting vehicles for temporary use, including rental company information, booking processes, rental policies, vehicle selection options, and customer experiences with auto rental services.","This category is distinguished from its siblings by its focus on short-term vehicle access and rental services rather than vehicle ownership, maintenance, safety features, cultural aspects, or auxiliary automotive services like insurance and roadside assistance."
42,,Books and Literature,Books and Literature: Books and Literature,Books and Literature,1,False,9,"This category encompasses written works and literary content across all genres, formats, and reading levels, from novels and poetry to reference materials and illustrated books.","Books and Literature is distinguished from its siblings by focusing specifically on written and bound textual works as primary content, whereas related categories like Movies, Music and Audio, Television, and Video Gaming emphasize different media formats, while others like Fine Art, Food & Drink, and Hobbies & Interests address specific subject matter rather than the medium itself."
43,42,Art and Photography Books,Books and Literature: Art and Photography Books,Books and Literature > Art and Photography Books,2,True,0,"This category contains instructional, theoretical, critical, and visual books focused on the visual arts, photography techniques, art history, artist monographs, and photographic collections.","Art and Photography Books are distinguished from siblings by their primary purpose of exploring visual artistic practices and aesthetics rather than telling stories (Fiction, Biographies), serving specific age groups (Children's Literature, Young Adult Literature), presenting sequential visual narratives (Comics and Graphic Novels), or addressing culinary, poetic, or travel subjects."
44,42,Biographies,Books and Literature: Biographies,Books and Literature > Biographies,2,True,0,"Content about factual accounts of individual people's lives, written by authors other than the subject, covering their experiences, achievements, and personal history.","This category differs from Fiction (which invents narratives) and Young Adult Literature (which targets a specific age group rather than a specific narrative form), while excluding Art and Photography Books (visual-focused), Cookbooks (instructional), and other sibling categories that prioritize genre, format, or audience over biographical content."
45,42,Children's Literature,Books and Literature: Children's Literature,Books and Literature > Children's Literature,2,True,0,"Children's Literature encompasses books created specifically for readers aged roughly 2-12 years old, featuring age-appropriate narratives, illustrations, and themes designed to entertain, educate, or comfort young audiences.","This category is distinguished from Young Adult Literature by targeting significantly younger readers with simpler language and concepts, and from Comics and Graphic Novels by being primarily text-based narratives rather than sequential visual storytelling, though picture books may include substantial illustrations."
46,42,Comics and Graphic Novels,Books and Literature: Comics and Graphic Novels,Books and Literature > Comics and Graphic Novels,2,True,0,"Comics and graphic novels are sequential visual narratives that combine illustrated artwork with text to tell stories, where the visual component is essential to understanding the narrative.","This category differs from its siblings by requiring visual sequential art as a primary storytelling medium, distinguishing it from text-based fiction and poetry, illustrated but non-sequential art books, and specialized non-fiction categories like biographies, cookbooks, and travel guides."
47,42,Cookbooks,Books and Literature: Cookbooks,Books and Literature > Cookbooks,2,True,0,"Cookbooks are instructional books that provide recipes, techniques, and guidance for preparing food and beverages for consumption.","Cookbooks are distinguished from their siblings by their primary focus on food preparation instructions rather than narrative storytelling (Fiction, Biographies, Young Adult Literature), visual art (Art and Photography Books, Comics and Graphic Novels), poetic expression (Poetry), children's entertainment (Children's Literature), or travel experiences (Travel Books)."
48,42,Fiction,Books and Literature: Fiction,Books and Literature > Fiction,2,True,0,"This category encompasses narrative works of prose that are primarily invented stories created for entertainment, artistic expression, or exploration of human experience, including novels and short story collections for adult readers.","Fiction is distinguished from its siblings by presenting imagined narratives rather than factual information (unlike Biographies and Travel Books), by targeting adult audiences rather than children or young adults (unlike Children's Literature and Young Adult Literature), and by being primarily prose-based rather than verse, visual, or recipe-focused (unlike Poetry, Comics and Graphic Novels, Art and Photography Books, and Cookbooks)."
49,42,Poetry,Books and Literature: Poetry,Books and Literature > Poetry,2,True,0,"Poetry comprises works written primarily in verse form, using rhythmic language, imagery, and figurative devices to express emotions, ideas, or narratives with aesthetic and structural intensity.","This category is distinguished from Fiction by its focus on compressed, lyrical language and formal structure rather than extended narrative prose, and from all other siblings by its defining characteristic of verse composition and the primacy of poetic devices over plot or informational content."
50,42,Travel Books,Books and Literature: Travel Books,Books and Literature > Travel Books,2,True,0,"Travel books are non-fiction works that describe places, journeys, cultures, and experiences across geographical locations, offering firsthand accounts or detailed explorations of destinations and travel experiences.","This category differs from sibling categories by focusing on geographical exploration and destination-based narratives rather than artistic works (Art and Photography), individual life stories (Biographies), age-specific fiction (Children's or Young Adult Literature), sequential visual narratives (Comics), culinary instruction (Cookbooks), imaginative stories (Fiction), or verse-based composition (Poetry)."
51,42,Young Adult Literature,Books and Literature: Young Adult Literature,Books and Literature > Young Adult Literature,2,True,0,"Young adult literature encompasses fiction and narratives specifically written for readers aged approximately 12-18, featuring teenage protagonists navigating coming-of-age experiences, identity formation, and age-appropriate social or emotional challenges.","This category differs from Children's Literature by targeting older adolescents with more complex themes and mature content, from Fiction by being specifically age-geared rather than audience-agnostic, and from Biographies by focusing on authored narratives rather than factual accounts of real people's lives."
52,,Business and Finance,Business and Finance: Business and Finance,Business and Finance,1,False,3,"Content about corporate operations, management practices, commercial enterprises, economic systems, market dynamics, business strategy, and financial markets at organizational and macroeconomic levels.","This category encompasses both organizational business matters and broader economic systems, distinguishing itself from Personal Finance (individual money management), Careers (employment and job-seeking), and Shopping (consumer purchasing activities)."
53,52,Business,Business and Finance: Business,Business and Finance > Business,2,False,17,"Content about the operations, management, strategy, and organizational functions of commercial enterprises and their internal processes.","This category encompasses the structural and functional aspects of running businesses themselves, while Economy covers macroeconomic systems and markets, and Industries focuses on sector-specific activities and products."
54,53,Business Accounting & Finance,Business and Finance: Business Accounting & Finance,Business and Finance > Business > Business Accounting & Finance,3,True,0,"DEFINITION: Content covering accounting principles, financial reporting, bookkeeping, auditing, tax preparation, budgeting, financial analysis, and cost management practices used by businesses to track and manage their financial operations.","BOUNDARY: This category focuses specifically on the accounting and financial management functions within organizations, distinct from Business Banking & Finance (which addresses banking relationships and financial institutions), Business Administration (broader operational management), and Finance roles within Human Resources or Executive Leadership."
55,53,Human Resources,Business and Finance: Human Resources,Business and Finance > Business > Human Resources,3,True,0,"Human Resources encompasses content about employee recruitment, management, compensation, training, workplace culture, labor relations, and organizational development within business contexts.","This category is distinguished from its siblings by focusing specifically on people management and workplace practices rather than financial operations (Business Accounting & Finance), organizational scale (Large Business, Small and Medium-sized Business, Startups), functional departments (Marketing, Sales, Logistics, I.T.), or strategic leadership (Executive Leadership & Management)."
56,53,Large Business,Business and Finance: Large Business,Business and Finance > Business > Large Business,3,True,0,"Large Business encompasses content related to enterprises with substantial workforce, revenue, and operational complexity, typically defined by having 500+ employees and significant market presence.","This category focuses on organizational challenges and strategies specific to established corporations with multiple departments and locations, distinguishing it from Small and Medium-sized Business by scale and complexity, from Startups by maturity and resource availability, and from functional categories like Marketing, Sales, and Human Resources by addressing large-business-specific implementations of those functions."
57,53,Logistics,Business and Finance: Logistics,Business and Finance > Business > Logistics,3,True,0,"Logistics encompasses the planning, coordination, and execution of the movement, storage, and distribution of goods, materials, and information throughout supply chains and business operations.","This category is distinguished from its siblings by focusing specifically on supply chain management and physical distribution networks, rather than accounting practices (Business Accounting & Finance), workforce management (Human Resources), sales activities (Sales), or operational support functions (Business Administration, Business Operations)."
58,53,Marketing and Advertising,Business and Finance: Marketing and Advertising,Business and Finance > Business > Marketing and Advertising,3,True,0,"Marketing and advertising encompasses strategies, tactics, and content related to promoting products, services, or brands to target audiences through various channels and campaigns.","This category focuses on the promotional and audience-engagement aspects of business, distinguishing it from Sales (which handles customer transactions), Business Operations (which manages internal processes), and Executive Leadership (which addresses strategic direction and organizational management)."
59,53,Sales,Business and Finance: Sales,Business and Finance > Business > Sales,3,True,0,"Sales encompasses content about the processes, strategies, techniques, and tools used to identify prospects, present offerings, close deals, and build customer relationships for revenue generation.","This category is distinguished from Marketing and Advertising by focusing on direct customer transactions and relationship management rather than brand promotion and awareness-building, and from Business Accounting & Finance by emphasizing revenue acquisition rather than financial record-keeping or fund management."
60,53,Small and Medium-sized Business,Business and Finance: Small and Medium-sized Business,Business and Finance > Business > Small and Medium-sized Business,3,True,0,"Content about operational, strategic, and organizational challenges specific to companies with moderate workforce size and revenue, typically between 50 and 500 employees or equivalent revenue scale.","This category focuses on the distinct needs of mid-market firms that are too large for startup-phase solutions but lack the specialized departments and resources of large enterprises, distinguishing it from Startups (early-stage ventures), Large Business (enterprises with 500+ employees), and functional categories like Human Resources or Marketing that apply across all business sizes."
61,53,Startups,Business and Finance: Startups,Business and Finance > Business > Startups,3,True,0,"This category covers the formation, development, funding, and early-stage operations of newly established companies seeking to scale their business models and achieve growth.","This category focuses specifically on early-stage ventures and their unique challenges, distinguishing it from Small and Medium-sized Business (which includes established mature companies) and Large Business (which covers corporations beyond the startup phase)."
62,53,Business Administration,Business and Finance: Business Administration,Business and Finance > Business > Business Administration,3,True,0,"Business Administration encompasses the core organizational, procedural, and strategic functions that enable businesses to operate efficiently across all departments and organizational levels.","This category focuses on general business management principles, administrative processes, and cross-functional operational systems, distinguishing it from specialized domains like Accounting & Finance (financial records), Human Resources (personnel management), Marketing (customer acquisition), Sales (revenue generation), and Business Operations (production/service delivery)."
63,53,Business Banking & Finance,Business and Finance: Business Banking & Finance,Business and Finance > Business > Business Banking & Finance,3,False,8,"Content covering financial services, instruments, and transactions that businesses use to manage capital, secure funding, and conduct financial operations.","This category focuses on how businesses obtain and manage money through specialized financial services and transactions, distinguishing it from Business Accounting & Finance (which handles internal financial reporting and analysis) and Human Resources, Marketing, Operations, and other functional business areas."
64,63,Angel Investment,Business and Finance: Angel Investment,Business and Finance > Business > Business Banking & Finance > Angel Investment,4,True,0,"Angel Investment is the provision of capital by affluent individuals (angel investors) to early-stage or startup companies in exchange for equity ownership or convertible instruments, typically before institutional funding rounds.","Angel Investment differs from its siblings by focusing on individual rather than institutional investors, earlier-stage companies than Private Equity or Venture Capital typically target, and equity-based funding rather than debt instruments like Business Loans or Debt Factoring."
65,63,Bankruptcy,Business and Finance: Bankruptcy,Business and Finance > Business > Business Banking & Finance > Bankruptcy,4,True,0,"Content covering the legal processes, procedures, and implications of insolvency when individuals or organizations cannot meet financial obligations, including filing processes, creditor rights, asset liquidation, and debt restructuring.","This category is distinguished from its siblings by focusing on financial distress and legal remedies for inability to pay, whereas siblings address capital formation (Angel Investment, Venture Capital, Private Equity), debt management (Business Loans, Debt Factoring), or corporate restructuring through transactions (Mergers and Acquisitions, Sale & Lease Back)."
66,63,Business Loans,Business and Finance: Business Loans,Business and Finance > Business > Business Banking & Finance > Business Loans,4,True,0,"Content about loans extended to businesses for operational, capital, or expansion purposes, including term loans, lines of credit, equipment financing, and working capital loans from traditional lending institutions.","This category focuses on debt financing arrangements where businesses borrow money that must be repaid with interest, distinct from equity-based funding (Angel Investment, Venture Capital, Private Equity), debt restructuring (Bankruptcy), asset-based financing (Debt Factoring, Sale & Lease Back), and ownership transitions (Mergers and Acquisitions)."
67,63,Debt Factoring & Invoice Discounting,Business and Finance: Debt Factoring & Invoice Discounting,Business and Finance > Business > Business Banking & Finance > Debt Factoring & Invoice Discounting,4,True,0,Debt factoring and invoice discounting are financial services where businesses sell their outstanding invoices or accounts receivable to a third party at a discount to obtain immediate cash flow.,"This category focuses specifically on short-term financing solutions tied to existing customer receivables, distinguishing it from broader business loans, equity-based investments (angel investment, venture capital, private equity), structural transactions (mergers and acquisitions, sale & leaseback), and insolvency situations (bankruptcy)."
68,63,Mergers and Acquisitions,Business and Finance: Mergers and Acquisitions,Business and Finance > Business > Business Banking & Finance > Mergers and Acquisitions,4,True,0,"This category covers the processes, strategies, and transactions involved in combining two companies or acquiring one company by another, including due diligence, valuations, deal structures, and post-merger integration.","This category is distinguished from its siblings by focusing specifically on the combination or acquisition of entire business entities, rather than funding mechanisms (Angel Investment, Venture Capital, Private Equity), financial restructuring (Bankruptcy, Sale & Lease Back), or alternative financing solutions (Business Loans, Debt Factoring & Invoice Discounting)."
69,63,Private Equity,Business and Finance: Private Equity,Business and Finance > Business > Business Banking & Finance > Private Equity,4,True,0,"Private equity involves investment firms that acquire ownership stakes in established companies, typically taking them private and restructuring them to generate returns through operational improvements and eventual resale.","Private equity differs from venture capital by targeting mature companies with established revenues rather than early-stage startups, from angel investment by deploying large institutional funds rather than individual investor capital, and from M&A by focusing on leveraged buyouts and long-term operational control rather than strategic corporate transactions."
70,63,Sale & Lease Back,Business and Finance: Sale & Lease Back,Business and Finance > Business > Business Banking & Finance > Sale & Lease Back,4,True,0,"Sale & Leaseback is a financing transaction where a business owner sells an asset to a financial institution and immediately leases it back, converting an owned asset into a stream of lease payments while freeing up capital.","This category differs from its siblings by focusing on the conversion of existing assets into working capital through simultaneous sale and lease arrangements, rather than addressing investment funding (Angel Investment, Venture Capital, Private Equity), business credit facilities (Business Loans), restructuring events (Bankruptcy, Mergers and Acquisitions), or alternative receivables financing (Debt Factoring & Invoice Discounting)."
71,63,Venture Capital,Business and Finance: Venture Capital,Business and Finance > Business > Business Banking & Finance > Venture Capital,4,True,0,Venture capital consists of funding provided by professional investors to early-stage or growth-stage companies with high growth potential in exchange for equity ownership.,"This category differs from its siblings by focusing specifically on equity investments in emerging companies, whereas angel investment involves individual investors, private equity targets mature companies, business loans provide debt financing, and M&A involves established company transactions."
72,53,Business I.T.,Business and Finance: Business I.T.,Business and Finance > Business > Business I.T.,3,True,0,"This category encompasses technology systems, infrastructure, and digital tools that organizations use to manage operations, enhance productivity, and support business processes.","Business I.T. is distinguished from its siblings by its focus on internal technological systems and infrastructure rather than specific business functions like accounting, human resources, marketing, or sales, which are covered by those respective categories."
73,53,Business Operations,Business and Finance: Business Operations,Business and Finance > Business > Business Operations,3,True,0,"Business Operations encompasses the core processes, systems, and functions that enable organizations to conduct their daily activities and deliver products or services efficiently.","This category focuses on operational workflows, process management, and functional execution, distinguishing it from Business Accounting & Finance (financial reporting), Human Resources (workforce management), Marketing and Advertising (customer acquisition), Sales (revenue generation), and Leadership (strategic decision-making)."
74,53,Consumer Issues,Business and Finance: Consumer Issues,Business and Finance > Business > Consumer Issues,3,False,1,"DEFINITION: Content addressing problems, rights, protections, and solutions for individual consumers purchasing goods and services, including complaints, disputes, safety concerns, and regulatory protections.","BOUNDARY: This category focuses on end-user consumer experiences and protections rather than internal business operations (Business Accounting & Finance, Human Resources, Business Operations), selling strategies (Sales, Marketing and Advertising), or company-specific organizational structures (Large Business, Small and Medium-sized Business, Startups, Executive Leadership & Management)."
75,74,Recalls,Business and Finance: Recalls,Business and Finance > Business > Consumer Issues > Recalls,4,True,0,"Content about products being recalled by manufacturers or regulatory agencies due to safety defects, quality issues, or regulatory non-compliance, including announcements, details, and consumer guidance.","This category captures mandatory or voluntary product withdrawals from the market, distinguished from general consumer complaints, product reviews, or other business news by its focus on formal recall actions and their implementation."
76,53,Executive Leadership & Management,Business and Finance: Executive Leadership & Management,Business and Finance > Business > Executive Leadership & Management,3,True,0,"Executive Leadership & Management encompasses content about strategic decision-making, organizational vision, corporate governance, and the responsibilities of C-suite and senior management roles.","This category focuses on the direction-setting and organizational oversight functions of top executives, distinguished from Human Resources (which covers workforce management and employee relations), Business Administration (which addresses operational procedures and systems), and Business Operations (which manages day-to-day functional execution)."
77,53,Government Business,Business and Finance: Government Business,Business and Finance > Business > Government Business,3,True,0,"Government Business involves commercial activities, services, and operations conducted by government entities, government contractors, and businesses operating under government contracts or regulation.","This category focuses specifically on business conducted with, for, or by government institutions, distinguishing it from private sector business categories like Small and Medium-sized Business, Large Business, and Startups, as well as from functional business areas like Marketing, Sales, and Human Resources that apply across all business types."
78,53,Green Solutions,Business and Finance: Green Solutions,Business and Finance > Business > Green Solutions,3,True,0,"Green Solutions in business involves products, services, strategies, and technologies designed to reduce environmental impact while generating economic value and operational efficiency.","This category focuses specifically on environmentally sustainable business practices and innovations, distinguished from sibling categories like Business Operations (which covers general operational management) and Business Utilities (which addresses standard utility services) by its emphasis on ecological responsibility as a core business objective."
79,53,Business Utilities,Business and Finance: Business Utilities,Business and Finance > Business > Business Utilities,3,True,0,"DEFINITION: Business Utilities encompasses software, tools, platforms, and services that provide essential operational infrastructure and support functions for organizations across industries and sizes.","BOUNDARY: This category focuses on cross-functional enablement tools and infrastructure rather than specialized business functions like accounting, HR, marketing, or sales; it differs from Business Administration by emphasizing digital/technical utilities over administrative processes, and from Business I.T. by covering practical operational tools rather than IT systems management and infrastructure."
80,52,Economy,Business and Finance: Economy,Business and Finance > Economy,2,False,9,"Content about macroeconomic systems, national and global economic performance, economic policy, and broad trends affecting entire economies or markets.","This category addresses economy-wide phenomena and systemic economic issues, while Business focuses on individual companies and organizations, and Industries focuses on specific sectors or trade groups."
81,80,Commodities,Business and Finance: Commodities,Business and Finance > Economy > Commodities,3,True,0,"Raw materials and goods that are traded on global markets, including agricultural products, metals, energy resources, and other fungible items with standardized quality grades.","This category covers tangible traded goods themselves, while Currencies addresses money and exchange rates, Gasoline Prices focuses on a specific fuel product's pricing dynamics, and Financial Crisis, Reform, and Regulation address systemic or policy aspects of finance rather than physical commodity trading."
82,80,Currencies,Business and Finance: Currencies,Business and Finance > Economy > Currencies,3,True,0,"Content concerning the forms of money issued by governments or monetary authorities, including their value, exchange rates, circulation, and properties as mediums of exchange.","This category focuses specifically on money systems and their comparative worth, whereas Commodities covers tradable goods, Interest Rates addresses borrowing costs, and Financial Regulation pertains to oversight rules rather than the currencies themselves."
83,80,Financial Crisis,Business and Finance: Financial Crisis,Business and Finance > Economy > Financial Crisis,3,True,0,"Content covering sudden, severe disruptions to financial systems, markets, or institutions that cause widespread economic damage, loss of confidence, or systemic instability.","This category focuses on acute breakdowns and contagion events in financial systems, distinguished from sibling categories that address specific economic mechanisms (interest rates, currencies), market sectors (housing, commodities), policy responses (financial reform, regulation), or labor dynamics (job market)."
84,80,Financial Reform,Business and Finance: Financial Reform,Business and Finance > Economy > Financial Reform,3,True,0,"Content addressing systemic changes to financial systems, structures, or institutions designed to improve market functioning, reduce risk, or address past failures.","This category focuses on structural and institutional changes to finance itself, distinguishing it from Financial Regulation (which covers enforcement and rules), Financial Crisis (which covers acute market disruptions), and Interest Rates (which covers monetary policy mechanisms)."
85,80,Financial Regulation,Business and Finance: Financial Regulation,Business and Finance > Economy > Financial Regulation,3,True,0,"Content about rules, laws, oversight mechanisms, and compliance requirements that govern financial institutions, markets, and transactions to protect consumers and maintain system stability.","This category focuses on the regulatory frameworks and enforcement structures themselves, whereas sibling categories cover specific economic phenomena (Interest Rates, Gasoline Prices), market segments (Commodities, Currencies, Housing Market, Job Market), systemic events (Financial Crisis), or policy responses to problems (Financial Reform)."
86,80,Gasoline Prices,Business and Finance: Gasoline Prices,Business and Finance > Economy > Gasoline Prices,3,True,0,"Content about the cost, trends, and factors affecting gasoline prices at retail pumps, including regional variations, historical comparisons, and consumer impact.","This category focuses specifically on retail petroleum fuel pricing and consumption, distinguishing it from the broader Commodities category that covers all traded raw materials and from other economic indicators like Interest Rates or the Job Market."
87,80,Housing Market,Business and Finance: Housing Market,Business and Finance > Economy > Housing Market,3,True,0,"Content covering residential and commercial real estate transactions, property values, mortgage lending, construction activity, and factors affecting home affordability and availability.","This category focuses specifically on real estate and property markets, distinguishing it from commodities (raw materials), currencies (foreign exchange), interest rates (lending costs), and the job market (employment), while excluding broader financial crises or regulatory frameworks covered by their dedicated categories."
88,80,Interest Rates,Business and Finance: Interest Rates,Business and Finance > Economy > Interest Rates,3,True,0,"Content about the cost of borrowing money, including central bank policy rates, mortgage rates, savings account yields, and their effects on economic activity and consumer behavior.","This category focuses specifically on the pricing of credit and debt instruments, excluding commodity price fluctuations, foreign exchange markets, housing-specific financing, employment statistics, regulatory frameworks, or systemic financial emergencies."
89,80,Job Market,Business and Finance: Job Market,Business and Finance > Economy > Job Market,3,True,0,"Content about employment levels, hiring trends, wage dynamics, labor force participation, unemployment rates, occupational demand, and workforce skills development.","This category focuses specifically on labor supply and demand dynamics, distinguishing it from Housing Market (real estate transactions), Commodities (raw materials), Currencies (foreign exchange), and Interest Rates (monetary policy effects), while excluding broader economic crises or regulatory frameworks covered in Financial Crisis and Financial Regulation."
90,52,Industries,Business and Finance: Industries,Business and Finance > Industries,2,False,32,"Content covering the characteristics, trends, structure, competitive dynamics, and economic performance of specific sectors of the economy where organizations produce goods or deliver services.","This category focuses on the operational and sectoral characteristics of distinct industries, while Business addresses general management and strategy applicable across sectors, and Economy examines broader macroeconomic systems, policies, and aggregate performance."
91,90,Advertising Industry,Business and Finance: Advertising Industry,Business and Finance > Industries > Advertising Industry,3,True,0,"The advertising industry encompasses businesses and professionals engaged in creating, planning, and executing marketing communications that promote products, services, or brands to target audiences across various media channels.","This category is distinguished from its siblings by its primary function of facilitating persuasive communication and brand promotion rather than producing goods, delivering direct services, providing education, or operating in other specialized sectors like healthcare, finance, or technology."
92,90,Education industry,Business and Finance: Education industry,Business and Finance > Industries > Education industry,3,True,0,"Content focused on the business operations, economics, market dynamics, and institutional structures of educational organizations and learning service providers, including K-12 schools, higher education institutions, edtech companies, vocational training programs, and educational publishing.","This category encompasses the commercial and organizational aspects of delivering education and training services, distinguishing it from the Information Services Industry (which covers data and technology infrastructure), the Publishing Industry (which focuses on content creation and distribution), and the Technology Industry (which addresses broader software and hardware sectors)."
93,90,Entertainment Industry,Business and Finance: Entertainment Industry,Business and Finance > Industries > Entertainment Industry,3,True,0,"Content related to the business operations, economics, market dynamics, and corporate structures of entertainment companies, including film studios, music labels, gaming companies, theme parks, live performance venues, and streaming services.","This category focuses specifically on the entertainment sector's business and financial aspects, distinguishing it from the Media Industry (which covers news, journalism, and content distribution platforms) and the Publishing Industry (which covers book and periodical businesses)."
94,90,Environmental Services Industry,Business and Finance: Environmental Services Industry,Business and Finance > Industries > Environmental Services Industry,3,True,0,"Environmental Services Industry comprises companies and organizations that provide services to manage, treat, monitor, or remediate environmental impacts, including waste management, water treatment, air quality control, environmental consulting, and pollution prevention.","This category is distinguished from sibling industries by its primary focus on protecting, restoring, or managing natural and built environments, rather than producing goods (Manufacturing, Metals, Apparel), delivering sector-specific professional services (Legal, Management Consulting, Healthcare), or operating infrastructure systems (Power and Energy, Telecommunications, Logistics and Transportation)."
95,90,Financial Industry,Business and Finance: Financial Industry,Business and Finance > Industries > Financial Industry,3,True,0,"Financial services, banking, insurance, investment management, and related activities that facilitate the movement, management, and exchange of money and financial assets.","This category encompasses institutions and professionals that handle monetary transactions and financial products, distinguishing it from other industries like Technology (which provides digital tools), Real Estate (which deals in property), or Legal Services (which provides specialized advisory in law)."
96,90,Food Industry,Business and Finance: Food Industry,Business and Finance > Industries > Food Industry,3,True,0,"Food Industry encompasses businesses engaged in the production, processing, distribution, and retail sale of food and beverage products for human consumption.","This category is distinguished from its siblings by focusing specifically on companies that manufacture, package, or sell prepared food and drinks, whereas Agriculture provides the raw materials, Hospitality serves food in venues like restaurants, and Retail sells general merchandise alongside food products."
97,90,Healthcare Industry,Business and Finance: Healthcare Industry,Business and Finance > Industries > Healthcare Industry,3,True,0,"Content related to healthcare providers, facilities, systems, and services that directly deliver medical care to patients, including hospitals, clinics, medical practices, and healthcare administration.","This category covers organizations that provide medical services and treatment to patients, distinguishing it from the Pharmaceutical Industry (which manufactures drugs and medical products) and Biotech and Biomedical Industry (which develops medical technologies and biological innovations)."
98,90,Hospitality Industry,Business and Finance: Hospitality Industry,Business and Finance > Industries > Hospitality Industry,3,True,0,"This category encompasses businesses and organizations that provide lodging, food service, and leisure accommodations to travelers and guests, including hotels, resorts, restaurants, casinos, and related guest-oriented services.","The Hospitality Industry is distinguished from its siblings by its primary focus on delivering temporary accommodations and personalized service experiences to guests, rather than producing goods (Manufacturing, Metals, Apparel), providing transportation (Aviation, Logistics), or delivering professional services (Healthcare, Legal, Management Consulting)."
99,90,Information Services Industry,Business and Finance: Information Services Industry,Business and Finance > Industries > Information Services Industry,3,True,0,"Information Services Industry encompasses businesses that primarily provide data processing, database management, IT consulting, systems integration, and technical support services to other organizations.","This category is distinguished from its siblings by focusing on back-office information management and technical service delivery, whereas Technology Industry covers hardware and software product development, Telecommunications Industry handles communication infrastructure, Management Consulting Industry provides broader business strategy advice, and Financial Industry manages capital and investments."
100,90,Legal Services Industry,Business and Finance: Legal Services Industry,Business and Finance > Industries > Legal Services Industry,3,True,0,"Legal services provided by law firms, attorneys, and related professionals to individuals, corporations, and organizations for counsel, representation, and dispute resolution.","This category encompasses the specialized profession of law practice and advocacy, distinguishing it from other industries by its focus on providing expert legal advice and representation rather than goods, financial products, educational instruction, healthcare, or other professional services."
101,90,Logistics and Transportation Industry,Business and Finance: Logistics and Transportation Industry,Business and Finance > Industries > Logistics and Transportation Industry,3,True,0,"Content covering the movement, storage, and distribution of goods and services through supply chains, including warehousing, shipping, freight handling, and fleet management operations.","This category focuses on the infrastructure and operations that move physical goods and materials between locations, distinguishing it from industries that primarily provide services (Financial, Legal, Information Services), transform raw materials (Manufacturing, Metals), or serve end consumers directly (Retail, Food, Hospitality)."
102,90,Agriculture,Business and Finance: Agriculture,Business and Finance > Industries > Agriculture,3,True,0,"Agriculture is the production and cultivation of crops, livestock, and other organisms for food, fiber, fuel, and other products directly from land and natural resources.","This category focuses on the primary production and extraction of raw agricultural materials, distinguishing it from the Food Industry (which processes and distributes agricultural products), Environmental Services Industry (which manages land conservation), and Real Estate Industry (which deals with land as property rather than productive use)."
103,90,Management Consulting Industry,Business and Finance: Management Consulting Industry,Business and Finance > Industries > Management Consulting Industry,3,True,0,"Management consulting encompasses the provision of expert advice and strategic guidance to organizations on improving their business performance, operations, and organizational structure.","This category is distinguished from its siblings by focusing on advisory services that help clients optimize their business processes and strategy, rather than producing goods (Manufacturing, Agriculture, Apparel), providing specialized professional services in law or finance (Legal Services Industry, Financial Industry), or operating in sector-specific industries like Healthcare or Technology."
104,90,Manufacturing Industry,Business and Finance: Manufacturing Industry,Business and Finance > Industries > Manufacturing Industry,3,True,0,"Manufacturing Industry produces physical goods through the transformation of raw materials and components using machinery, labor, and industrial processes.","This category encompasses the production of tangible products across all sectors, distinguishing it from service-based industries (Financial, Legal, Consulting, Hospitality) and from specialized extraction or primary production industries (Agriculture, Mining, Power and Energy) that are separately classified."
105,90,Mechanical and Industrial Engineering Industry,Business and Finance: Mechanical and Industrial Engineering Industry,Business and Finance > Industries > Mechanical and Industrial Engineering Industry,3,True,0,"Content covering companies, organizations, products, services, workforce, markets, regulations, and economic trends specific to the design, manufacture, and operation of mechanical systems and industrial machinery.","This category focuses on the engineering and production of mechanical equipment and systems, distinguishing it from Civil Engineering (infrastructure and structures), Construction (building projects), Manufacturing (broader production processes), and Automotive/Aviation (specific vehicle applications)."
106,90,Media Industry,Business and Finance: Media Industry,Business and Finance > Industries > Media Industry,3,True,0,"Content about companies, business practices, economics, and market dynamics specifically within the media industry, including broadcasting, journalism, news organizations, and content distribution platforms.","This category focuses on the business operations and industry structure of media organizations themselves, distinguishing it from Publishing Industry (which emphasizes book and periodical production), Entertainment Industry (which covers film, music, and performance), and Advertising Industry (which addresses promotional services and ad placement)."
107,90,Metals Industry,Business and Finance: Metals Industry,Business and Finance > Industries > Metals Industry,3,True,0,"The Metals Industry encompasses the extraction, processing, refining, and distribution of metallic minerals and metals for use in manufacturing, construction, and various commercial applications.","This category is distinguished from its siblings by its focus on the production and trade of raw and semi-finished metal commodities, rather than the manufacture of finished metal products (which falls under Manufacturing), energy generation (Power and Energy), or resource extraction of non-metal minerals (which falls under Agriculture for certain materials)."
108,90,Non-Profit Organizations,Business and Finance: Non-Profit Organizations,Business and Finance > Industries > Non-Profit Organizations,3,True,0,"Organizations established to serve social, charitable, educational, or community purposes rather than to generate profit for owners or shareholders, including charities, foundations, NGOs, and community service groups.","This category encompasses mission-driven organizations across all sectors, whereas sibling categories represent for-profit industries organized by their specific economic activity or product focus (such as Healthcare Industry or Technology Industry)."
109,90,Pharmaceutical Industry,Business and Finance: Pharmaceutical Industry,Business and Finance > Industries > Pharmaceutical Industry,3,True,0,"This category encompasses companies and activities involved in the discovery, development, manufacturing, and distribution of pharmaceutical drugs and medications for human and veterinary use.","The Pharmaceutical Industry is distinguished from the closely related Biotech and Biomedical Industry by its focus on producing approved chemical and biological drugs at commercial scale, whereas Biotech emphasizes research, genetic engineering, and early-stage development of novel therapeutics."
110,90,Power and Energy Industry,Business and Finance: Power and Energy Industry,Business and Finance > Industries > Power and Energy Industry,3,True,0,"Content about companies, technologies, and business practices involved in the generation, transmission, distribution, and sale of electrical power and energy resources to consumers and industries.","This category focuses specifically on the infrastructure, utilities, and commercial operations of electricity and energy provision, distinguishing it from Environmental Services Industry (which addresses ecological impact management) and Mechanical and Industrial Engineering Industry (which covers equipment design and manufacturing)."
111,90,Publishing Industry,Business and Finance: Publishing Industry,Business and Finance > Industries > Publishing Industry,3,True,0,"Content about the creation, production, distribution, and sale of books, journals, magazines, and other printed or digital written materials as commercial products.","This category covers the business operations and economics of publishing houses and related firms, distinguishing it from the Media Industry (which focuses on broadcast and journalism) and the Information Services Industry (which covers data management and digital information platforms beyond traditional publishing)."
112,90,Real Estate Industry,Business and Finance: Real Estate Industry,Business and Finance > Industries > Real Estate Industry,3,True,0,"Content about the buying, selling, leasing, development, and management of residential, commercial, and industrial properties, including real estate transactions, property valuation, and real estate investment.","This category focuses on the property market and real estate operations themselves, distinct from Construction Industry (which covers building and infrastructure development) and Civil Engineering Industry (which addresses design and engineering of structures)."
113,90,Apparel Industry,Business and Finance: Apparel Industry,Business and Finance > Industries > Apparel Industry,3,True,0,"The apparel industry encompasses the design, manufacturing, distribution, and retail of clothing, footwear, and textile products for consumer wear.","This category is distinguished from its siblings by its specific focus on wearable garments and fashion goods, rather than covering broader manufacturing (Manufacturing Industry), retail environments (Retail Industry), raw materials like textiles (Metals Industry), or other specialized sectors."
114,90,Retail Industry,Business and Finance: Retail Industry,Business and Finance > Industries > Retail Industry,3,True,0,"Retail Industry encompasses the buying and selling of finished goods and merchandise directly to consumers through physical stores, e-commerce platforms, or other direct sales channels.","This category is distinguished from its siblings by its focus on the final sale of consumer products to end-users, whereas manufacturing creates those products, logistics distributes them, food and apparel industries specialize in specific product categories, and service industries (like hospitality, healthcare, and financial services) primarily deliver services rather than retail merchandise."
115,90,Technology Industry,Business and Finance: Technology Industry,Business and Finance > Industries > Technology Industry,3,True,0,"Content about companies, trends, practices, and developments in the technology sector, including software development, hardware manufacturing, IT services, semiconductors, cloud computing, artificial intelligence, and digital innovation.","This category encompasses technology-focused businesses and industry dynamics, distinguishing it from sibling categories like Telecommunications Industry (communication networks), Information Services Industry (data management and processing), Media Industry (content distribution), and Publishing Industry (print and digital publishing)."
116,90,Telecommunications Industry,Business and Finance: Telecommunications Industry,Business and Finance > Industries > Telecommunications Industry,3,True,0,"Content covering companies, markets, and operations related to providing voice, data, and messaging communication services through fixed-line, mobile, satellite, or internet infrastructure.","This category focuses specifically on communication service providers and network operators, distinguishing it from the Technology Industry (which covers software, hardware, and IT services), the Media Industry (which distributes content), and the Information Services Industry (which provides data and information products)."
117,90,Automotive Industry,Business and Finance: Automotive Industry,Business and Finance > Industries > Automotive Industry,3,True,0,"The automotive industry encompasses the design, manufacture, distribution, sale, and servicing of motor vehicles including cars, trucks, motorcycles, and related components and systems.","This category is distinguished from its siblings by its exclusive focus on the production and commercial activity of motorized vehicles, setting it apart from the Logistics and Transportation Industry (which handles movement of goods), Aviation Industry (which covers aircraft), and Manufacturing Industry (which encompasses broader industrial production beyond vehicles)."
118,90,Aviation Industry,Business and Finance: Aviation Industry,Business and Finance > Industries > Aviation Industry,3,True,0,"Aviation industry content encompasses commercial air transportation, aircraft manufacturing, airport operations, airline services, and aviation-related regulations and safety standards.","This category is distinguished from Logistics and Transportation Industry by focusing specifically on air-based transport and aviation businesses rather than broader ground, sea, or multimodal freight and passenger movement, and from Automotive Industry by addressing aircraft and air travel rather than motor vehicles."
119,90,Biotech and Biomedical Industry,Business and Finance: Biotech and Biomedical Industry,Business and Finance > Industries > Biotech and Biomedical Industry,3,True,0,"Biotech and Biomedical Industry develops and commercializes biological research, genetic engineering, medical devices, and biotechnological processes used in diagnostics, therapeutics, and life science applications.","This category encompasses companies focused on biotechnology innovation and biomedical product development, distinguishing it from the Pharmaceutical Industry (which manufactures drugs), Healthcare Industry (which delivers medical services), and Technology Industry (which develops general software and hardware solutions)."
120,90,Civil Engineering Industry,Business and Finance: Civil Engineering Industry,Business and Finance > Industries > Civil Engineering Industry,3,True,0,"Content focused on the design, planning, engineering, and management of infrastructure projects such as bridges, roads, dams, tunnels, water systems, and public works that form the built environment.","This category encompasses engineering disciplines that plan and design permanent physical infrastructure, distinguishing it from the Construction Industry (which performs the actual building work), Real Estate Industry (which deals with property development and transactions), and Mechanical and Industrial Engineering Industry (which focuses on machines and manufacturing systems)."
121,90,Construction Industry,Business and Finance: Construction Industry,Business and Finance > Industries > Construction Industry,3,True,0,"Content covering companies, practices, and trends related to the planning, design, and physical construction of buildings, infrastructure, and other structures, including general contractors, subcontractors, construction materials, and project management.","This category focuses on the physical building and assembly of structures, distinguishing it from Real Estate (property ownership and transactions), Civil Engineering (technical design and planning), and related industries like Manufacturing and Logistics that support but do not constitute construction work itself."
122,90,Defense Industry,Business and Finance: Defense Industry,Business and Finance > Industries > Defense Industry,3,True,0,"The Defense Industry encompasses companies and organizations that develop, manufacture, and provide military equipment, weapons systems, defense technology, and related services for government and military customers.","This category is distinguished from its siblings by its exclusive focus on products and services designed for military applications and national defense, whereas other industries serve commercial, civilian, or non-military public sectors."
123,,Careers,Careers: Careers,Careers,1,False,6,"Content about professional occupations, employment pathways, and the nature of work itself, including how people develop skills, secure positions, and advance in their chosen fields.","This category encompasses the entire employment lifecycle and career development, distinguishing it from Personal Finance (individual money management), Business and Finance (organizational and economic systems), and Education (formal learning institutions and academic subjects)."
124,123,Apprenticeships,Careers: Apprenticeships,Careers > Apprenticeships,2,True,0,Structured work-based learning programs where individuals gain practical skills and knowledge while earning wages under the guidance of experienced professionals in a specific trade or profession.,"This category focuses on formal apprenticeship programs with employer sponsorship and on-the-job training, distinct from broader career advice, long-term career planning, general job searching activities, remote work arrangements, or classroom-based vocational training without embedded employment."
125,123,Career Advice,Careers: Career Advice,Careers > Career Advice,2,True,0,"Content providing guidance, strategies, and best practices for professional development, workplace success, and navigating career-related challenges and decisions.","This category focuses on actionable advice and mentorship for current or aspiring professionals, while Career Planning addresses long-term trajectory mapping, Job Search covers job acquisition tactics, Apprenticeships and Vocational Training cover structured training programs, and Remote Working addresses work-location-specific guidance."
126,123,Career Planning,Careers: Career Planning,Careers > Career Planning,2,True,0,"Career Planning encompasses the process of assessing skills, interests, and values to set long-term professional goals and create actionable strategies for achieving them.","Career Planning differs from its siblings by focusing on self-assessment and goal-setting rather than specific training programs (Apprenticeships, Vocational Training), immediate job-seeking tactics (Job Search), professional guidance (Career Advice), or work arrangement preferences (Remote Working)."
127,123,Job Search,Careers: Job Search,Careers > Job Search,2,False,2,"This category contains content about actively searching for, applying to, and securing employment opportunities, including job boards, application strategies, and interview preparation.","It differs from its siblings by focusing on the tactical execution of finding and landing a specific job, rather than broader career guidance, long-term planning, alternative training paths, or work arrangement preferences."
128,127,Job Fairs,Careers: Job Fairs,Careers > Job Search > Job Fairs,3,True,0,"Content about organized events where employers meet job seekers to recruit, interview candidates, and distribute information about open positions and company opportunities.","This category focuses on events and venues where multiple employers gather to interact directly with candidates, whereas Resume Writing and Advice covers the documents and guidance candidates prepare independently before or between job fair interactions."
129,127,Resume Writing and Advice,Careers: Resume Writing and Advice,Careers > Job Search > Resume Writing and Advice,3,True,0,"Resume Writing and Advice covers guidance on creating, formatting, and optimizing resumes, including tips on content, structure, and presentation for job applications.","This category focuses on the document preparation and written application materials themselves, whereas Job Fairs addresses in-person recruitment events where candidates meet employers directly."
130,123,Remote Working,Careers: Remote Working,Careers > Remote Working,2,True,0,"Content about employment opportunities, roles, and practices specifically designed for or suited to working outside a traditional office environment, including remote job positions, distributed teams, and work-from-home arrangements.","This category focuses exclusively on remote work modalities and opportunities, whereas Career Advice addresses broad professional guidance, Career Planning covers long-term professional development strategy, Job Search covers active recruitment processes across all work settings, Apprenticeships and Vocational Training cover structured training programs leading to credentials or qualifications."
131,123,Vocational Training,Careers: Vocational Training,Careers > Vocational Training,2,True,0,"Vocational Training encompasses structured educational programs and courses designed to teach practical job-specific skills for immediate employment in trades, technical fields, or specialized professions.","This category focuses on formal instructional programs and skill-building curricula, distinguishing it from Apprenticeships (which combine on-the-job training with an employer), Career Advice (which offers guidance and mentoring), Career Planning (which focuses on long-term trajectory), Job Search (which addresses finding employment), and Remote Working (which addresses work environment and logistics)."
132,,Education,Education: Education,Education,1,False,12,"Content focused on teaching, learning, and academic development across all age groups and educational settings.","Education is distinguished from Careers by focusing on the learning process itself rather than professional development or job placement, and from Science by emphasizing pedagogical methods and institutions rather than scientific discovery or research."
133,132,Adult Education,Education: Adult Education,Education > Adult Education,2,True,0,"Content focused on learning programs, courses, and instruction designed for adults pursuing skill development, professional advancement, or personal enrichment outside traditional degree-granting institutions.","This category encompasses non-degree adult learning such as vocational training, professional certifications, and continuing education, distinguished from College Education which focuses on degree programs and from Online Education which describes a delivery method rather than a learner demographic."
134,132,Private School,Education: Private School,Education > Private School,2,True,0,"Private schools that charge tuition and operate independently from government funding systems, serving students across various grade levels and educational philosophies.","This category encompasses tuition-based independent schools distinct from public institutions, and excludes specialized educational services (Adult, Special, Assessment), alternative delivery methods (Online, Homeschooling), and specific educational stages when discussed as primary topics (Secondary, Primary, College, Early Childhood)."
135,132,Secondary Education,Education: Secondary Education,Education > Secondary Education,2,True,0,"Secondary Education encompasses formal instruction for students typically aged 11-18, covering intermediate and high school levels with a broad curriculum preparing students for higher education or workforce entry.","This category is distinguished from Primary Education by serving older students with subject specialization, from College Education by occurring before tertiary-level study, from Adult Education by targeting school-age youth rather than adults, and from Special Education, Private School, and other siblings by focusing on the standard secondary grade levels regardless of delivery method or student population characteristics."
136,132,Special Education,Education: Special Education,Education > Special Education,2,True,0,"Special Education encompasses instruction and services designed for students with disabilities, learning differences, or exceptional needs that require individualized education plans and specialized teaching methods.","Special Education is distinguished from its siblings by its focus on students with documented disabilities or exceptional needs requiring legally mandated accommodations and specialized instruction, whereas other categories address educational settings, age groups, or delivery methods applicable to general student populations."
137,132,College Education,Education: College Education,Education > College Education,2,False,3,"Content about academic programs, degrees, credentials, and experiences at institutions offering tertiary education typically spanning four years for bachelor's degrees and leading to higher qualifications.","This category focuses on post-secondary education at degree-granting institutions, distinguishing it from secondary education (high school), adult education (non-degree workforce training), and online education (delivery method rather than educational level)."
138,137,College Planning,Education: College Planning,Education > College Education > College Planning,3,True,0,"Content focused on preparing for, selecting, applying to, and making decisions about college attendance, including guidance on standardized tests, applications, financial aid, and choosing institutions.","This category addresses the pre-enrollment phase and decision-making process for college, distinct from Undergraduate Education which covers in-college experiences and academics, and Postgraduate Education which covers graduate and professional degree programs."
139,137,Postgraduate Education,Education: Postgraduate Education,Education > College Education > Postgraduate Education,3,False,1,"Advanced academic and vocational training pursued after completing an undergraduate degree, including master's programs, doctoral degrees, and specialized certifications.","This category encompasses post-baccalaureate studies distinct from the foundational college planning and four-year undergraduate programs, but includes professional school preparation as a subset of graduate-level education."
140,139,Professional School,Education: Professional School,Education > College Education > Postgraduate Education > Professional School,4,True,0,"Content that prepares students for specific licensed professions requiring advanced degrees beyond the bachelor's level, such as law, medicine, dentistry, veterinary medicine, or other regulated fields with professional credentials.","This category focuses on degree programs that culminate in professional licensure or certification required to practice a specific profession, distinguishing it from general graduate education that emphasizes research, theory, or academic advancement within disciplinary fields."
141,137,Undergraduate Education,Education: Undergraduate Education,Education > College Education > Undergraduate Education,3,True,0,"The study, enrollment, and completion of bachelor's degree programs and curricula at four-year and two-year institutions, including coursework, majors, and degree requirements.",Undergraduate education differs from College Planning (which covers pre-enrollment guidance and selection processes) and Postgraduate Education (which addresses graduate and professional degree programs beyond the bachelor's level).
142,132,Early Childhood Education,Education: Early Childhood Education,Education > Early Childhood Education,2,True,0,"Programs, services, and resources designed for children from birth through age five, including preschool, pre-K, and nursery education that focus on foundational development across cognitive, social, emotional, and physical domains.","This category is distinguished from Primary Education by its focus on children under age six and developmental readiness rather than formal academic instruction, and from all other sibling categories by its exclusive emphasis on the earliest stages of childhood development before formal schooling begins."
143,132,Educational Assessment,Education: Educational Assessment,Education > Educational Assessment,2,False,1,"Educational Assessment encompasses the methods, tools, and processes used to measure student learning, evaluate academic progress, and determine educational outcomes across all levels and contexts.","This category focuses on the measurement and evaluation of learning itself, while sibling categories address specific educational settings (Private School, College Education), student populations (Adult Education, Special Education, Early Childhood Education), delivery methods (Online Education, Homeschooling), or learning support activities (Homework and Study, Language Learning, Secondary Education, Primary Education)."
144,143,Standardized Testing,Education: Standardized Testing,Education > Educational Assessment > Standardized Testing,3,True,0,"This category encompasses tests designed to measure student knowledge and skills using uniform content, administration procedures, and scoring methods across all test-takers, including assessments like SAT, ACT, state proficiency exams, and AP tests.","Standardized Testing is distinguished from other educational assessment approaches by its emphasis on consistent, comparable measurement across large populations rather than individualized or classroom-specific evaluation methods."
145,132,Homeschooling,Education: Homeschooling,Education > Homeschooling,2,True,0,This category encompasses instructional programs and resources where parents or guardians assume primary responsibility for directing their children's education outside traditional institutional settings.,"Homeschooling is distinguished from its siblings by its defining characteristic of parental-led instruction in a home environment, whereas sibling categories cover either specific educational stages (Primary, Secondary, College, Early Childhood), specific delivery methods (Online Education, Private School), specialized populations (Special Education, Adult Education), or specific educational functions (Language Learning, Educational Assessment, Homework and Study)."
146,132,Homework and Study,Education: Homework and Study,Education > Homework and Study,2,True,0,"Content focused on assignments, study techniques, test preparation, and learning support activities that students undertake outside of formal classroom instruction.","This category encompasses student-driven academic work and learning strategies distinct from sibling categories that address specific educational institutions, age groups, specialized instruction types, or formal assessment mechanisms."
147,132,Language Learning,Education: Language Learning,Education > Language Learning,2,True,0,"Content focused on acquiring proficiency in foreign or additional languages through systematic instruction, practice, and skill development across listening, speaking, reading, and writing.","This category specifically addresses language acquisition as its primary educational focus, distinguishing it from general educational settings (Primary, Secondary, College, Private School) and other educational approaches (Adult Education, Online Education, Homeschooling) that may incidentally include language learning as one subject among many."
148,132,Online Education,Education: Online Education,Education > Online Education,2,True,0,"Online Education encompasses digital learning platforms, courses, and instruction delivered primarily through internet-based technologies, regardless of the learner's age or educational level.","This category is distinguished from its siblings by its focus on the delivery method (online/digital) rather than the learner's age group, educational stage, or specific educational context, capturing cross-cutting digital learning that may serve any of the other educational categories."
149,132,Primary Education,Education: Primary Education,Education > Primary Education,2,True,0,"Content about instruction, curriculum, and learning experiences designed for children typically ages 5-11 in formal classroom settings, covering foundational subjects like literacy, numeracy, science, and social studies.","This category focuses specifically on the elementary school level and general primary education systems, distinct from early childhood (preschool/kindergarten), secondary education (middle/high school), special education (individualized instruction for disabilities), and alternative formats like homeschooling or online education."
150,,Events and Attractions,Events and Attractions: Events and Attractions,Events and Attractions,1,False,25,Events and Attractions: Events and Attractions,"Content about specific gatherings, performances, venues, and experiences that people attend or visit for entertainment, cultural enrichment, celebration, or recreation."
151,150,Amusement and Theme Parks,Events and Attractions: Amusement and Theme Parks,Events and Attractions > Amusement and Theme Parks,2,True,0,"This category covers recreational facilities and entertainment venues designed with themed attractions, rides, games, and shows that provide amusement experiences for visitors of all ages.","Amusement and Theme Parks are distinguished from sibling categories by their focus on integrated, permanent venue-based entertainment combining mechanical rides with immersive environments, rather than single-purpose attractions like zoos, museums, theaters, or outdoor recreation areas."
152,150,Fashion Events,Events and Attractions: Fashion Events,Events and Attractions > Fashion Events,2,True,0,"Fashion shows, runway events, designer collections launches, fashion weeks, and apparel industry exhibitions that showcase clothing, accessories, and style trends to consumers and industry professionals.","Fashion Events focuses exclusively on curated presentations and exhibitions of clothing and design, distinguishing it from Malls & Shopping Centers (retail shopping venues), Awards Shows (achievement recognition ceremonies), Museums & Galleries (permanent artistic collections), and Business Expos & Conferences (broader industry gatherings)."
153,150,Historic Site and Landmark Tours,Events and Attractions: Historic Site and Landmark Tours,Events and Attractions > Historic Site and Landmark Tours,2,True,0,"Guided tours and educational experiences focused on visiting historic buildings, monuments, archaeological sites, and landmarks that have cultural, architectural, or historical significance.","This category differs from Museums & Galleries by emphasizing on-site exploration of actual historic structures and locations rather than curated collections, and differs from Parks & Nature by focusing on human-made or historically significant sites rather than natural landscapes."
154,150,Malls & Shopping Centers,Events and Attractions: Malls & Shopping Centers,Events and Attractions > Malls & Shopping Centers,2,True,0,"This category encompasses indoor and outdoor shopping destinations, retail centers, and commercial complexes where visitors can browse and purchase merchandise from multiple stores in one location.","Malls & Shopping Centers is distinguished from its siblings by focusing on retail commerce and shopping experiences rather than entertainment (Amusement Parks, Cinemas, Concerts), dining (Bars & Restaurants), cultural activities (Museums, Theater), or specialized venues (Casinos, Nightclubs, Zoos)."
155,150,Museums & Galleries,Events and Attractions: Museums & Galleries,Events and Attractions > Museums & Galleries,2,True,0,"Museums & Galleries includes establishments and exhibitions where visitors view curated collections of art, historical artifacts, scientific specimens, or cultural objects in permanent or temporary displays.","This category is distinguished from sibling categories by its focus on stationary institutions dedicated to preservation and educational display, rather than live performances (Musicals, Theater, Comedy, Concerts), experiential entertainment (Amusement Parks, Casinos, Nightclubs), commercial shopping (Malls), or specialized outdoor venues (Parks, Zoos, Historic Site Tours)."
156,150,Musicals,Events and Attractions: Musicals,Events and Attractions > Musicals,2,True,0,"Musicals are theatrical productions featuring songs, dance, and dialogue that together tell a narrative story, typically performed on stage with live actors and orchestral accompaniment.","Musicals differ from Theater Venues and Events by focusing specifically on the song-and-dance narrative genre rather than all theatrical productions, from Concerts & Music Events by emphasizing theatrical storytelling over musical performance alone, and from Comedy Events by prioritizing narrative musical theater rather than stand-up or comedic performance."
157,150,National & Civic Holidays,Events and Attractions: National & Civic Holidays,Events and Attractions > National & Civic Holidays,2,True,0,"Content in this category covers observances and celebrations of nationally recognized civic holidays and commemorative days established by government or widespread cultural tradition, such as Independence Day, Thanksgiving, Memorial Day, or Martin Luther King Jr. Day.","This category is distinguished from Religious Events by focusing on secular civic observances rather than faith-based celebrations, and from Personal Celebrations & Life Events by addressing holidays with national scope and official recognition rather than individual or family milestones."
158,150,Nightclubs,Events and Attractions: Nightclubs,Events and Attractions > Nightclubs,2,True,0,"Venues and events featuring live entertainment, dancing, DJing, and social gatherings that operate primarily during evening and late-night hours for adult audiences.","Nightclubs are distinguished from bars and restaurants by their primary focus on dancing and nightlife entertainment rather than food service, from concerts and music events by their emphasis on DJs and dancing over ticketed performances, and from casinos by the absence of gambling as a core activity."
159,150,Outdoor Activities,Events and Attractions: Outdoor Activities,Events and Attractions > Outdoor Activities,2,True,0,"Organized recreational activities and experiences conducted in outdoor settings that involve physical participation, adventure, or engagement with natural environments.","This category encompasses participatory outdoor pursuits and excursions, distinct from passive observation at venues (Parks & Nature, Zoos & Aquariums), structured entertainment events (Sporting Events, Concerts), or shopping and dining destinations (Malls & Shopping Centers, Bars & Restaurants)."
160,150,Parks & Nature,Events and Attractions: Parks & Nature,Events and Attractions > Parks & Nature,2,True,0,"Parks & Nature encompasses content about natural landscapes, gardens, botanical collections, nature reserves, and recreational green spaces designed for leisurely exploration and environmental appreciation.","This category differs from siblings by focusing on naturally occurring or cultivated outdoor environments for passive enjoyment, distinguishing it from Outdoor Activities (which emphasize sports and adventurous pursuits), Zoos & Aquariums (which feature captive wildlife displays), and Amusement Parks (which provide mechanical attractions and entertainment infrastructure)."
161,150,Party Supplies and Decorations,Events and Attractions: Party Supplies and Decorations,Events and Attractions > Party Supplies and Decorations,2,True,0,"Party Supplies and Decorations consists of physical items, services, and retailers specializing in materials used to decorate spaces and organize gatherings, such as balloons, banners, tableware, costumes, and rental equipment.","This category differs from its siblings by focusing on the consumable products and supplies needed to host events rather than the events themselves, venues where events occur, or experiences that constitute the actual entertainment or activity."
162,150,Awards Shows,Events and Attractions: Awards Shows,Events and Attractions > Awards Shows,2,True,0,"Award shows are televised or live ceremonies where industry professionals receive recognition and honors for outstanding achievements in film, television, music, theater, and other entertainment fields.","Awards shows are distinguished from other entertainment events by their primary focus on celebrating excellence and presenting competitive accolades within a specific industry, rather than on performance entertainment (like concerts or theater), recreational activities (like amusement parks or sporting events), or commercial purposes (like business expos or shopping centers)."
163,150,Personal Celebrations & Life Events,Events and Attractions: Personal Celebrations & Life Events,Events and Attractions > Personal Celebrations & Life Events,2,False,10,"Content about milestone moments in an individual's life—such as weddings, birthdays, graduations, and funerals—where the primary purpose is to celebrate, commemorate, or mark a significant personal transition.","This category focuses on intimate, personally-significant life events rather than large public gatherings, commercial venues, or professionally-organized entertainment (distinguishing it from theme parks, concerts, sporting events, and business expos), and it encompasses the personal ceremonies themselves rather than the venues or services that might host them."
164,163,Anniversary,Events and Attractions: Anniversary,Events and Attractions > Personal Celebrations & Life Events > Anniversary,3,True,0,"Content commemorating the recurring annual or milestone celebration of a significant past event, typically the marriage of two people, marked with specific gifts, dining, or renewal ceremonies.","This category covers celebrations of established unions and milestones, whereas Wedding addresses the initial marriage ceremony itself, Birthday marks individual annual birth dates, and other sibling categories represent distinct life events that occur once or at specific non-recurring moments."
165,163,Wedding,Events and Attractions: Wedding,Events and Attractions > Personal Celebrations & Life Events > Wedding,3,True,0,"Content describing ceremonial occasions where two people are united in marriage, including planning, venues, services, and related festivities.","This category encompasses the marriage ceremony and wedding celebration itself, distinct from preparatory events (bachelor/bachelorette parties), milestone anniversaries of marriages, or other life events like births and graduations."
166,163,Baby Shower,Events and Attractions: Baby Shower,Events and Attractions > Personal Celebrations & Life Events > Baby Shower,3,True,0,"Content focused on planning, hosting, attending, or celebrating a baby shower—a pre-birth social gathering to celebrate an expectant parent and prepare for a new baby's arrival.","This category captures celebratory events specifically anticipating a baby's birth, distinguishing it from Birth (the actual birth event), Birthday (celebrating a child's age after birth), and Wedding/Anniversary (celebrating romantic partnerships rather than parenthood)."
167,163,Bachelor Party,Events and Attractions: Bachelor Party,Events and Attractions > Personal Celebrations & Life Events > Bachelor Party,3,True,0,"A bachelor party is a celebratory gathering organized for a man before his wedding, typically featuring social activities, entertainment, and bonding with friends and family members.","This category is distinguished from its siblings by being specifically centered on pre-wedding celebrations for the groom, whereas Anniversary and Wedding mark the marriage itself, Bachelorette Party serves the bride, and other siblings celebrate different life milestones entirely."
168,163,Bachelorette Party,Events and Attractions: Bachelorette Party,Events and Attractions > Personal Celebrations & Life Events > Bachelorette Party,3,True,0,"Content celebrating a female-identified person's final days of singlehood before marriage, typically featuring festive activities, games, and gatherings with friends and family.","This category focuses specifically on pre-wedding celebrations for brides-to-be, distinguishing it from Bachelor Party (for grooms-to-be), Wedding (the marriage ceremony itself), and other life events that mark different milestones or relationship statuses."
169,163,Birth,Events and Attractions: Birth,Events and Attractions > Personal Celebrations & Life Events > Birth,3,True,0,"Content about the arrival of a newborn child, including the pregnancy, delivery, postpartum period, and immediate family adjustments following childbirth.","This category covers the actual birth event and its direct consequences, distinct from baby showers (pre-birth celebrations), birthdays (annual commemorations), and other life events that occur at different times."
170,163,Birthday,Events and Attractions: Birthday,Events and Attractions > Personal Celebrations & Life Events > Birthday,3,True,0,"Content about celebrating a person's anniversary of birth, including party planning, gift ideas, decorations, invitations, themes, and birthday-related traditions or customs.","This category is distinguished from its siblings by focusing specifically on the annual commemoration of someone's birth date, rather than other significant personal milestones such as marriages, new births, deaths, educational achievements, or other life events."
171,163,Funeral,Events and Attractions: Funeral,Events and Attractions > Personal Celebrations & Life Events > Funeral,3,True,0,"Content related to funeral services, memorial ceremonies, wakes, burial arrangements, and other observances marking the death of a person.","This category covers somber occasions centered on death and mourning, distinguishing it from sibling categories that celebrate births, milestones, relationships, and other joyful or positive life events."
172,163,Graduation,Events and Attractions: Graduation,Events and Attractions > Personal Celebrations & Life Events > Graduation,3,True,0,"This category contains content related to academic graduation ceremonies and celebrations, including high school, college, and advanced degree completion events.","It is distinguished from sibling categories by focusing specifically on the formal completion of educational programs, rather than personal milestones like birthdays and anniversaries, romantic events like weddings, or other life events like births and funerals."
173,163,Prom,Events and Attractions: Prom,Events and Attractions > Personal Celebrations & Life Events > Prom,3,True,0,"A formal dance event typically held by high schools and colleges as a significant social occasion for students, usually occurring in spring.","Prom is distinguished from other life events by being a peer-group celebration centered on a single festive occasion rather than marking a personal milestone like graduation, a romantic partnership like anniversary or wedding, or a family transition like birth or baby shower."
174,150,Political Event,Events and Attractions: Political Event,Events and Attractions > Political Event,2,True,0,"A political event is a public gathering, rally, debate, campaign function, or civic engagement activity organized around political candidates, parties, policies, or governmental issues.","Political events differ from business expos by focusing on electoral or advocacy outcomes rather than commerce, from religious events by addressing secular governance rather than faith practices, and from personal celebrations by serving collective civic participation rather than individual milestones."
175,150,Religious Events,Events and Attractions: Religious Events,Events and Attractions > Religious Events,2,True,0,"Religious Events encompasses gatherings, ceremonies, and observances organized around faith traditions, spiritual practices, and worship activities, including pilgrimages, festivals, services, and faith-based celebrations.","This category is distinguished from its siblings by its primary focus on spiritual devotion and religious practice rather than entertainment (Concerts, Theater, Comedy), cultural heritage (Museums, Historic Tours), secular celebrations (National & Civic Holidays, Personal Celebrations), or commercial activities (Shopping, Business Expos)."
176,150,Sporting Events,Events and Attractions: Sporting Events,Events and Attractions > Sporting Events,2,True,0,"Competitive athletic contests, matches, tournaments, and games where teams or individuals participate in organized sports with defined rules and outcomes.","Sporting Events differs from sibling categories by focusing exclusively on competitive athletic performances, distinguishing it from entertainment-focused events like Concerts, Comedy Events, and Musicals, as well as from venue-based categories like Bars & Restaurants, Casinos, and Cinemas."
177,150,Theater Venues and Events,Events and Attractions: Theater Venues and Events,Events and Attractions > Theater Venues and Events,2,True,0,"Theater Venues and Events encompass performance spaces, productions, and ticketed experiences featuring live dramatic works, plays, stage performances, and theatrical presentations.","This category differs from sibling categories by focusing specifically on dramatic stage performances and theater productions, distinct from Musicals (which emphasizes musical theater specifically), Concerts & Music Events (which centers on music performance), Comedy Events (which specializes in stand-up and comedic performance), Awards Shows (which are broadcast entertainment ceremonies), and Cinemas and Events (which feature film rather than live theater)."
178,150,Zoos & Aquariums,Events and Attractions: Zoos & Aquariums,Events and Attractions > Zoos & Aquariums,2,True,0,"This category contains facilities and events centered on live animal exhibits, whether featuring terrestrial species in zoo environments or aquatic species in aquarium environments.","This category differs from Parks & Nature by focusing on curated animal collections in contained facilities rather than natural ecosystems, and differs from Museums & Galleries by emphasizing living animals as the primary attraction rather than artifacts or artwork."
179,150,Bars & Restaurants,Events and Attractions: Bars & Restaurants,Events and Attractions > Bars & Restaurants,2,True,0,"This category encompasses dining and drinking establishments where people gather to consume food and beverages in a social setting, including casual eateries, fine dining restaurants, pubs, and bars.","Bars & Restaurants is distinguished from its siblings by focusing on venues primarily defined by food and drink service, rather than entertainment performances (Nightclubs, Concerts, Theater), shopping (Malls, Fashion Events), nature-based experiences (Parks, Zoos), or ticketed attractions (Amusement Parks, Museums, Casinos)."
180,150,Business Expos & Conferences,Events and Attractions: Business Expos & Conferences,Events and Attractions > Business Expos & Conferences,2,True,0,"Business Expos & Conferences are professional gatherings where companies, organizations, and individuals convene to showcase products, exchange industry knowledge, conduct networking, and explore business opportunities within specific sectors or general commerce.","This category encompasses events primarily focused on professional development and commercial networking, distinguishing it from entertainment-focused siblings like Concerts & Music Events, Theater Venues, and Fan Conventions, while also excluding consumer shopping experiences like Malls & Shopping Centers and recreational attractions."
181,150,Casinos & Gambling,Events and Attractions: Casinos & Gambling,Events and Attractions > Casinos & Gambling,2,True,0,"Content about establishments, venues, and organized activities where gambling and casino gaming are the primary attractions or activities offered.","This category covers gambling-focused venues and experiences, distinguishing it from Nightclubs (entertainment-first without gaming emphasis), Bars & Restaurants (food and beverage-focused), and Business Expos & Conferences (professional rather than recreational gambling activities)."
182,150,Cinemas and Events,Events and Attractions: Cinemas and Events,Events and Attractions > Cinemas and Events,2,True,0,"This category encompasses venues where films are screened and ticketed events held in cinema locations, including movie theaters and film festivals.","This category is distinguished from sibling categories by focusing specifically on cinema-based entertainment and film screenings, whereas Concerts & Music Events, Theater Venues and Events, Comedy Events, and Sporting Events cover different performance or entertainment mediums held in their respective specialized venues."
183,150,Comedy Events,Events and Attractions: Comedy Events,Events and Attractions > Comedy Events,2,True,0,"Comedy Events encompasses ticketed performances and shows where the primary entertainment purpose is to deliver humor through stand-up, sketches, improv, or comedic theatrical acts.","Comedy Events is distinguished from its siblings by focusing exclusively on humor-based live performances, whereas Musicals emphasize theatrical storytelling through song, Theater Venues cover dramatic and non-comedic stage productions, Concerts & Music Events center on musical performance, Nightclubs and Bars & Restaurants include comedy as part of broader entertainment venues, and Awards Shows, Sporting Events, and other siblings are organized around different primary purposes."
184,150,Concerts & Music Events,Events and Attractions: Concerts & Music Events,Events and Attractions > Concerts & Music Events,2,True,0,"This category encompasses ticketed or public musical performances and festivals featuring live or pre-recorded music across all genres, styles, and venues.","This category is distinguished from its siblings by focusing specifically on music-centered events, separate from comedy (Comedy Events), theater productions (Musicals and Theater Venues and Events), nightlife venues (Nightclubs and Bars & Restaurants), and general entertainment gatherings (Fan Conventions, Awards Shows)."
185,150,Fan Conventions,Events and Attractions: Fan Conventions,Events and Attractions > Fan Conventions,2,True,0,"Fan conventions are gatherings where enthusiasts of specific entertainment franchises, fictional universes, or pop culture properties assemble to celebrate, interact, and exchange merchandise related to their shared interests.","Fan conventions differ from awards shows, sporting events, and concerts by centering on fan community participation and fandom celebration rather than professional competition or entertainment performances, and they differ from business expos and conferences by prioritizing entertainment and hobby engagement over commercial or professional networking."
186,,Family and Relationships,Family and Relationships: Family and Relationships,Family and Relationships,1,False,7,"Content addressing interpersonal bonds, romantic partnerships, family structures, domestic relationships, and the life stages and transitions that characterize human connections within households and intimate circles.","This category focuses on personal relational dynamics and household life stages, distinguishing it from sibling categories like Careers (professional relationships), Religion & Spirituality (faith-based community bonds), and Events and Attractions (social gatherings rather than ongoing relationships)."
187,186,Bereavement,Family and Relationships: Bereavement,Family and Relationships > Bereavement,2,True,0,"Content about coping with loss, grief, mourning rituals, and the emotional and practical challenges following the death of a loved one.","This category addresses the experience of loss and grief itself, distinguishing it from Divorce (relationship dissolution while both parties live), Eldercare (support for living aging relatives), Marriage (union of living partners), Parenting (child-rearing), Dating (forming new romantic connections), and Single Life (navigating life without a partner)."
188,186,Dating,Family and Relationships: Dating,Family and Relationships > Dating,2,True,0,"This category covers content about romantic relationship formation, courtship practices, dating advice, and the experiences of people seeking or engaged in new romantic partnerships.","This category is distinguished from its siblings by focusing on the early stages and exploration of romantic connections, whereas Marriage and Civil Unions addresses established legal partnerships, Single Life addresses people not in romantic relationships, and the other siblings address major life transitions or caregiving responsibilities outside the dating context."
189,186,Divorce,Family and Relationships: Divorce,Family and Relationships > Divorce,2,True,0,"Content about the legal dissolution of marriages, separation agreements, custody arrangements, and the emotional or practical challenges people face when ending a marital relationship.","This category addresses the termination and aftermath of committed partnerships, distinguishing it from Marriage and Civil Unions (which covers formation and maintenance), Bereavement (which addresses death rather than separation), and Parenting (which focuses on child-rearing regardless of marital status)."
190,186,Eldercare,Family and Relationships: Eldercare,Family and Relationships > Eldercare,2,True,0,"Content addressing the care, support, and management of aging parents, relatives, or older adults, including practical, emotional, and financial dimensions of caregiving responsibilities.","This category focuses specifically on the challenges and decisions of caring for elderly dependents, distinguishing it from Bereavement (which addresses grief after death), Parenting (which concerns child-rearing), and Marriage and Civil Unions (which address spousal relationships rather than intergenerational care)."
191,186,Marriage and Civil Unions,Family and Relationships: Marriage and Civil Unions,Family and Relationships > Marriage and Civil Unions,2,True,0,"This category encompasses content about the formation, legal recognition, and maintenance of marital and civil union partnerships, including wedding planning, spousal dynamics, and the rights and responsibilities of married couples.","It is distinguished from its siblings by focusing on established committed partnerships rather than the events preceding them (Dating), dissolving them (Divorce, Bereavement), or alternative life states (Single Life), and by addressing couple-centered issues rather than parent-child or elder-care dynamics (Parenting, Eldercare)."
192,186,Parenting,Family and Relationships: Parenting,Family and Relationships > Parenting,2,False,7,"Content addressing the challenges, strategies, and experiences of raising and caring for children from infancy through adolescence, including developmental guidance, discipline, education support, and parent-child relationships.","This category focuses on the ongoing care and upbringing of dependent children, distinguishing it from Marriage and Civil Unions (adult partnerships), Dating (romantic relationship formation), Divorce (relationship dissolution), Single Life (adult living situations), Eldercare (caring for aging parents), and Bereavement (loss and grief)."
193,192,Adoption and Fostering,Family and Relationships: Adoption and Fostering,Family and Relationships > Parenting > Adoption and Fostering,3,True,0,"Content about legal processes, emotional experiences, and practical guidance related to adopting children or providing foster care, including preparation, placement, adjustment, and support resources.","This category focuses specifically on adoption and fostering relationships and their unique challenges, distinguishing it from other parenting categories that address age-specific development, institutional childcare arrangements, online safety concerns, or special needs support."
194,192,Daycare and Pre-School,Family and Relationships: Daycare and Pre-School,Family and Relationships > Parenting > Daycare and Pre-School,3,True,0,"This category covers information about selecting, evaluating, and managing daycare facilities and pre-school programs for young children, including educational approaches, costs, health and safety standards, and the childcare experience.","It is distinguished from sibling categories by focusing specifically on institutional or organized group-care settings and educational programs rather than adoption processes, online safety guidance, age-specific parenting advice, or specialized care for children with disabilities."
195,192,Internet Safety,Family and Relationships: Internet Safety,Family and Relationships > Parenting > Internet Safety,3,True,0,"Content addressing how parents and caregivers can protect children from online risks, including cyberbullying, inappropriate content, predators, privacy concerns, and healthy digital habits across all ages.","This category focuses on the dangers and safeguards of internet use itself, whereas its siblings address specific parenting stages (babies through teens), alternative care arrangements (adoption, fostering, daycare), or children with particular developmental needs."
196,192,Parenting Babies and Toddlers,Family and Relationships: Parenting Babies and Toddlers,Family and Relationships > Parenting > Parenting Babies and Toddlers,3,True,0,"Content providing guidance, advice, and information about caring for, developing, and raising infants and toddlers from birth through approximately age 3.","This category focuses exclusively on the earliest developmental stages (birth to age 3) and their specific challenges, whereas Parenting Children Aged 4-11 and Parenting Teens address older age groups, while Daycare and Pre-School covers institutional childcare settings rather than parental care itself."
197,192,Parenting Children Aged 4-11,Family and Relationships: Parenting Children Aged 4-11,Family and Relationships > Parenting > Parenting Children Aged 4-11,3,True,0,"Content focused on the developmental needs, behavioral challenges, educational support, and day-to-day parenting strategies specific to children in elementary school years.","This category addresses school-age children's unique developmental stage, distinguishing it from toddler parenting (which covers ages 0-3), teen parenting (which covers ages 12+), and specialized categories like adoption, daycare, internet safety, and special needs that may apply across multiple age groups."
198,192,Parenting Teens,Family and Relationships: Parenting Teens,Family and Relationships > Parenting > Parenting Teens,3,True,0,"Content addressing the challenges, strategies, and resources specific to raising adolescents, typically ages 13-19, including topics like communication, discipline, development, and navigating teenage independence.","This category focuses on the distinct developmental stage of adolescence and teenage-specific issues, whereas sibling categories cover either younger developmental periods (babies, toddlers, children 4-11), specialized parenting situations (adoption, fostering, special needs), or specific safety concerns (internet, daycare)."
199,192,Special Needs Kids,Family and Relationships: Special Needs Kids,Family and Relationships > Parenting > Special Needs Kids,3,True,0,"Content addressing the unique parenting challenges, support strategies, and resources specific to raising children with physical disabilities, developmental delays, behavioral disorders, chronic illnesses, or other special healthcare and educational needs.","This category focuses exclusively on parenting children with diagnosed special needs or disabilities, whereas its siblings address either different parenting contexts (adoption, daycare, internet safety) or developmental stages that don't inherently center on special needs care."
200,186,Single Life,Family and Relationships: Single Life,Family and Relationships > Single Life,2,True,0,"Single Life encompasses content about the experiences, challenges, and lifestyle choices of people who are not in committed romantic partnerships, including self-discovery, social connections, and personal fulfillment.","This category is distinguished from its siblings by focusing on unmarried individuals without a current partner, whereas Dating addresses the process of seeking relationships, Marriage covers committed unions, Divorce covers relationship dissolution, Bereavement covers loss of a partner, Parenting addresses child-rearing, and Eldercare covers aging family members."
201,,Fine Art,Fine Art: Fine Art,Fine Art,1,False,8,"Visual and sculptural works created primarily for aesthetic expression and appreciation, including painting, sculpture, printmaking, and drawing.","Fine Art differs from its siblings by focusing on traditional and contemporary visual art forms valued for artistic merit rather than functional application, distinguishing it from Design (applied visual solutions), Photography (image capture), and Performance arts like Dance, Theater, and Opera which are listed as its children."
202,201,Costume,Fine Art: Costume,Fine Art > Costume,2,True,0,"A visual and wearable art form that creates expressive garments and accessories as standalone artistic statements or for performance contexts, emphasizing aesthetic innovation, craftsmanship, and conceptual meaning.","Fine Art: Costume differs from its siblings by focusing on garments and wearable pieces as the primary artistic medium, distinguishing it from Design (which emphasizes functional and commercial utility), Dance and Theater (which use costume as a supporting element rather than the artwork itself), and Opera (which integrates costume within a musical-dramatic narrative context)."
203,201,Dance,Fine Art: Dance,Fine Art > Dance,2,True,0,"Choreography, performance, and criticism of movement-based artistic expression intended for live or recorded presentation by trained dancers.","Dance is distinguished from Theater by focusing on movement as the primary artistic medium rather than narrative or dialogue, from Opera by excluding sung vocal performance, and from Costume and Design by addressing the art form itself rather than its supporting production elements."
204,201,Design,Fine Art: Design,Fine Art > Design,2,True,0,"Visual and functional artistic work that emphasizes composition, form, color, and spatial relationships to create aesthetically purposeful objects, environments, or systems for both practical and conceptual ends.","Design differs from its siblings by focusing on the intentional structuring of visual and spatial elements for coherent aesthetic and functional outcomes, distinct from the performative nature of Dance, Theater, Opera, and Costume; the technical specificity of Fine Art Photography and Digital Arts; and the conceptual innovation of Modern Art."
205,201,Digital Arts,Fine Art: Digital Arts,Fine Art > Digital Arts,2,True,0,"Digital Arts encompasses artworks created, manipulated, or presented through digital technologies such as computer software, tablets, projection mapping, and other electronic media where the digital medium is integral to the artistic expression.","Digital Arts is distinguished from Fine Art Photography by its reliance on computational creation rather than photographic capture, from Design by prioritizing aesthetic and conceptual artistic intent over functional purpose, and from other siblings by being technology-dependent visual art rather than performance-based (Dance, Opera, Theater), wearable (Costume), or traditional fine art disciplines (Modern Art)."
206,201,Fine Art Photography,Fine Art: Fine Art Photography,Fine Art > Fine Art Photography,2,True,0,Fine Art Photography is the creation and presentation of photographs as autonomous artistic works intended for aesthetic contemplation rather than documentary or commercial purposes.,"Fine Art Photography differs from its siblings by using the camera and photographic processes as the primary medium of artistic expression, whereas Costume, Dance, Design, Digital Arts, Modern Art, Opera, and Theater employ photography as documentation or secondary element while privileging other artistic disciplines as their foundation."
207,201,Modern Art,Fine Art: Modern Art,Fine Art > Modern Art,2,True,0,"Modern Art encompasses paintings, sculptures, prints, and other traditional fine art media created primarily during the late 19th through mid-20th centuries that rejected academic conventions and experimented with form, color, and representation.","Modern Art differs from its siblings by focusing on avant-garde artistic movements and experimentation within classical fine art mediums, rather than applied design, performance-based disciplines like Dance, Theater, or Opera, costume, digital creation, or photography as a distinct medium."
208,201,Opera,Fine Art: Opera,Fine Art > Opera,2,True,0,"Opera is a dramatic art form combining music, singing, orchestral accompaniment, and theatrical staging to tell a story through the voices and performance of trained singers.","Opera is distinguished from its siblings by its essential requirement of sung vocal performance as the primary narrative vehicle, unlike Theater which uses spoken dialogue, Dance which centers on movement, and Design/Costume/Photography which are primarily visual disciplines or supporting arts."
209,201,Theater,Fine Art: Theater,Fine Art > Theater,2,True,0,"Theater encompasses live performances involving actors, scripts, staging, and audience interaction to tell stories or explore ideas through dramatic presentation.","Theater is distinguished from its siblings by its dependence on scripted dialogue and character-driven narratives performed live, differentiating it from Dance (movement-focused), Opera (music-centered), Design (visual planning), Costume (clothing objects), Digital Arts (non-live media), Fine Art Photography (static images), and Modern Art (conceptual or non-narrative visual works)."
210,,Food & Drink,Food & Drink: Food & Drink,Food & Drink,1,False,12,"This category encompasses content related to eating, drinking, culinary preparation, nutritional choices, and beverages of all types.","Food & Drink is distinguished from sibling categories by its focus on consumable items and eating/drinking practices, whereas Healthy Living addresses broader wellness topics, Shopping covers retail transactions generally, and Medical Health addresses disease and treatment."
211,210,Alcoholic Beverages,Food & Drink: Alcoholic Beverages,Food & Drink > Alcoholic Beverages,2,True,0,"Drinks and beverages containing alcohol that are intended for consumption, including beer, wine, spirits, liqueurs, and cocktails.","This category focuses on alcoholic drinks themselves, distinct from Non-Alcoholic Beverages which excludes alcohol content, and separate from Dining Out and Cooking which may discuss these drinks in broader culinary contexts."
212,210,Vegan Diets,Food & Drink: Vegan Diets,Food & Drink > Vegan Diets,2,True,0,"Vegan diets are eating plans that exclude all animal products, including meat, poultry, fish, dairy, eggs, and honey, focusing on plant-based foods for nutrition and sustenance.","This category is distinguished from Vegetarian Diets by its complete exclusion of all animal-derived products, from Food Movements by its focus on dietary practice rather than broader ethical movements, and from Healthy Cooking and Eating by its specificity to plant-based eating rather than general wellness approaches."
213,210,Vegetarian Diets,Food & Drink: Vegetarian Diets,Food & Drink > Vegetarian Diets,2,True,0,"This category encompasses dietary practices and content focused on eating patterns that exclude meat and fish but may include dairy products, eggs, and other animal-derived ingredients.","It is distinguished from Vegan Diets by permitting animal byproducts like dairy and eggs, from World Cuisines by focusing on dietary philosophy rather than geographic origin, and from other sibling categories by specifically addressing the vegetarian approach rather than cooking methods, meal contexts, or beverage types."
214,210,World Cuisines,Food & Drink: World Cuisines,Food & Drink > World Cuisines,2,True,0,"Content that explores the preparation methods, ingredients, flavors, and cultural traditions of food from specific regions and countries around the world.","This category focuses on cuisine types and culinary traditions defined by geography and culture, distinguishing it from siblings like Cooking (general techniques), Desserts and Baking (specific food categories), Dining Out (restaurant experiences), and dietary categories like Vegetarian Diets or Vegan Diets that restrict ingredient types rather than define them by origin."
215,210,Barbecues and Grilling,Food & Drink: Barbecues and Grilling,Food & Drink > Barbecues and Grilling,2,True,0,"Content about techniques, equipment, recipes, and culture specific to cooking food outdoors over fire or heat sources, particularly meat-focused preparations.","This category focuses on the outdoor cooking method and social practice of barbecuing, whereas Cooking covers general indoor food preparation, World Cuisines addresses regional culinary traditions, and Vegetarian/Vegan Diets emphasize dietary restriction rather than cooking method."
216,210,Cooking,Food & Drink: Cooking,Food & Drink > Cooking,2,True,0,"Content about techniques, methods, ingredients, and equipment used to prepare and cook food in general culinary contexts.","This category covers the practical and foundational aspects of food preparation, distinguishing it from specialized diet categories (Vegan, Vegetarian), specific cooking methods (Barbecues and Grilling), specific meal types (Desserts and Baking), beverage categories (Alcoholic and Non-Alcoholic Beverages), cuisine origins (World Cuisines), and dining contexts (Dining Out, Food Movements, Healthy Cooking and Eating, Food Allergies)."
217,210,Desserts and Baking,Food & Drink: Desserts and Baking,Food & Drink > Desserts and Baking,2,True,0,"Desserts and Baking encompasses content about creating and enjoying sweet treats, cakes, pastries, cookies, breads, and other baked goods, including recipes, techniques, and ingredients specific to these preparations.","This category focuses exclusively on sweet and baked goods preparation rather than general cooking techniques, dietary restrictions, cuisine styles, meal contexts, beverage preparation, or health and ethical food movements."
218,210,Dining Out,Food & Drink: Dining Out,Food & Drink > Dining Out,2,True,0,"This category encompasses the experience and practice of eating meals prepared and served at restaurants, cafes, food establishments, and commercial dining venues outside the home.","It is distinguished from its siblings by focusing on the act of patronizing food service businesses rather than specific dietary philosophies (Vegan, Vegetarian, Food Allergies), beverage types (Alcoholic, Non-Alcoholic), cooking methods (Cooking, Barbecues and Grilling, Desserts and Baking), cuisines (World Cuisines), or food-related movements and nutritional approaches (Food Movements, Healthy Cooking and Eating)."
219,210,Food Allergies,Food & Drink: Food Allergies,Food & Drink > Food Allergies,2,True,0,"Content addressing allergic reactions to food, allergen identification, safe food preparation for allergic individuals, and management of food allergies belongs in this category.","This category is distinguished from its siblings by focusing specifically on adverse immune responses to foods rather than dietary choices (Vegan/Vegetarian Diets), cuisine types (World Cuisines), preparation methods (Cooking, Barbecues), or beverage categories (Alcoholic/Non-Alcoholic Beverages)."
220,210,Food Movements,Food & Drink: Food Movements,Food & Drink > Food Movements,2,True,0,"Food Movements encompasses organized cultural, social, or philosophical trends that reshape how communities produce, consume, or think about food, such as locavorism, slow food, farm-to-table, or sustainable eating practices.","This category differs from its siblings by focusing on systemic movements and ideologies that influence food culture broadly, rather than on specific food types (Alcoholic Beverages, Non-Alcoholic Beverages, Desserts), dietary choices (Vegan Diets, Vegetarian Diets), preparation methods (Cooking, Barbecues and Grilling), or consumption contexts (Dining Out, World Cuisines, Healthy Cooking and Eating, Food Allerg"
221,210,Healthy Cooking and Eating,Food & Drink: Healthy Cooking and Eating,Food & Drink > Healthy Cooking and Eating,2,True,0,"Content focused on preparing and consuming food and beverages in ways that promote health, nutrition, and wellness through balanced dietary practices and cooking methods.","This category encompasses general healthy eating principles and techniques that apply across dietary philosophies, distinguishing it from specialized diet categories like Vegan Diets and Vegetarian Diets, and from cooking methods like Barbecues and Grilling or general Cooking."
222,210,Non-Alcoholic Beverages,Food & Drink: Non-Alcoholic Beverages,Food & Drink > Non-Alcoholic Beverages,2,True,0,"Drinkable beverages that contain little to no alcohol and are consumed for hydration, nutrition, or enjoyment, including water, juices, teas, coffees, soft drinks, and smoothies.","This category excludes drinks with significant alcohol content (Alcoholic Beverages) and diet-related content that focuses on food choices rather than beverages themselves (Vegan Diets, Vegetarian Diets, Food Allergies, Food Movements, Healthy Cooking and Eating)."
223,,Healthy Living,Healthy Living: Healthy Living,Healthy Living,1,False,8,"Healthy Living encompasses information and guidance focused on preventing disease, maintaining physical and mental wellness, and adopting lifestyle practices that promote long-term vitality and quality of life.","Healthy Living is distinguished from Medical Health by addressing preventive care, wellness practices, and lifestyle optimization rather than diagnosis, treatment, and management of existing medical conditions."
224,223,Children's Health,Healthy Living: Children's Health,Healthy Living > Children's Health,2,True,0,"Content addressing physical health, mental wellbeing, development, safety, and medical care specific to infants, children, and adolescents from birth through age 18.","This category focuses exclusively on health issues unique to or particularly relevant for children and teens, whereas Fitness and Exercise covers activity for all ages, Nutrition addresses dietary guidance broadly, Senior Health targets older adults, Women's Health and Men's Health address gender-specific adult concerns, Weight Loss focuses on weight management across populations, and Wellness covers general health practices applicable to multiple age groups."
225,223,Fitness and Exercise,Healthy Living: Fitness and Exercise,Healthy Living > Fitness and Exercise,2,False,2,"Physical activity, exercise routines, training programs, and fitness regimens designed to improve cardiovascular health, strength, flexibility, and overall physical conditioning.","This category focuses specifically on structured physical activity and exercise practices, distinct from Nutrition (dietary approaches), Wellness (holistic health practices), Weight Loss (body composition goals), and demographic-specific categories (Children's Health, Men's Health, Senior Health, Women's Health) that address fitness within particular population groups."
226,225,Participant Sports,Healthy Living: Participant Sports,Healthy Living > Fitness and Exercise > Participant Sports,3,True,0,Content about physical activities where individuals actively participate in organized sports competitions or recreational games that require athletic engagement and skill development.,"This category encompasses team and individual sports requiring specialized equipment, venues, or formal rules, whereas Running and Jogging focuses specifically on cardiovascular activities that require minimal equipment and can be performed anywhere."
227,225,Running and Jogging,Healthy Living: Running and Jogging,Healthy Living > Fitness and Exercise > Running and Jogging,3,True,0,"Content about the practice of running and jogging for fitness, health, and recreation, including training methods, techniques, equipment, and wellness benefits.","This category focuses on running and jogging as individual cardiovascular fitness activities, whereas Participant Sports encompasses team-based or competitive sports requiring opponents or structured game rules."
228,223,Men's Health,Healthy Living: Men's Health,Healthy Living > Men's Health,2,True,0,"Content addressing physical, mental, and medical health topics specific to men, including conditions, preventive care, and wellness practices unique to or disproportionately affecting male populations.","This category focuses exclusively on health concerns and conditions relevant to men, whereas Fitness and Exercise covers physical activity for all demographics, Nutrition addresses diet for general populations, Wellness covers broad health practices applicable to everyone, and Women's Health addresses female-specific concerns."
229,223,Nutrition,Healthy Living: Nutrition,Healthy Living > Nutrition,2,True,0,"Healthy Living: Nutrition encompasses evidence-based information about food choices, dietary patterns, nutrient intake, and eating habits that support overall health and disease prevention.","This category focuses specifically on what and how people eat to maintain health, distinct from fitness activities (Fitness and Exercise), life stage-specific health needs (Children's Health, Men's Health, Women's Health, Senior Health), medical weight reduction (Weight Loss), or broader wellness practices (Wellness)."
230,223,Senior Health,Healthy Living: Senior Health,Healthy Living > Senior Health,2,True,0,"Senior Health addresses medical conditions, preventive care, mobility, cognitive function, and wellness strategies specific to older adults aged 65 and above.","This category focuses exclusively on age-related health concerns and geriatric care distinct from general fitness programs, gender-specific health issues, nutritional guidance, or wellness topics that apply across all age groups."
231,223,Weight Loss,Healthy Living: Weight Loss,Healthy Living > Weight Loss,2,True,0,"Content that provides guidance, strategies, and evidence-based information specifically focused on achieving and maintaining healthy weight reduction through lifestyle modifications, dietary approaches, and behavioral changes.","This category focuses exclusively on weight loss methods and outcomes, whereas Fitness and Exercise emphasizes physical activity benefits beyond weight, Nutrition covers eating principles broadly, Wellness addresses overall wellbeing, and the health categories (Men's, Women's, Children's, Senior's) organize health topics by demographic rather than by weight management as the primary focus."
232,223,Wellness,Healthy Living: Wellness,Healthy Living > Wellness,2,False,3,"Wellness encompasses holistic practices and lifestyle approaches that promote mental, emotional, and physical well-being beyond treating specific diseases or conditions.","This category differs from its siblings by focusing on preventive and integrative well-being strategies, whereas Fitness emphasizes physical training, Nutrition addresses diet, Weight Loss targets body composition, and Children's/Men's/Women's/Senior Health address age or gender-specific concerns."
233,232,Alternative Medicine,Healthy Living: Alternative Medicine,Healthy Living > Wellness > Alternative Medicine,3,False,2,"Content covering non-conventional medical practices and therapies that fall outside standard allopathic medicine, including acupuncture, homeopathy, naturopathy, and traditional healing systems.","This category focuses on alternative approaches to health and disease prevention, distinct from Physical Therapy which uses evidence-based movement rehabilitation and Smoking Cessation which addresses a specific behavioral addiction."
234,233,Herbs and Supplements,Healthy Living: Herbs and Supplements,Healthy Living > Wellness > Alternative Medicine > Herbs and Supplements,4,True,0,"This category contains information about specific herbs, plant-based supplements, vitamins, minerals, and other natural substances used to support health and treat health conditions.",It differs from Holistic Health by focusing on individual medicinal substances and their properties rather than comprehensive wellness philosophies or integrated treatment approaches.
235,233,Holistic Health,Healthy Living: Holistic Health,Healthy Living > Wellness > Alternative Medicine > Holistic Health,4,True,0,"Holistic health encompasses practices and philosophies that treat the whole person—mind, body, and spirit—as an interconnected system to achieve wellness and disease prevention.","This category differs from Herbs and Supplements by focusing on integrated health systems, therapeutic practices, and lifestyle philosophies rather than on specific plant-based or nutritional products and their individual uses."
236,232,Physical Therapy,Healthy Living: Physical Therapy,Healthy Living > Wellness > Physical Therapy,3,True,0,"Physical therapy encompasses therapeutic exercises, techniques, and interventions delivered by licensed professionals to restore function, reduce pain, and improve mobility following injury, surgery, or chronic conditions.","This category differs from Alternative Medicine by focusing on evidence-based, professionally-administered movement and rehabilitation rather than non-conventional healing practices, and differs from Smoking Cessation by addressing physical rehabilitation and musculoskeletal health rather than behavioral addiction management."
237,232,Smoking Cessation,Healthy Living: Smoking Cessation,Healthy Living > Wellness > Smoking Cessation,3,True,0,"Content that provides guidance, strategies, resources, and support for individuals seeking to quit smoking or reduce tobacco use.","This category focuses specifically on tobacco cessation methods and behavioral change, distinguishing it from Alternative Medicine (which covers non-conventional healing practices broadly) and Physical Therapy (which addresses musculoskeletal rehabilitation and movement disorders)."
238,223,Women's Health,Healthy Living: Women's Health,Healthy Living > Women's Health,2,True,0,"Content addressing women-specific health conditions, preventive care, reproductive health, hormonal wellness, and medical topics unique to or predominantly affecting women across all life stages.","This category focuses exclusively on health concerns and conditions specific to women's physiology and healthcare needs, distinct from gender-neutral fitness and nutrition categories, and separate from men's and age-specific health categories."
239,,Hobbies & Interests,Hobbies & Interests: Hobbies & Interests,Hobbies & Interests,1,False,16,"Content about leisure activities, pastimes, and personal interests that individuals pursue for enjoyment, self-expression, or skill development outside of professional obligations.","This category serves as a broad umbrella for recreational pursuits and creative hobbies, distinguished from its siblings by focusing on activities done for personal fulfillment rather than on specific domains like automotive, business, education, or health that have their own dedicated categories."
240,239,Antiquing and Antiques,Hobbies & Interests: Antiquing and Antiques,Hobbies & Interests > Antiquing and Antiques,2,True,0,"Antiquing is the hobby of searching for, acquiring, evaluating, and collecting objects of historical value and aesthetic significance from past eras.","This category focuses specifically on finding and collecting aged or vintage items for their historical merit and craftsmanship, distinguishing it from the broader ""Collecting"" category which encompasses modern collectibles, and from ""Arts and Crafts"" which emphasizes making rather than acquiring finished pieces."
241,239,Magic and Illusion,Hobbies & Interests: Magic and Illusion,Hobbies & Interests > Magic and Illusion,2,True,0,"Content about the practice, performance, study, and appreciation of stage magic, sleight of hand, illusions, and magician techniques belongs in this category.","This category differs from Paranormal Phenomena by focusing on intentional, explainable tricks and entertainment rather than unexplained supernatural claims, and differs from Sci-fi and Fantasy by emphasizing practical performance methods rather than fictional narratives or worldbuilding."
242,239,Model Toys,Hobbies & Interests: Model Toys,Hobbies & Interests > Model Toys,2,True,0,"Model Toys encompasses the building, assembling, painting, and display of scale replica vehicles, figures, buildings, and other objects from kits or pre-made components.","This category differs from its siblings by focusing specifically on static scale models and their construction, whereas Radio Control addresses motorized remote-operated vehicles, Collecting covers broader acquisition practices, Arts and Crafts involves general creative projects, and Workshops and Classes are instructional venues rather than the hobby activity itself."
243,239,Musical Instruments,Hobbies & Interests: Musical Instruments,Hobbies & Interests > Musical Instruments,2,True,0,"This category encompasses the pursuit of learning, playing, collecting, or maintaining musical instruments as a recreational activity or passionate interest.","It is distinguished from its siblings by focusing specifically on instrumental musicianship and instrument-related hobbies, rather than broader creative pursuits like Arts and Crafts, alternative interests like Paranormal Phenomena or Sci-fi and Fantasy, or structured learning like Workshops and Classes."
244,239,Paranormal Phenomena,Hobbies & Interests: Paranormal Phenomena,Hobbies & Interests > Paranormal Phenomena,2,True,0,"This category encompasses hobbies and interests focused on investigating, studying, or exploring unexplained phenomena such as ghosts, UFOs, cryptids, psychic abilities, hauntings, and other supernatural or allegedly paranormal occurrences.","It differs from its siblings by centering on genuine belief in or investigation of unexplained real-world phenomena, rather than fictional entertainment (Sci-fi and Fantasy), staged performance (Magic and Illusion), collectible objects (Collecting, Model Toys), or structured learning activities (Workshops and Classes)."
245,239,Radio Control,Hobbies & Interests: Radio Control,Hobbies & Interests > Radio Control,2,True,0,"Content about operating, building, customizing, and racing miniature vehicles and aircraft controlled remotely via radio transmitters, including drones, RC cars, boats, and helicopters.","This category focuses on the active piloting and engineering of radio-controlled devices themselves, distinguishing it from Model Toys (static display models), Arts and Crafts (general creative projects), and Games and Puzzles (non-mechanical recreational activities)."
246,239,Sci-fi and Fantasy,Hobbies & Interests: Sci-fi and Fantasy,Hobbies & Interests > Sci-fi and Fantasy,2,True,0,"Sci-fi and Fantasy encompasses hobbies and interests related to science fiction and fantasy genres, including media consumption, fandom participation, and creative engagement with speculative fictional worlds.","This category focuses on fictional speculative narratives and worldbuilding (sci-fi and fantasy stories, universes, and themed communities) rather than paranormal belief systems, hands-on crafting or collecting of specific objects, games with established rules, content creation as a primary focus, or magical performance arts."
247,239,Workshops and Classes,Hobbies & Interests: Workshops and Classes,Hobbies & Interests > Workshops and Classes,2,True,0,Organized educational experiences and instructional programs where participants develop new skills or deepen existing knowledge in specific hobby or interest areas.,"This category encompasses formal or structured learning opportunities, distinguishing it from sibling categories that focus on the activities, objects, or phenomena themselves rather than on taking classes or attending workshops to learn about them."
248,239,Arts and Crafts,Hobbies & Interests: Arts and Crafts,Hobbies & Interests > Arts and Crafts,2,False,9,"Arts and Crafts encompasses hands-on creative activities where individuals design, construct, or decorate physical objects using various materials and techniques to produce functional or aesthetic works.","This category differs from its siblings by focusing on the creative production process itself rather than collecting finished items (Collecting, Antiquing), performing or entertaining (Magic and Illusion), studying non-material subjects (Paranormal Phenomena, Genealogy), or pursuing activities centered on specific objects or animals (Musical Instruments, Model Toys, Radio Control, Beekeeping, Birdwatching)."
249,248,Beadwork,Hobbies & Interests: Beadwork,Hobbies & Interests > Arts and Crafts > Beadwork,3,True,0,"Beadwork is the craft of creating decorative items and designs by stringing, weaving, or attaching small beads together using various techniques and materials.","Beadwork is distinguished from its siblings by its focus on beads as the primary medium, whereas Jewelry Making encompasses broader jewelry creation methods, Needlework uses thread and fabric, and other siblings employ entirely different materials like paint, wood, or photographs."
250,248,Candle and Soap Making,Hobbies & Interests: Candle and Soap Making,Hobbies & Interests > Arts and Crafts > Candle and Soap Making,3,True,0,"Content about the techniques, materials, and processes involved in creating handmade candles and soaps for personal use, gifting, or small-scale business purposes.","This category focuses specifically on the crafting of candles and soaps through methods like pouring, molding, and mixing, distinguishing it from other arts and crafts that work with beads, textiles, wood, or visual media like drawing and photography."
251,248,Drawing and Sketching,Hobbies & Interests: Drawing and Sketching,Hobbies & Interests > Arts and Crafts > Drawing and Sketching,3,True,0,"Content about creating visual art through hand-drawn marks using pencils, charcoal, ink, or similar implements on paper or similar surfaces.","This category focuses on the process and techniques of drawing and sketching itself, distinguishing it from Painting (which uses liquid media and brushes), Photography (which captures images mechanically), and other crafts like Woodworking or Jewelry Making that work with different materials."
252,248,Jewelry Making,Hobbies & Interests: Jewelry Making,Hobbies & Interests > Arts and Crafts > Jewelry Making,3,True,0,"Jewelry Making is the craft of designing and constructing ornamental items worn on the body, including rings, necklaces, bracelets, and earrings using techniques such as metalworking, stone setting, and wire wrapping.","This category is distinguished from its siblings by focusing specifically on wearable adornments created through techniques like soldering and metalworking, whereas Beadwork emphasizes strung or woven beads, Needlework involves fabric and thread, and other siblings focus on entirely different mediums like paint, wood, or photography."
253,248,Needlework,Hobbies & Interests: Needlework,Hobbies & Interests > Arts and Crafts > Needlework,3,True,0,"Needlework encompasses decorative and functional textile arts created by hand using needles, thread, and fabric, including embroidery, cross-stitch, knitting, crochet, sewing, and tapestry.","This category is distinguished from its siblings by focusing specifically on techniques that join, loop, or pierce thread through fabric or yarn, rather than creating art through beads, photography, painting, drawing, woodworking, candle/soap making, or scrapbooking."
254,248,Painting,Hobbies & Interests: Painting,Hobbies & Interests > Arts and Crafts > Painting,3,True,0,"Painting is the practice of applying liquid pigments, dyes, or paints to surfaces using brushes, tools, or other applicators to create visual artwork in various styles and mediums.","Painting differs from Drawing and Sketching by using wet or fluid media applied with brushes or similar tools, whereas Drawing uses dry media like pencils or charcoal; it differs from Photography by being a manual artistic creation rather than image capture, and from other crafts like Jewelry Making, Needlework, and Woodworking by focusing specifically on paint application as its primary technique."
255,248,Photography,Hobbies & Interests: Photography,Hobbies & Interests > Arts and Crafts > Photography,3,True,0,"Photography is the practice of capturing, editing, and displaying images using cameras and digital tools to document scenes, subjects, or artistic visions.","Photography is distinguished from its sibling categories by its dependence on light-capture technology and optical devices rather than hand-applied materials like beads, paint, or fabric, or manual drawing techniques."
256,248,Scrapbooking,Hobbies & Interests: Scrapbooking,Hobbies & Interests > Arts and Crafts > Scrapbooking,3,True,0,"Scrapbooking involves arranging and preserving photographs, memorabilia, and written reflections in decorated albums or pages to create personalized visual narratives and keepsakes.","This category differs from its siblings by focusing on the curation and artistic presentation of pre-existing photographs and mementos rather than creating new art objects, textiles, or craft items from raw materials."
257,248,Woodworking,Hobbies & Interests: Woodworking,Hobbies & Interests > Arts and Crafts > Woodworking,3,True,0,"Hobbies involving the design, creation, and finishing of wooden objects through hand tools, machinery, and joinery techniques.","This category focuses specifically on working with wood as the primary material, distinguishing it from fiber-based crafts like needlework and beadwork, and from visual arts like drawing and painting that don't necessarily produce functional or three-dimensional wooden objects."
258,239,Beekeeping,Hobbies & Interests: Beekeeping,Hobbies & Interests > Beekeeping,2,True,0,"Beekeeping encompasses the practice of maintaining and managing honeybee colonies for honey production, pollination, education, or personal interest.","This category is distinguished from its siblings by focusing specifically on the active husbandry and care of live bee colonies, whereas related categories like Birdwatching involve observation without management, Collecting involves acquiring objects, and Workshops and Classes are about learning venues rather than the hobby itself."
259,239,Birdwatching,Hobbies & Interests: Birdwatching,Hobbies & Interests > Birdwatching,2,True,0,"Activities and knowledge focused on observing, identifying, and studying wild birds in their natural habitats, including field trips, species tracking, and ornithological education.","Birdwatching is distinguished from its siblings by centering on the outdoor observation and study of live birds in nature, whereas related hobbies like Beekeeping involve active animal husbandry, Collecting focuses on acquiring objects, and others like Arts and Crafts or Games and Puzzles involve different primary activities entirely."
260,239,Cigars,Hobbies & Interests: Cigars,Hobbies & Interests > Cigars,2,True,0,"This category encompasses the cultivation of knowledge, appreciation, and engagement with cigars, including their history, production methods, varieties, taste profiles, and the social or cultural practices surrounding their enjoyment.","Cigars is distinguished from its siblings by focusing specifically on tobacco products and cigar culture, whereas related categories like Collecting address broader acquisition practices, Workshops and Classes cover instructional activities across many domains, and Arts and Crafts involve creative making rather than consumption or connoisseurship."
261,239,Collecting,Hobbies & Interests: Collecting,Hobbies & Interests > Collecting,2,False,2,"Collecting encompasses the systematic acquisition, organization, and appreciation of objects of value, rarity, or personal interest as a primary hobby.","This category differs from its siblings by focusing on the general practice of assemblage across any subject matter, whereas siblings either address specific collectible types (Comic Books, Stamps and Coins, Model Toys, Musical Instruments, Cigars), specialized activities (Antiquing, Birdwatching, Beekeeping), or entirely different leisure pursuits (Magic, Games, Arts and Crafts, Genealogy, Workshops)."
262,261,Comic Books,Hobbies & Interests: Comic Books,Hobbies & Interests > Collecting > Comic Books,3,True,0,"Comic books are periodical or graphic narrative publications featuring sequential art and stories, typically in serialized format with recurring characters and universes.","Comic books differ from stamps and coins by focusing on illustrated narrative entertainment media rather than philatelic or numismatic collectibles valued primarily for historical, postal, or monetary significance."
263,261,Stamps and Coins,Hobbies & Interests: Stamps and Coins,Hobbies & Interests > Collecting > Stamps and Coins,3,True,0,"Content about the collection, valuation, history, and appreciation of postage stamps and numismatic coins as hobby items.","This category focuses on philatelic and numismatic collectibles, while Comic Books encompasses the collecting of comic book publications and related sequential art media."
264,239,Content Production,Hobbies & Interests: Content Production,Hobbies & Interests > Content Production,2,False,4,"Content Production encompasses the creation and development of media, written, or artistic works intended for distribution or public consumption.","This category is distinguished from its siblings by focusing on the active creation of finished content for audiences, whereas siblings like Arts and Crafts emphasize creative processes for personal enjoyment, Collecting involves gathering existing items, and Workshops and Classes are about learning rather than producing finished work."
265,264,Audio Production,Hobbies & Interests: Audio Production,Hobbies & Interests > Content Production > Audio Production,3,True,0,"Audio Production encompasses the creation, editing, mixing, and mastering of sound content including podcasts, music, audiobooks, and sound design for various media formats.","This category differs from its siblings by focusing specifically on audio as the primary medium, whereas Freelance Writing deals with text-based content, Screenwriting focuses on narrative scripts for visual media, and Video Production emphasizes visual storytelling with audio as a supporting element."
266,264,Freelance Writing,Hobbies & Interests: Freelance Writing,Hobbies & Interests > Content Production > Freelance Writing,3,True,0,Hobbies & Interests: Freelance Writing,"Writing for clients on a project basis across diverse formats such as articles, blog posts, web copy, marketing materials, and technical documentation."
267,264,Screenwriting,Hobbies & Interests: Screenwriting,Hobbies & Interests > Content Production > Screenwriting,3,True,0,"Screenwriting encompasses the craft of writing scripts for film, television, web series, and other visual media, including story development, dialogue, formatting, and adaptation techniques.","Screenwriting differs from its siblings by focusing specifically on script composition for visual media rather than audio-only content (Audio Production), text-based written works (Freelance Writing), or the technical production and editing of filmed material (Video Production)."
268,264,Video Production,Hobbies & Interests: Video Production,Hobbies & Interests > Content Production > Video Production,3,True,0,"Video Production encompasses the creation, editing, and distribution of visual content captured through cameras or digital recording technology.","This category differs from its siblings by focusing specifically on the technical and creative processes of filming and post-production video work, rather than audio-only creation (Audio Production), written content (Freelance Writing), or script development for performance (Screenwriting)."
269,239,Games and Puzzles,Hobbies & Interests: Games and Puzzles,Hobbies & Interests > Games and Puzzles,2,False,3,"Games and Puzzles encompasses hobbies centered on recreational activities that challenge the mind through rules, strategy, competition, or problem-solving, whether played alone or with others.","This category is distinguished from its siblings by focusing on the interactive gameplay and mental engagement of structured games and puzzles themselves, rather than on collecting objects (Collecting), creating content (Content Production), crafting items (Arts and Crafts), or engaging with specific themed narratives (Sci-fi and Fantasy)."
270,269,Board Games and Puzzles,Hobbies & Interests: Board Games and Puzzles,Hobbies & Interests > Games and Puzzles > Board Games and Puzzles,3,True,0,"Content about tabletop games played with physical boards, pieces, and/or tiles where players take turns moving or placing components to achieve victory conditions, as well as jigsaw puzzles and logic puzzles designed for recreational solving.",This category encompasses games requiring a physical game board and components (distinguishing it from Card Games which focus on deck-based play) and excludes narrative-driven role-playing systems (distinguishing it from Roleplaying Games which emphasize character creation and storytelling).
271,269,Card Games,Hobbies & Interests: Card Games,Hobbies & Interests > Games and Puzzles > Card Games,3,True,0,"This category encompasses activities centered on playing games with standard decks, trading card games, collectible card games, and other card-based gameplay for recreation and entertainment.","Card Games is distinguished from Board Games and Puzzles by focusing exclusively on card-based mechanics rather than board layouts or puzzle-solving, and from Roleplaying Games by emphasizing structured card play rules over narrative character development and storytelling."
272,269,Roleplaying Games,Hobbies & Interests: Roleplaying Games,Hobbies & Interests > Games and Puzzles > Roleplaying Games,3,True,0,Hobbies & Interests: Roleplaying Games,"Roleplaying games are interactive games where players assume the roles of characters and collectively navigate narratives, typically guided by a game master or rules system, using imagination and dice or other mechanics to determine outcomes."
273,239,Genealogy and Ancestry,Hobbies & Interests: Genealogy and Ancestry,Hobbies & Interests > Genealogy and Ancestry,2,True,0,"Genealogy and ancestry includes content about researching family history, building family trees, discovering ancestral origins, and learning about one's biological and cultural heritage.","This category differs from sibling categories by focusing on the personal investigation and documentation of family lineages rather than collecting objects (Antiquing, Collecting), pursuing entertainment or creative activities (Magic, Games, Arts and Crafts), or studying external subjects (Paranormal, Sci-fi, Birdwatching)."
274,,Home & Garden,Home & Garden: Home & Garden,Home & Garden,1,False,11,"Content about maintaining, improving, decorating, and managing residential living spaces and their surrounding outdoor areas.","This category encompasses the physical spaces and systems of homes and gardens, distinguishing it from Real Estate (which focuses on property buying/selling/investing) and Shopping (which addresses purchasing goods generally)."
275,274,Gardening,Home & Garden: Gardening,Home & Garden > Gardening,2,True,0,"Content about growing, cultivating, and maintaining plants, flowers, vegetables, and herbs in gardens, containers, and indoor spaces, including techniques, tools, and horticultural knowledge.","This category focuses on active plant cultivation and care practices, distinguishing it from Landscaping (which addresses outdoor design and layout), Outdoor Decorating (which emphasizes aesthetic embellishment), and Home Improvement (which covers structural and functional home modifications)."
276,274,Remodeling & Construction,Home & Garden: Remodeling & Construction,Home & Garden > Remodeling & Construction,2,True,0,"Content about planning, executing, and managing structural modifications, renovations, and new construction projects within residential spaces, including contractor selection, building permits, material sourcing, and construction methodologies.","This category focuses on structural and infrastructural work that fundamentally alters or expands the physical building itself, distinguishing it from Home Improvement (which covers repairs and minor upgrades), Interior Decorating (which addresses aesthetic finishing), and Landscaping (which pertains to outdoor grounds)."
277,274,Smart Home,Home & Garden: Smart Home,Home & Garden > Smart Home,2,True,0,"Content about internet-connected devices and systems that automate, monitor, or control household functions such as lighting, temperature, entertainment, and appliance management.","This category focuses on networked automation and remote control technologies for the home, whereas Home Security addresses safety systems, Home Appliances covers standalone kitchen and laundry devices, Home Improvement encompasses structural and functional upgrades, and Indoor Environmental Quality deals with air and water quality management."
278,274,Home Appliances,Home & Garden: Home Appliances,Home & Garden > Home Appliances,2,True,0,"This category contains appliances designed for household use that perform essential domestic functions such as cooking, cleaning, food storage, and laundry.","It focuses on mechanical or electrical devices for routine home operations, distinguishing it from Smart Home (which emphasizes connectivity and automation), Home Security (surveillance and protection systems), Indoor Environmental Quality (climate and air control), and Interior Decorating (aesthetic furnishings and décor)."
279,274,Home Entertaining,Home & Garden: Home Entertaining,Home & Garden > Home Entertaining,2,True,0,"Content covering the planning, hosting, and execution of social gatherings, parties, and events within residential spaces, including techniques, etiquette, and practical guidance for entertaining guests.","This category focuses specifically on the social and logistical aspects of hosting gatherings, distinguishing it from Interior Decorating (permanent aesthetic design), Outdoor Decorating (seasonal/event decoration of exterior spaces), Home Appliances (kitchen equipment), and Home Improvement (structural or functional upgrades)."
280,274,Home Improvement,Home & Garden: Home Improvement,Home & Garden > Home Improvement,2,True,0,"Home improvement content covers tools, techniques, and projects for maintaining, repairing, and enhancing residential spaces through do-it-yourself work and practical home maintenance.","This category focuses on general repair and maintenance skills rather than major structural renovations (Remodeling & Construction), outdoor plant cultivation (Gardening), technological systems (Smart Home), appliance selection and use (Home Appliances), aesthetic design choices (Interior Decorating), or specialized topics like security and landscaping."
281,274,Home Security,Home & Garden: Home Security,Home & Garden > Home Security,2,True,0,"This category covers systems, devices, and strategies designed to protect residential properties from unauthorized access, theft, and intrusion, including locks, alarms, surveillance, and monitoring solutions.","It focuses specifically on security measures that prevent crime and unauthorized entry, distinguishing it from Smart Home (which emphasizes convenience automation), Home Improvement (general property enhancement), and Indoor Environmental Quality (which addresses health and comfort factors)."
282,274,Indoor Environmental Quality,Home & Garden: Indoor Environmental Quality,Home & Garden > Indoor Environmental Quality,2,True,0,"Content about maintaining and improving the air quality, humidity levels, temperature control, and overall environmental conditions inside residential spaces to support health and comfort.","This category focuses specifically on the physical environmental conditions within homes (air quality, moisture, temperature, ventilation, pollutants) rather than the aesthetic design choices (Interior Decorating), structural changes (Remodeling & Construction), automated systems (Smart Home), equipment maintenance (Home Appliances), or outdoor spaces (Landscaping, Outdoor Decorating)."
283,274,Interior Decorating,Home & Garden: Interior Decorating,Home & Garden > Interior Decorating,2,True,0,"This category covers the selection, arrangement, and styling of furnishings, décor, and aesthetic elements used to enhance the interior appearance and ambiance of living spaces.","It is distinguished from its siblings by focusing exclusively on decorative and styling choices for indoor spaces, rather than structural modifications (Remodeling & Construction), technological systems (Smart Home), outdoor aesthetics (Outdoor Decorating), or functional installations like appliances or security systems."
284,274,Landscaping,Home & Garden: Landscaping,Home & Garden > Landscaping,2,True,0,"Content about designing, installing, and maintaining outdoor grounds, including lawn care, hardscaping, plants arrangement, and landscape design for residential properties.","This category focuses on the outdoor aesthetic and functional layout of property grounds, distinguishing it from Gardening (which emphasizes growing plants and crops) and Outdoor Decorating (which covers seasonal or decorative elements rather than permanent landscape structure)."
285,274,Outdoor Decorating,Home & Garden: Outdoor Decorating,Home & Garden > Outdoor Decorating,2,True,0,"Content about selecting, arranging, and displaying decorative items, furnishings, and aesthetic elements on exterior residential spaces such as patios, porches, decks, and yards.","This category focuses on the visual presentation and embellishment of outdoor spaces, distinguishing it from Landscaping (which covers plants and terrain design), Gardening (which addresses plant cultivation), and Home Improvement (which encompasses structural repairs and upgrades)."
286,,Medical Health,Medical Health: Medical Health,Medical Health,1,False,6,"Content about diseases, medical conditions, treatments, diagnostic procedures, pharmaceuticals, surgical interventions, vaccines, and medical services provided by healthcare professionals.","Medical Health is distinguished from Healthy Living by focusing on treatment and management of illness rather than wellness practices, and from Science by concentrating on applied clinical medicine rather than biological research or theory."
287,286,Diseases and Conditions,Medical Health: Diseases and Conditions,Medical Health > Diseases and Conditions,2,False,23,"This category encompasses medical conditions, illnesses, and disorders that affect human health, including their symptoms, causes, progression, and clinical manifestations.","It differs from its siblings by focusing on the pathological states themselves rather than the diagnostic procedures used to identify them, the medications used to treat them, surgical interventions performed, preventive vaccines administered, or elective aesthetic medical procedures."
288,287,Allergies,Medical Health: Allergies,Medical Health > Diseases and Conditions > Allergies,3,True,0,"Content covering abnormal immune system reactions to specific substances (allergens) that trigger symptoms such as itching, swelling, rashes, respiratory distress, or anaphylaxis, including diagnosis, treatment, and management strategies.","This category addresses immune hypersensitivity responses to environmental or ingested triggers, distinct from infectious diseases caused by pathogens, organ-specific conditions like asthma or eczema, or systemic metabolic disorders."
289,287,"Ear, Nose and Throat Conditions","Medical Health: Ear, Nose and Throat Conditions","Medical Health > Diseases and Conditions > Ear, Nose and Throat Conditions",3,True,0,"This category contains medical information about diseases, disorders, and conditions affecting the ear, nose, throat, and related structures including the sinuses, larynx, and upper respiratory passages.","This category is distinguished from its siblings by focusing exclusively on pathologies localized to the ENT system, rather than systemic conditions (Endocrine, Blood Disorders), other sensory systems (Eye and Vision), lower respiratory structures (Lung and Respiratory Health), infectious disease in general (Infectious Diseases), or conditions affecting other body systems."
290,287,Endocrine and Metabolic Diseases,Medical Health: Endocrine and Metabolic Diseases,Medical Health > Diseases and Conditions > Endocrine and Metabolic Diseases,3,False,3,"This category encompasses diseases and disorders affecting the endocrine glands (which produce hormones) and the metabolic processes that regulate energy use, growth, and biochemical functions throughout the body.","This category is distinguished from its siblings by focusing specifically on dysfunction of hormone-producing glands and systemic metabolic regulation, rather than affecting individual organ systems (like cardiovascular or respiratory), sensory systems (like vision or hearing), structural systems (like bones or skin), or specific conditions like diabetes which has its own dedicated category."
291,290,Hormonal Disorders,Medical Health: Hormonal Disorders,Medical Health > Diseases and Conditions > Endocrine and Metabolic Diseases > Hormonal Disorders,4,True,0,"Conditions caused by abnormal production, regulation, or function of hormones from endocrine glands that are not primarily thyroid-related or menopausal in nature.","This category excludes thyroid hormone imbalances (Thyroid Disorders) and age-related reproductive hormone changes in women (Menopause), focusing instead on disorders of the pituitary, adrenal, pancreatic, and gonadal hormones."
292,290,Menopause,Medical Health: Menopause,Medical Health > Diseases and Conditions > Endocrine and Metabolic Diseases > Menopause,4,True,0,"Menopause is the natural biological transition marking the permanent end of menstruation and fertility, typically occurring in midlife when estrogen and progesterone levels decline significantly.","This category is distinguished from Hormonal Disorders by focusing specifically on the reproductive hormone changes of midlife transition, and from Thyroid Disorders by addressing ovarian hormone dysfunction rather than thyroid-specific endocrine pathology."
293,290,Thyroid Disorders,Medical Health: Thyroid Disorders,Medical Health > Diseases and Conditions > Endocrine and Metabolic Diseases > Thyroid Disorders,4,True,0,"This category contains content about diseases and dysfunctions of the thyroid gland, including hypothyroidism, hyperthyroidism, thyroiditis, goiter, and thyroid cancer.","This category is distinguished from Hormonal Disorders by focusing specifically on thyroid gland pathology rather than broader endocrine hormone imbalances, and from Menopause by addressing thyroid-specific conditions rather than reproductive hormone changes during life transitions."
294,287,Eye and Vision Conditions,Medical Health: Eye and Vision Conditions,Medical Health > Diseases and Conditions > Eye and Vision Conditions,3,True,0,"Eye diseases, vision problems, and disorders affecting the structure and function of the eyes, including conditions like cataracts, glaucoma, myopia, retinal diseases, and presbyopia.","This category differs from sibling categories by focusing exclusively on pathological conditions and functional disorders of the ocular system, whereas Allergies addresses immune responses affecting multiple body systems, Ear, Nose and Throat Conditions covers adjacent sensory organs, and Brain and Nervous System Disorders addresses neurological issues that may secondarily affect vision."
295,287,Foot Health,Medical Health: Foot Health,Medical Health > Diseases and Conditions > Foot Health,3,True,0,"Content addressing diseases, disorders, injuries, infections, and structural abnormalities that specifically affect the feet, including conditions such as plantar fasciitis, bunions, athlete's foot, diabetic foot complications, and other podiatric pathologies.","Foot Health is distinguished from its siblings by focusing exclusively on conditions of the feet and ankles, whereas sibling categories address diseases affecting other body systems or regions such as the heart, lungs, skin generally, bones systemically, or other specific organs."
296,287,Heart and Cardiovascular Diseases,Medical Health: Heart and Cardiovascular Diseases,Medical Health > Diseases and Conditions > Heart and Cardiovascular Diseases,3,True,0,"This category encompasses diseases, disorders, and conditions affecting the heart, blood vessels, and the circulatory system, including conditions such as hypertension, coronary artery disease, heart failure, arrhythmias, and stroke.","This category is distinguished from its siblings by its exclusive focus on pathologies of the cardiovascular system itself, rather than conditions affecting other organ systems, infectious agents, or systemic metabolic disorders that may secondarily impact the heart."
297,287,Infectious Diseases,Medical Health: Infectious Diseases,Medical Health > Diseases and Conditions > Infectious Diseases,3,True,0,"Content covering diseases and conditions caused by pathogenic microorganisms including bacteria, viruses, fungi, and parasites that can be transmitted between individuals or acquired from environmental sources.","This category is distinguished from its siblings by focusing exclusively on conditions caused by infectious agents rather than non-communicable diseases (like diabetes or heart disease), allergic responses, injuries, or conditions arising from non-infectious biological dysfunctions."
298,287,Injuries,Medical Health: Injuries,Medical Health > Diseases and Conditions > Injuries,3,False,1,"Acute physical trauma to the body resulting from accidents, falls, burns, cuts, sprains, fractures, or other sudden mechanical or thermal damage to tissues and organs.","This category encompasses sudden-onset physical damage requiring immediate or emergency care, distinguishing it from chronic diseases (diabetes, heart disease), systemic conditions (allergies, infectious diseases), and disorders affecting specific body systems that develop over time rather than from acute traumatic events."
299,298,First Aid,Medical Health: First Aid,Medical Health > Diseases and Conditions > Injuries > First Aid,4,True,0,"Content addressing immediate, practical interventions and care techniques applied to acute injuries or sudden illnesses before professional medical treatment is available.","This category stands alone in its focus on emergency response and stabilization measures rather than disease diagnosis, long-term treatment, or preventive health practices."
300,287,Lung and Respiratory Health,Medical Health: Lung and Respiratory Health,Medical Health > Diseases and Conditions > Lung and Respiratory Health,3,True,0,"Lung and Respiratory Health encompasses diseases, conditions, and disorders affecting the lungs, airways, and respiratory system, including asthma, COPD, pneumonia, bronchitis, and pulmonary fibrosis.","This category is distinguished from its siblings by focusing specifically on pathologies of the lower respiratory tract and lungs, rather than allergic reactions (Allergies), upper airway structures (Ear, Nose and Throat), systemic diseases (Endocrine and Metabolic Diseases), or acute viral infections classified separately (Cold and Flu)."
301,287,Mental Health,Medical Health: Mental Health,Medical Health > Diseases and Conditions > Mental Health,3,True,0,"Mental health encompasses psychological, behavioral, and emotional disorders including depression, anxiety, bipolar disorder, schizophrenia, personality disorders, and other conditions affecting mental and emotional functioning.","This category is distinguished from its siblings by focusing on disorders of mood, cognition, behavior, and emotional regulation rather than physical organ systems, infections, injuries, or substance dependency, though it may address neurobiological underpinnings separate from general neurology."
302,287,Reproductive Health,Medical Health: Reproductive Health,Medical Health > Diseases and Conditions > Reproductive Health,3,False,3,"This category encompasses diseases, disorders, and medical conditions affecting the reproductive organs, hormones, and systems involved in human reproduction.","It is distinguished from Sexual Health by focusing on pathological conditions and dysfunctions of reproductive anatomy and physiology rather than on sexual function, behavior, and wellness; it differs from Endocrine and Metabolic Diseases by addressing reproductive-specific hormonal issues rather than broader endocrine system disorders."
303,302,Birth Control,Medical Health: Birth Control,Medical Health > Diseases and Conditions > Reproductive Health > Birth Control,4,True,0,"Content about contraceptive methods, contraceptive devices, hormonal birth control, barrier methods, and guidance on preventing unwanted pregnancy.","This category covers preventive reproductive health measures and contraceptive options, distinct from infertility treatment which addresses inability to conceive and pregnancy which covers gestation and prenatal care."
304,302,Infertility,Medical Health: Infertility,Medical Health > Diseases and Conditions > Reproductive Health > Infertility,4,True,0,"This category encompasses medical conditions, treatments, and information related to the inability to conceive or carry a pregnancy to term, including diagnostics, therapeutic interventions, and support resources for both male and female factor infertility.","It is distinguished from Birth Control by focusing on pathological inability to reproduce rather than intentional prevention of conception, and from Pregnancy by addressing pre-conception barriers and fertility challenges rather than the management of established pregnancies."
305,302,Pregnancy,Medical Health: Pregnancy,Medical Health > Diseases and Conditions > Reproductive Health > Pregnancy,4,True,0,"Content covering the biological, medical, and health aspects of pregnancy from conception through delivery, including prenatal care, fetal development, maternal health changes, and pregnancy-related conditions.","This category addresses the state and management of an established pregnancy, distinguishing it from Birth Control (which prevents pregnancy) and Infertility (which addresses inability to achieve pregnancy)."
306,287,Blood Disorders,Medical Health: Blood Disorders,Medical Health > Diseases and Conditions > Blood Disorders,3,True,0,"Content in this category addresses conditions affecting the composition, formation, or function of blood and blood cells, including disorders of red blood cells, white blood cells, platelets, and clotting factors.","This category is distinguished from its siblings by focusing exclusively on hematologic dysfunctions rather than disorders of other organ systems, immune responses, or metabolic processes like endocrine disease or diabetes."
307,287,Sexual Health,Medical Health: Sexual Health,Medical Health > Diseases and Conditions > Sexual Health,3,False,1,"Sexual Health content covers medical conditions, dysfunctions, and health concerns directly affecting sexual function, performance, and satisfaction in adults.","This category is distinguished from Reproductive Health by focusing on the physiological and medical aspects of sexual activity itself rather than fertility, contraception, pregnancy, or reproductive system anatomy, and from Mental Health by addressing sexual dysfunction as a medical condition rather than psychological disorders or counseling."
308,307,Sexual Conditions,Medical Health: Sexual Conditions,Medical Health > Diseases and Conditions > Sexual Health > Sexual Conditions,4,True,0,"Content covering disorders, dysfunctions, and medical conditions affecting sexual function, arousal, desire, or performance in individuals of any sex or gender.","This category encompasses clinical sexual health issues distinct from general reproductive health, contraception, sexually transmitted infections, or non-medical aspects of sexual wellness."
309,287,Skin and Dermatology,Medical Health: Skin and Dermatology,Medical Health > Diseases and Conditions > Skin and Dermatology,3,True,0,"This category covers diseases, conditions, disorders, and health concerns that primarily affect the skin and its related structures, including acne, eczema, psoriasis, dermatitis, melanoma, and fungal infections.","Skin and Dermatology is distinguished from sibling categories by focusing exclusively on conditions of the integumentary system (skin, hair, and nails), whereas other categories address diseases of specific internal organ systems or body regions like the heart, lungs, eyes, or joints."
310,287,Sleep Disorders,Medical Health: Sleep Disorders,Medical Health > Diseases and Conditions > Sleep Disorders,3,True,0,"Sleep disorders are medical conditions characterized by persistent disturbances in sleep patterns, quality, or timing that significantly impair daytime functioning and overall health.","This category focuses exclusively on primary sleep dysfunctions and disorders of sleep-wake regulation, distinguishing it from sleep disturbances that are secondary symptoms of other conditions like Mental Health disorders, Brain and Nervous System Disorders, or Lung and Respiratory Health issues."
311,287,Substance Abuse,Medical Health: Substance Abuse,Medical Health > Diseases and Conditions > Substance Abuse,3,True,0,"Content covering the physiological and psychological effects of consuming addictive substances including alcohol, tobacco, prescription medications, and illicit drugs, as well as treatment and recovery approaches for substance dependence.","This category is distinguished from Mental Health by focusing specifically on the medical consequences and clinical management of substance use disorders rather than broader psychiatric or psychological conditions, and differs from other disease categories by addressing conditions where the primary etiology is voluntary substance consumption rather than viral, bacterial, genetic, or environmental factors."
312,287,Bone and Joint Conditions,Medical Health: Bone and Joint Conditions,Medical Health > Diseases and Conditions > Bone and Joint Conditions,3,True,0,"Bone and Joint Conditions encompasses diseases, disorders, and degenerative processes affecting the skeletal system, joints, cartilage, ligaments, and connective tissues that support movement and structural integrity.","This category is distinguished from its siblings by focusing exclusively on the musculoskeletal framework itself, excluding foot-specific conditions (Foot Health), traumatic damage (Injuries), metabolic factors (Endocrine and Metabolic Diseases), infections (Infectious Diseases), and systemic diseases affecting bones secondarily (such as Cancer or Diabetes)."
313,287,Brain and Nervous System Disorders,Medical Health: Brain and Nervous System Disorders,Medical Health > Diseases and Conditions > Brain and Nervous System Disorders,3,True,0,"This category covers medical conditions affecting the brain, spinal cord, and peripheral nervous system, including neurological diseases, degenerative disorders, and structural abnormalities of neural tissue.","This category is distinguished from sibling categories by its focus on organic dysfunction of the nervous system itself, rather than sensory organs (Eye, Ear/Nose/Throat), hormonal regulation (Endocrine), mood/behavior (Mental Health), sleep architecture (Sleep Disorders), or systemic effects on neural function (Infectious Diseases, Substance Abuse)."
314,287,Cancer,Medical Health: Cancer,Medical Health > Diseases and Conditions > Cancer,3,True,0,"Content about malignant tumors, cancer types, oncology treatments, and cellular abnormalities that involve uncontrolled growth and spread of abnormal cells belongs in this category.","Cancer is distinguished from sibling categories by its focus on neoplastic diseases characterized by malignant cell proliferation, whereas siblings address other specific disease mechanisms such as infection, inflammation, metabolic dysfunction, or organ-system dysfunction."
315,287,Cold and Flu,Medical Health: Cold and Flu,Medical Health > Diseases and Conditions > Cold and Flu,3,True,0,"Content in this category covers the common cold and influenza, including their symptoms, transmission, prevention, treatment, and recovery.","This category is distinguished from sibling categories by focusing specifically on these two acute viral infections, rather than broader respiratory conditions (Lung and Respiratory Health), general infectious diseases, allergies, or other systemic diseases."
316,287,Dental Health,Medical Health: Dental Health,Medical Health > Diseases and Conditions > Dental Health,3,True,0,"Dental Health encompasses conditions, diseases, and disorders affecting teeth, gums, oral tissues, and the structures supporting teeth, including cavities, gum disease, oral infections, and bite problems.","Dental Health is distinguished from its siblings by focusing exclusively on pathologies and health issues within the oral cavity and tooth structure, whereas sibling categories address conditions in other body systems such as the cardiovascular, respiratory, nervous, or digestive systems."
317,287,Diabetes,Medical Health: Diabetes,Medical Health > Diseases and Conditions > Diabetes,3,True,0,"Diabetes is a chronic metabolic disorder characterized by elevated blood glucose levels resulting from insufficient insulin production, insulin resistance, or both, affecting the body's ability to regulate blood sugar.","Diabetes is distinguished from its sibling categories by being specifically focused on dysregulation of glucose metabolism and pancreatic insulin function, rather than disorders of other endocrine glands, organ systems, or the broader category of metabolic diseases."
318,287,Digestive Disorders,Medical Health: Digestive Disorders,Medical Health > Diseases and Conditions > Digestive Disorders,3,True,0,"Content that addresses diseases, disorders, and conditions affecting the stomach, intestines, esophagus, liver, pancreas, and other organs involved in digestion and nutrient absorption.","This category is distinguished from its siblings by focusing exclusively on the digestive and gastrointestinal system, whereas sibling categories address other specific body systems, organ groups, or disease types (such as cardiovascular, respiratory, or infectious diseases)."
319,286,Medical Tests,Medical Health: Medical Tests,Medical Health > Medical Tests,2,True,0,"Medical tests are diagnostic procedures, laboratory analyses, and imaging examinations used to detect, confirm, or monitor diseases, conditions, and bodily functions.","This category differs from its siblings by focusing on assessment and detection methods rather than treatments (Pharmaceutical Drugs, Surgery, Vaccines, Cosmetic Medical Services) or the pathologies themselves (Diseases and Conditions)."
320,286,Pharmaceutical Drugs,Medical Health: Pharmaceutical Drugs,Medical Health > Pharmaceutical Drugs,2,True,0,"Information about prescription medications, over-the-counter drugs, and pharmaceutical compounds used to treat, manage, or prevent diseases and health conditions.","This category covers the drugs themselves and their properties, distinguishing it from Diseases and Conditions (what drugs treat), Medical Tests (how drugs are evaluated), Surgery (alternative interventions), Vaccines (biological immunizations), and Cosmetic Medical Services (non-therapeutic procedures)."
321,286,Surgery,Medical Health: Surgery,Medical Health > Surgery,2,True,0,"Surgery encompasses invasive and minimally invasive procedures performed by surgeons to treat, repair, or remove diseased or damaged tissues and organs.","Surgery is distinguished from its siblings by involving direct physical intervention on the body through incision or instrumentation, whereas Diseases and Conditions describe pathologies, Medical Tests diagnose conditions, Pharmaceutical Drugs and Vaccines treat conditions pharmacologically, and Cosmetic Medical Services focus on aesthetic rather than therapeutic outcomes."
322,286,Vaccines,Medical Health: Vaccines,Medical Health > Vaccines,2,True,0,Vaccines are biological preparations containing weakened or inactive pathogens or their components that stimulate the immune system to develop protection against specific infectious diseases.,"This category differs from Diseases and Conditions (which describe illnesses themselves), Medical Tests (which diagnose existing health status), Pharmaceutical Drugs (which treat or manage diseases), Surgery (which involves invasive procedures), and Cosmetic Medical Services (which enhance appearance rather than prevent disease)."
323,286,Cosmetic Medical Services,Medical Health: Cosmetic Medical Services,Medical Health > Cosmetic Medical Services,2,True,0,"This category encompasses medical procedures and treatments intended primarily to improve physical appearance rather than treat disease or medical dysfunction, including services such as dermatological aesthetics, injectable treatments, and non-surgical cosmetic enhancements.","Cosmetic Medical Services differs from Diseases and Conditions (which address pathology), Medical Tests (which diagnose conditions), Pharmaceutical Drugs (which are systemic medications), Surgery (which treats medical problems or trauma), and Vaccines (which prevent disease), by focusing exclusively on elective appearance-based interventions rather than therapeutic or preventive medical purposes."
324,,Movies,Movies: Movies,Movies,1,False,13,"Movies content encompasses films produced for theatrical or entertainment distribution, including narrative features, documentaries, and animated works across all genres and languages.","Movies is distinguished from Television by focusing on theatrical films and feature-length cinema rather than episodic or serialized video content, and from Video Gaming, Pop Culture, and Music and Audio by centering on the film medium as its primary content form."
325,324,Action and Adventure Movies,Movies: Action and Adventure Movies,Movies > Action and Adventure Movies,2,True,0,"Films featuring protagonists engaged in physical conflict, pursuit, or dangerous missions that prioritize spectacle, stunts, and fast-paced sequences as primary narrative drivers.","This category focuses on external physical challenges and high-stakes situations, distinct from Romance (emotional relationships), Science Fiction (futuristic/technological worlds), Comedy (humor-based entertainment), Drama (internal character conflict), and Fantasy (magical elements), though these genres may overlap with action content."
326,324,Romance Movies,Movies: Romance Movies,Movies > Romance Movies,2,True,0,"Films primarily centered on the development and emotional journey of romantic relationships between characters, where love and interpersonal connection drive the narrative conflict and resolution.","This category focuses exclusively on romance as the central plot driver, distinguishing it from Drama Movies (which use romance as one element among many), Comedy Movies (where romance is secondary to humor), and Fantasy or Science Fiction Movies (where romance occurs within fantastical or speculative settings as a subplot)."
327,324,Science Fiction Movies,Movies: Science Fiction Movies,Movies > Science Fiction Movies,2,True,0,"Content depicting narratives set in futuristic, alternate, or speculative worlds that explore the impact of imagined innovations in science, technology, or space exploration on society and individuals.","This category focuses on films where speculative science and technology are central to the plot, distinguishing it from Fantasy Movies (which feature magical or supernatural elements) and Action and Adventure Movies (which prioritize spectacle and heroics over scientific concepts)."
328,324,Special Interest Movies,Movies: Indie and Arthouse Movies,Movies > Indie and Arthouse Movies,2,True,0,"Indie and Arthouse Movies feature films produced outside mainstream studio systems with distinctive artistic visions, unconventional narratives, or experimental techniques that prioritize creative expression over commercial appeal.","This category is distinguished from its siblings by its focus on the production method and artistic philosophy rather than genre, whereas Action, Romance, Science Fiction, Comedy, Crime, Horror, and Fantasy movies are defined by specific plot elements or narrative conventions, and Documentary, Drama, Family, Animation, and World movies are defined by format or cultural origin."
329,324,Animation Movies,Movies: Animation Movies,Movies > Animation Movies,2,True,0,"Animation Movies are films created primarily through the technique of animating sequential images to create the illusion of movement, regardless of genre or subject matter.","Animation Movies are distinguished from sibling categories by their production method (animation technique) rather than by narrative genre, whereas siblings like Action, Romance, and Drama are defined by story content and emotional themes."
330,324,Comedy Movies,Movies: Comedy Movies,Movies > Comedy Movies,2,True,0,"A motion picture primarily designed to entertain through humor, witty dialogue, comedic situations, and characters whose interactions provoke laughter and amusement.","This category is distinguished from siblings by its central purpose of generating humor through comedic timing and amusing scenarios, rather than action sequences (Action and Adventure), emotional romantic relationships (Romance), futuristic or speculative premises (Science Fiction), or other dominant narrative or thematic elements."
331,324,Crime and Mystery Movies,Movies: Crime and Mystery Movies,Movies > Crime and Mystery Movies,2,True,0,"Films featuring detectives, investigations, criminal activity, or mysterious plots as their primary narrative focus, where solving crimes or uncovering secrets drives the central storyline.","This category excludes action films where crime is secondary to spectacle, romance films where mystery is a subplot, documentaries that examine real crimes, and dramas or fantasies that happen to include criminal elements without emphasizing investigation or mystery-solving."
332,324,Documentary Movies,Movies: Documentary Movies,Movies > Documentary Movies,2,True,0,"Documentary movies present factual, non-fictional accounts of real events, people, places, or phenomena, typically using actual footage, interviews, and evidence rather than scripted narratives or actors.","Documentary movies are distinguished from their siblings by their commitment to truthful representation of reality, whereas action movies emphasize physical spectacle, romance movies focus on relationships, science fiction movies explore imagined futures, and other genre siblings rely on fictional storytelling, dramatic performance, or fantastical elements."
333,324,Drama Movies,Movies: Drama Movies,Movies > Drama Movies,2,True,0,"A drama movie is a film primarily designed to evoke emotional responses through character development, interpersonal conflicts, and realistic exploration of the human condition.","Drama movies are distinguished from their siblings by emphasizing psychological and emotional depth over action sequences, romantic storylines, fantastical elements, comedic relief, or documentary factuality."
334,324,Family and Children Movies,Movies: Family and Children Movies,Movies > Family and Children Movies,2,True,0,"Films designed to entertain audiences of all ages with content that is appropriate for children, featuring themes of family values, adventure, humor, and positive messages without graphic violence, sexual content, or mature language.","This category differs from its siblings by prioritizing age-appropriate content and multi-generational appeal, whereas Action and Adventure focuses on spectacle and danger, Animation is a medium rather than content rating, Comedy emphasizes humor above all, and other genres like Horror, Crime, and Romance contain mature themes unsuitable for young viewers."
335,324,Fantasy Movies,Movies: Fantasy Movies,Movies > Fantasy Movies,2,True,0,"Fantasy Movies depict worlds with magical systems, mythical creatures, enchanted settings, or supernatural elements that operate according to internal logic rather than scientific explanation.","Fantasy Movies are distinguished from Science Fiction Movies by relying on magic and the fantastical rather than extrapolation of science and technology, and from Adventure Movies by prioritizing wonder and magical worldbuilding over physical exploration and discovery."
336,324,Horror Movies,Movies: Horror Movies,Movies > Horror Movies,2,True,0,"Horror movies are films primarily designed to evoke fear, dread, and psychological or physical terror in the audience through suspenseful, supernatural, or grotesque storytelling.","Horror movies are distinguished from their siblings by their central intent to frighten rather than to entertain through action, romance, humor, or other primary emotional responses, and they differ from Fantasy and Science Fiction movies by grounding supernatural or threatening elements in a fearful rather than adventurous or exploratory context."
337,324,World Movies,Movies: World Movies,Movies > World Movies,2,True,0,"Content featuring narrative films produced outside the United States that represent the cinematic traditions, languages, and storytelling styles of countries and regions around the world.","This category encompasses international films regardless of genre, whereas sibling categories organize films by their primary genre characteristics (action, romance, comedy, drama, etc.) rather than geographical origin."
338,,Music and Audio,Music and Audio: Music and Audio,Music and Audio,1,False,28,"Content related to music genres, audio entertainment, radio programming, and sound-based media that people listen to for enjoyment, information, or cultural engagement.","This category is distinguished from its siblings by focusing exclusively on audio and musical content, whereas Movies and Television cover visual media, while other categories address non-entertainment domains like Business, Science, or Travel."
339,338,Adult Contemporary Music,Music and Audio: Adult Contemporary Music,Music and Audio > Adult Contemporary Music,2,False,2,"Adult Contemporary Music features professionally produced, melodically-driven songs with broad appeal that emphasize smooth vocals, polished production, and emotionally accessible themes typically aimed at audiences aged 25-54.","This category is distinguished from its siblings by focusing on accessible, mainstream melodic content that bridges pop and rock sensibilities, whereas Contemporary Hits/Pop targets younger demographics with trendier hits, Adult Album Alternative emphasizes artistic experimentation, and Urban Contemporary Music centers on rhythm-based urban styles."
340,339,Soft AC Music,Music and Audio: Soft AC Music,Music and Audio > Adult Contemporary Music > Soft AC Music,3,True,0,"Soft Adult Contemporary music features smooth, melodic pop and rock songs with polished production, emphasizing emotional accessibility and mainstream appeal without aggressive instrumentation or contemporary urban influences.","Soft AC Music differs from Urban AC Music in its prioritization of gentle, acoustic-leaning arrangements and traditional pop sensibilities rather than R&B, hip-hop, or contemporary urban musical elements."
341,339,Urban AC Music,Music and Audio: Urban AC Music,Music and Audio > Adult Contemporary Music > Urban AC Music,3,True,0,"Urban AC Music is contemporary music blending R&B, hip-hop, and soul influences with accessible, radio-friendly production targeted at adult audiences in urban markets.","Urban AC Music distinguishes itself from Soft AC Music through its incorporation of rhythmic, groove-based elements and urban cultural influences, whereas Soft AC Music emphasizes smooth, mellow instrumentation and pop sensibilities."
342,338,Adult Album Alternative,Music and Audio: Adult Album Alternative,Music and Audio > Adult Album Alternative,2,True,0,"Adult Album Alternative (AAA) is a radio format and music genre featuring eclectic, album-oriented rock and alternative music appealing to educated adult audiences seeking artistic depth over commercial accessibility.","This category distinguishes itself from sibling formats by combining alternative rock sensibilities with broader musical eclecticism and a focus on album cuts rather than singles, setting it apart from the more commercial Contemporary Hits/Pop/Top 40 and the purely alternative-focused Alternative Music category."
343,338,Alternative Music,Music and Audio: Alternative Music,Music and Audio > Alternative Music,2,True,0,"Alternative Music encompasses rock-based genres and artists that emerged from independent and underground music scenes, characterized by unconventional production, lyrics, and distribution methods that rejected mainstream commercial formulas.","Alternative Music differs from its siblings by focusing on anti-establishment, experimental rock traditions rather than the polished production of Contemporary Hits/Pop, the acoustic simplicity of Songwriters/Folk, the structured formats of College Radio, or the genre-specific sounds of Rock Music, Dance and Electronic Music, and other categorical neighbors."
344,338,Children's Music,Music and Audio: Children's Music,Music and Audio > Children's Music,2,True,0,"DEFINITION: Music and audio content created specifically for children, featuring age-appropriate lyrics, themes, and production designed to entertain, educate, or engage audiences typically under 12 years old.","BOUNDARY: This category is distinguished from all sibling categories by its explicit focus on child-audience appeal and developmental appropriateness, rather than by musical genre, artist demographic, or format—ensuring content like nursery rhymes, educational songs, and family-friendly narratives are separated from adult-oriented music across all genres."
345,338,Classic Hits,Music and Audio: Classic Hits,Music and Audio > Classic Hits,2,True,0,"Classic Hits encompasses rock, pop, and pop-rock songs from approximately the 1960s through 1980s that have achieved enduring popularity and regular radio rotation.","This category differs from sibling categories by focusing on established, mainstream popular songs from a specific historical era rather than current hits (Contemporary Hits), deeper album cuts (Adult Album Alternative), music organized by genre (Rock, Country, R&B), or earlier standards (Oldies/Adult Standards)."
346,338,Classical Music,Music and Audio: Classical Music,Music and Audio > Classical Music,2,True,0,"Classical music encompasses orchestral, chamber, operatic, and instrumental compositions written primarily from the Renaissance through the 20th century, featuring structured forms and formal harmonic language.","This category is distinguished from its siblings by its emphasis on composed art music with codified performance traditions, formal training requirements, and historical repertoire, rather than popular, folk, genre-based, or contemporary music styles."
347,338,College Radio,Music and Audio: College Radio,Music and Audio > College Radio,2,True,0,"College Radio programming features music, talk, and content curated and hosted primarily by college and university students, often emphasizing emerging artists, independent releases, and eclectic format mixing.","College Radio is distinguished from its siblings by its institutional setting within educational institutions and its characteristic focus on student-driven curation and alternative/independent music discovery, rather than commercial format categorization by genre (such as Rock, Hip Hop, Jazz) or demographic target (such as Adult Contemporary or Children's Music)."
348,338,Comedy (Music and Audio),Music and Audio: Comedy (Music and Audio),Music and Audio > Comedy (Music and Audio),2,True,0,"Content in this category consists of audio recordings, performances, and musical compositions primarily designed to entertain through humor, comedic storytelling, or satirical commentary delivered in a musical or audio format.","This category is distinguished from its siblings by its primary purpose of generating laughter or amusement through comedic elements rather than showcasing a particular musical genre, style, or subject matter as the main organizing principle."
349,338,Contemporary Hits/Pop/Top 40,Music and Audio: Contemporary Hits/Pop/Top 40,Music and Audio > Contemporary Hits/Pop/Top 40,2,True,0,"Content in this category includes current chart-dominating songs, radio-friendly pop tracks, and commercially successful music that appeals to mainstream audiences, typically defined by their presence on Billboard Hot 100 and similar contemporary hit rankings.","This category differs from its siblings by focusing exclusively on present-day, commercially dominant mainstream pop music, whereas Adult Contemporary targets older demographics, Alternative Music emphasizes artistic independence, Classic Hits covers past pop standards, and genre-specific categories like Country, Hip Hop, and Rock address music defined by style rather than commercial currency."
350,338,Country Music,Music and Audio: Country Music,Music and Audio > Country Music,2,True,0,"Country Music encompasses audio content featuring country genre styles, including traditional country, modern country, country-pop, and country-rock subgenres with characteristic instrumentation and lyrical themes.","Country Music is distinguished from Rock Music by its acoustic instrumentation and storytelling traditions, from Pop/Top 40 by its rural and folk-influenced musical roots, and from Songwriters/Folk by its emphasis on genre-specific production and commercial country radio formats."
351,338,Dance and Electronic Music,Music and Audio: Dance and Electronic Music,Music and Audio > Dance and Electronic Music,2,True,0,"Dance and electronic music encompasses rhythmic instrumental and vocal compositions created primarily through synthesizers, drum machines, sequencers, and digital production techniques, typically designed for club, festival, or listening environments.","This category is distinguished from its siblings by its defining use of electronic production as the primary instrumental foundation and its emphasis on repetitive rhythmic elements and beats, whereas Rock, Hip Hop, Country, and other siblings rely on traditional or acoustic instruments as primary elements, and Classical, Jazz, and Songwriters/Folk prioritize compositional complexity over rhythmic repetition."
352,338,World/International Music,Music and Audio: World/International Music,Music and Audio > World/International Music,2,True,0,"World/International Music encompasses musical traditions, genres, and artists originating from or representing non-Western cultures, including Latin, African, Asian, Middle Eastern, Caribbean, and European folk and popular music styles.","This category is distinguished from its siblings by its geographic and cultural origin rather than by musical style or format, whereas categories like Jazz, Rock, and Country are defined by genre conventions, and categories like Talk Radio and Sports Radio are defined by content type."
353,338,Songwriters/Folk,Music and Audio: Songwriters/Folk,Music and Audio > Songwriters/Folk,2,True,0,"Content in this category features singer-songwriters and folk traditions, emphasizing acoustic instrumentation, storytelling lyrics, and intimate vocal delivery rooted in folk heritage and contemporary folk practices.","This category is distinguished from sibling categories by its focus on folk traditions and singer-songwriter artistry, separating it from genre-specific categories like Country, Rock, and Blues, which have their own established musical conventions and audiences, and from broader format categories like Adult Contemporary and Alternative Music."
354,338,Gospel Music,Music and Audio: Gospel Music,Music and Audio > Gospel Music,2,True,0,"Gospel Music is a genre of Christian music characterized by spiritually uplifting vocals, often featuring call-and-response patterns, powerful vocal performances, and themes of faith, redemption, and religious devotion.","Gospel Music is distinguished from its siblings by its explicit focus on Christian religious expression and theology, setting it apart from the secular orientation of most music genres and the broader non-Christian spirituality of Inspirational/New Age Music and Religious (Music and Audio)."
355,338,Hip Hop Music,Music and Audio: Hip Hop Music,Music and Audio > Hip Hop Music,2,True,0,"Hip Hop music is a genre characterized by rhythmic spoken or chanted vocal delivery over beat-driven instrumental tracks, originating from African American and Latino communities and emphasizing lyrical wordplay, rhythm, and cultural expression.","Hip Hop Music is distinguished from its siblings by its foundational reliance on rapped or rhythmically spoken vocals paired with sampled or produced beats, setting it apart from the sung melodies of R&B/Soul/Funk, the instrumental focus of Dance and Electronic Music, and the spoken emphasis of Talk Radio."
356,338,Inspirational/New Age Music,Music and Audio: Inspirational/New Age Music,Music and Audio > Inspirational/New Age Music,2,True,0,"DEFINITION: Music and audio content designed to promote relaxation, spiritual awakening, meditation, healing, and personal transformation, typically featuring ambient soundscapes, ethereal vocals, nature sounds, or instrumental compositions with philosophical or metaphysical themes.","BOUNDARY: This category differs from Religious Music by focusing on universal spiritual wellness rather than faith-based doctrine, from Classical Music by emphasizing contemporary production and therapeutic intent rather than traditional composition forms, and from Adult Contemporary Music by prioritizing meditative and transcendent qualities over mainstream commercial appeal."
357,338,Jazz,Music and Audio: Jazz,Music and Audio > Jazz,2,True,0,"Jazz is a genre of improvisational and syncopated music originating from African American communities, characterized by complex harmonies, swing rhythms, and ensemble or solo instrumental performance.","Jazz is distinguished from its siblings by its emphasis on improvisation and complex harmonic structures, setting it apart from the structured pop formats (Contemporary Hits, Classic Hits), the rhythmic focus of dance music, and the vocal-centered genres like R&B, Gospel, and Blues."
358,338,Oldies/Adult Standards,Music and Audio: Oldies/Adult Standards,Music and Audio > Oldies/Adult Standards,2,True,0,"Content in this category features vocalists and popular songs predominantly from the 1930s through 1960s, characterized by orchestral arrangements, jazz influences, and romantic or sentimental themes.","This category is distinguished from its siblings by its historical focus on pre-rock era popular music and sophisticated production styles, separating it from Contemporary Hits/Pop (modern pop music), Classic Hits (rock-focused hits from the 1970s onward), and Jazz (instrumental-focused jazz traditions)."
359,338,Reggae,Music and Audio: Reggae,Music and Audio > Reggae,2,True,0,"Reggae is a genre of music originating from Jamaica, characterized by a distinctive rhythm pattern called the ""skank,"" offbeat guitar chords, prominent bass lines, and lyrics often addressing social and political themes.","Reggae is distinguished from its siblings by its specific rhythmic foundation and Jamaican cultural origins, setting it apart from broader categories like World/International Music, Rock Music, or R&B/Soul/Funk that encompass multiple genres and geographical traditions."
360,338,Blues,Music and Audio: Blues,Music and Audio > Blues,2,True,0,"Blues is a genre of music originating from African American communities characterized by expressive vocals, call-and-response patterns, and chord progressions built on the twelve-bar blues structure, typically performed with guitars, harmonicas, and drums.","Blues is distinguished from its siblings by its specific historical origins in African American folk traditions and its defining musical framework of the twelve-bar form, rather than by broader genre categories like rock, country, or jazz, or by audience demographics and radio formats like talk radio or children's music."
361,338,Religious (Music and Audio),Music and Audio: Religious (Music and Audio),Music and Audio > Religious (Music and Audio),2,True,0,"Content featuring music composed, performed, or distributed primarily within religious traditions, denominations, or faith communities for spiritual, liturgical, or devotional purposes.","This category encompasses sacred music across all faiths and traditions, distinguishing itself from Gospel Music (which focuses specifically on African American Christian gospel) and Inspirational/New Age Music (which emphasizes motivational or spiritual wellness content rather than doctrinal religious practice)."
362,338,R&B/Soul/Funk,Music and Audio: R&B/Soul/Funk,Music and Audio > R&B/Soul/Funk,2,True,0,"R&B/Soul/Funk encompasses music rooted in African American musical traditions that emphasize rhythmic grooves, emotional vocal delivery, and instrumental funk elements, including genres like soul, funk, and contemporary R&B.","This category is distinguished from its siblings by its focus on groove-based rhythmic foundations and soulful vocal expression, separating it from the pop-oriented Contemporary Hits, the rock-based Alternative Music, the jazz-influenced Jazz category, and the rhythm-heavy Hip Hop Music."
363,338,Rock Music,Music and Audio: Rock Music,Music and Audio > Rock Music,2,False,5,"Rock Music encompasses guitar-driven, amplified music characterized by strong rhythmic elements, typically featuring electric instruments and originating from mid-20th century popular music traditions.","Rock Music is distinguished from its siblings by its emphasis on electric instrumentation and rock-derived sound, differentiating it from acoustic-focused categories like Folk, orchestral categories like Classical, rhythm-focused categories like Hip Hop and R&B, and genre-specific categories like Country, Jazz, and Blues."
364,363,Album-oriented Rock,Music and Audio: Album-oriented Rock,Music and Audio > Rock Music > Album-oriented Rock,3,True,0,"Album-oriented Rock encompasses rock music designed and marketed as cohesive long-form albums rather than collections of singles, typically emphasizing artistic vision and conceptual themes.","This category differs from its siblings by prioritizing album structure and thematic unity over hit-driven singles (Alternative Rock), historical classification by era (Classic Rock), intensity and distortion-heavy instrumentation (Hard Rock), and melodic accessibility with reduced volume and aggression (Soft Rock)."
365,363,Alternative Rock,Music and Audio: Alternative Rock,Music and Audio > Rock Music > Alternative Rock,3,True,0,"DEFINITION: Alternative Rock encompasses rock music originating from the post-punk and indie rock movements of the 1980s-1990s, characterized by experimental approaches, unconventional song structures, and rejection of mainstream rock conventions.","BOUNDARY: Alternative Rock is distinguished from its siblings by its emphasis on artistic innovation and non-commercial ethos rather than the radio-friendly polish of Album-oriented Rock, the historical canonicity of Classic Rock, the amplified heaviness and guitar-driven aggression of Hard Rock, or the melodic accessibility and emotional restraint of Soft Rock."
366,363,Classic Rock,Music and Audio: Classic Rock,Music and Audio > Rock Music > Classic Rock,3,True,0,"Rock music from approximately 1965-1985 featuring guitar-driven compositions, often with extended instrumental sections and conceptual album structures that became foundational to modern rock.","This category encompasses the mainstream, album-focused rock of the classic era, distinguished from the harder edge of Hard Rock, the softer ballad-oriented approach of Soft Rock, the radio-format focus of Album-oriented Rock, and the experimental rebellion of Alternative Rock."
367,363,Hard Rock,Music and Audio: Hard Rock,Music and Audio > Rock Music > Hard Rock,3,True,0,"Heavy, amplified rock music characterized by distorted electric guitars, powerful drumming, and aggressive vocal delivery, typically featuring song structures built around prominent riffs and solos.","Hard Rock distinguishes itself from its siblings through its emphasis on electric guitar distortion and raw power, differing from the melodic focus of Soft Rock, the album-length artistic concepts of Album-oriented Rock, the experimental approach of Alternative Rock, and the retrospective curation of Classic Rock."
368,363,Soft Rock,Music and Audio: Soft Rock,Music and Audio > Rock Music > Soft Rock,3,True,0,"Soft Rock features melodic, emotionally accessible rock music with polished production, acoustic instrumentation, and introspective lyrics that emphasize harmony and listenability over technical complexity or aggression.","Soft Rock distinguishes itself from its siblings through its emphasis on gentleness and commercial pop sensibility, whereas Album-oriented Rock prioritizes artistic album concepts, Alternative Rock embraces experimental and non-mainstream approaches, Classic Rock represents foundational early rock styles, and Hard Rock focuses on amplified power and aggressive instrumentation."
369,338,"Soundtracks, TV and Showtunes","Music and Audio: Soundtracks, TV and Showtunes","Music and Audio > Soundtracks, TV and Showtunes",2,True,0,"Soundtracks, TV and Showtunes consists of music composed for or performed in films, television shows, stage productions, and musical theater, including songs written specifically for these visual media.","This category is distinguished from other music genres by its primary association with visual storytelling and performance contexts rather than by musical style, instrumentation, or cultural origin, making it the only category organized by source medium rather than genre or artist type."
370,338,Sports Radio,Music and Audio: Sports Radio,Music and Audio > Sports Radio,2,True,0,"Audio content focused on sports news, analysis, commentary, and discussion about athletic events, teams, athletes, and sporting culture.","Sports Radio is distinguished from all sibling categories by its primary focus on sports-related spoken content rather than music genres, news topics, or entertainment formats."
371,338,Talk Radio,Music and Audio: Talk Radio,Music and Audio > Talk Radio,2,False,5,"Talk Radio focuses on spoken-word programming featuring interviews, discussions, commentary, and call-in formats centered on current events, lifestyle topics, or specialized subjects rather than music performance.","This category differs from music genres by prioritizing host-driven dialogue and information content over musical recordings, and from Sports Radio by covering general interest or business topics rather than athletic events exclusively."
372,371,Business News Radio,Music and Audio: Business News Radio,Music and Audio > Talk Radio > Business News Radio,3,True,0,"Business News Radio features programming focused on financial markets, corporate developments, economic trends, and investment information delivered in a talk radio format.","This category differs from its siblings by specializing exclusively in business and financial content, whereas Educational Radio covers broader learning topics, News Radio reports general news, News/Talk Radio combines news with diverse commentary, and Public Radio encompasses varied educational and cultural programming."
373,371,Educational Radio,Music and Audio: Educational Radio,Music and Audio > Talk Radio > Educational Radio,3,True,0,"Educational Radio presents instructional content, lectures, academic programming, and learning-focused material designed to inform and teach listeners on specific subjects and skills.","Educational Radio differs from its siblings by prioritizing didactic instruction and skill-building over current events (News Radio, Business News Radio), general talk-based discussion formats (News/Talk Radio), or the broader mission-driven programming of Public Radio."
374,371,News Radio,Music and Audio: News Radio,Music and Audio > Talk Radio > News Radio,3,True,0,"News Radio delivers current events, breaking stories, and journalistic reporting focused on local, national, and international news updates.","News Radio distinguishes itself from Business News Radio by covering general interest news rather than exclusively financial markets, from Educational Radio by prioritizing timely reporting over instructional content, from News/Talk Radio by emphasizing news delivery over listener call-ins and discussion, and from Public Radio by operating primarily as commercial stations with news as their core format."
375,371,News/Talk Radio,Music and Audio: News/Talk Radio,Music and Audio > Talk Radio > News/Talk Radio,3,True,0,"Content about current events, breaking news, weather, traffic, and topical discussion presented in a talk radio format with hosts, callers, and commentary.","This category combines news content with talk radio discussion and audience interaction, distinguishing it from News Radio (news-focused without talk elements), Business News Radio (business-specific), Educational Radio (instructional content), and Public Radio (public broadcasting stations with diverse programming)."
376,371,Public Radio,Music and Audio: Public Radio,Music and Audio > Talk Radio > Public Radio,3,True,0,"Public Radio encompasses non-commercial broadcast programming funded by public contributions and government support, featuring diverse content including news, cultural programming, music, and educational material.","Public Radio is distinguished from its siblings by its non-commercial, listener-supported funding model and broad programming mandate, whereas Business News Radio focuses on financial markets, News Radio emphasizes breaking news delivery, Educational Radio targets instructional content, and News/Talk Radio combines news with opinion and discussion formats."
377,338,Urban Contemporary Music,Music and Audio: Urban Contemporary Music,Music and Audio > Urban Contemporary Music,2,True,0,"Urban Contemporary Music encompasses rhythmic, groove-based music that blends elements of R&B, hip-hop, funk, and soul with modern production techniques, primarily appealing to urban audiences.","This category is distinguished from R&B/Soul/Funk by its emphasis on contemporary production and cross-genre fusion rather than genre purity, from Hip Hop Music by its inclusion of non-rap vocal styles and smoother melodic elements, and from Adult Contemporary Music by its focus on youth-oriented urban culture and rhythm-driven instrumentation."
378,338,Variety (Music and Audio),Music and Audio: Variety (Music and Audio),Music and Audio > Variety (Music and Audio),2,True,0,"Content that spans multiple music genres, styles, or formats that doesn't fit neatly into a single musical category, or programming that intentionally mixes diverse musical selections without adhering to one consistent genre.","This category captures eclectic or mixed-genre programming, distinguishing it from all sibling categories which each define content around a specific, identifiable genre, style, demographic focus, or format (such as Contemporary Hits, Jazz, Children's Music, or Talk Radio)."
379,,News and Politics,News and Politics: News and Politics,News and Politics,1,False,8,"This category encompasses current events, political developments, legislative matters, and news reporting across local, national, and international spheres.","News and Politics is distinguished from its siblings by focusing on timely information about governmental affairs, breaking events, and public issues, whereas categories like Business and Finance address economic matters, Sports covers athletic competition, and Technology & Computing covers innovation and digital topics."
380,379,Crime,News and Politics: Crime,News and Politics > Crime,2,True,0,"Reported incidents of illegal activities, arrests, investigations, and criminal proceedings that are presented as current events or breaking news.","This category focuses on the criminal act and its immediate consequences as news stories, distinct from Legal system analysis (Law), geographically-specific crime reporting (Local/National News), or political scandals (Politics)."
381,379,Disasters,News and Politics: Disasters,News and Politics > Disasters,2,True,0,"Natural and human-caused catastrophic events that cause significant harm, disruption, or loss of life and require emergency response.","This category covers sudden, large-scale destructive events, whereas Weather addresses atmospheric phenomena, Crime focuses on intentional illegal acts, and other siblings cover political systems, legal matters, and standard news reporting without the catastrophic emergency dimension."
382,379,International News,News and Politics: International News,News and Politics > International News,2,True,0,"Content reporting on events, developments, and issues occurring outside the user's home country, including foreign government actions, international conflicts, global economic developments, and cross-border incidents.","This category focuses on news from outside the user's national borders, distinguishing it from National News (domestic events), Local News (community-level events), and Politics (policy and governance specifically within the user's country)."
383,379,Law,News and Politics: Law,News and Politics > Law,2,True,0,"Legal developments, court decisions, judicial proceedings, and legislation that don't focus primarily on crime, politics, disasters, or geographic scope.","This category covers the law and justice system itself rather than criminal cases (Crime), political governance (Politics), localized events (Local News), or national policy (National News)."
384,379,Local News,News and Politics: Local News,News and Politics > Local News,2,True,0,"Content about events, developments, and issues occurring within a specific city, town, county, or region that affect the local community and its residents.","This category focuses on geographically-bounded community matters that don't rise to national/international significance, are not crime-specific, disaster-focused, weather-related, legal proceedings, or political campaigns and governance."
385,379,National News,News and Politics: National News,News and Politics > National News,2,True,0,"News about events, developments, and issues affecting the entire United States that do not fit into more specialized political, legal, or crisis-specific categories.","This category excludes local/regional news, international events, crime reporting, natural disasters, weather coverage, political party activities, and legal proceedings—capturing broad national stories of general interest instead."
386,379,Politics,News and Politics: Politics,News and Politics > Politics,2,False,3,"Content about political processes, policies, systems, government operations, and the individuals and parties involved in exercising political power and influence.","This category covers the machinery and substance of governance and political activity itself, distinct from crime (illegal acts), law (judicial and legal systems), disasters (catastrophic events), weather (meteorological phenomena), and news organized by geographic scope (local, national, international) or specific crises (war, conflicts)."
387,386,Elections,News and Politics: Elections,News and Politics > Politics > Elections,3,True,0,"Content covering electoral processes, campaigns, voting, candidates, polling, and election results at all governmental levels.","This category focuses specifically on the mechanics and outcomes of choosing political representatives, distinct from broader political issues or armed conflicts."
388,386,Political Issues,News and Politics: Political Issues,News and Politics > Politics > Political Issues,3,True,0,"Content analyzing specific policy positions, governmental decisions, legislation, political ideology, and civic governance issues that are not primarily about electoral campaigns or armed conflicts.","This category captures substantive policy debates and governance matters, while Elections focuses on candidacies and voting processes, and War and Conflicts addresses military hostilities and international armed disputes."
389,386,War and Conflicts,News and Politics: War and Conflicts,News and Politics > Politics > War and Conflicts,3,True,0,"This category covers current events, military operations, armed conflicts, geopolitical tensions, and their political implications across the globe.","It is distinguished from Elections by focusing on military and conflict-related events rather than electoral processes, and from Political Issues by addressing active warfare and international disputes rather than domestic policy debates or governance matters."
390,379,Weather,News and Politics: Weather,News and Politics > Weather,2,True,0,"Weather events and atmospheric conditions that affect daily life, including forecasts, severe weather warnings, temperature records, seasonal patterns, and climate-related announcements.","This category covers meteorological phenomena and forecasts distinct from natural disasters (which are categorized separately), localized weather reporting (which falls under Local News), and broader climate science or policy discussions (which belong in Politics or National News)."
391,,Personal Finance,Personal Finance: Personal Finance,Personal Finance,1,False,10,"Personal Finance is about managing individual money, assets, and financial decisions for household-level economic security and wealth building.","Personal Finance differs from Business and Finance by focusing on individual and household financial matters rather than corporate operations, markets, and professional financial services."
392,391,Consumer Banking,Personal Finance: Consumer Banking,Personal Finance > Consumer Banking,2,True,0,"Consumer Banking encompasses accounts, services, and transactions that individual customers use at banks and financial institutions for everyday money management, such as checking accounts, savings accounts, debit cards, and basic banking services.","This category is distinguished from its siblings by focusing on the banking products and account management services themselves, whereas Financial Planning addresses broader wealth strategy, Personal Investing covers securities and asset growth, Personal Debt addresses borrowing and repayment, Insurance covers risk protection, and Retirement Planning addresses long-term retirement savings vehicles."
393,391,Financial Assistance,Personal Finance: Financial Assistance,Personal Finance > Financial Assistance,2,False,2,"Financial Assistance encompasses resources, programs, and strategies for obtaining monetary support or relief to address immediate financial needs or hardships.","This category focuses on accessing external funds or aid to meet pressing expenses, whereas Consumer Banking handles transactional services, Financial Planning addresses long-term wealth strategies, Personal Debt covers borrowing obligations, and Insurance protects against future losses."
394,393,Government Support and Welfare,Personal Finance: Government Support and Welfare,Personal Finance > Financial Assistance > Government Support and Welfare,3,True,0,"Government assistance programs designed to provide income support, benefits, and relief to individuals and families facing financial hardship, unemployment, or other qualifying circumstances.","This category covers need-based welfare, unemployment benefits, and social safety net programs, while Student Financial Aid focuses exclusively on education-related financial assistance regardless of financial need."
395,393,Student Financial Aid,Personal Finance: Student Financial Aid,Personal Finance > Financial Assistance > Student Financial Aid,3,True,0,"Student loans, grants, scholarships, work-study programs, and other financial resources specifically designed to help individuals pay for education at secondary, post-secondary, or higher education institutions.","Student Financial Aid targets education-specific funding mechanisms and educational institution-related expenses, whereas Government Support and Welfare encompasses broader social safety net programs, unemployment benefits, disability assistance, and general income support unrelated to educational pursuits."
396,391,Financial Planning,Personal Finance: Financial Planning,Personal Finance > Financial Planning,2,True,0,"Financial planning encompasses the comprehensive process of setting financial goals, assessing current financial status, and creating actionable strategies to achieve those goals across income, expenses, savings, and major life decisions.","This category is distinguished from its siblings by its focus on the integrated, long-term coordination of all financial elements rather than specific domains like banking transactions, debt management, investment strategy, tax obligations, insurance coverage, or retirement-specific planning."
397,391,Frugal Living,Personal Finance: Frugal Living,Personal Finance > Frugal Living,2,True,0,"Content about strategies, tips, and practices for reducing personal expenses, minimizing waste, and maximizing value from limited financial resources through mindful consumption and lifestyle choices.","This category focuses on practical spending reduction and resourceful living habits, distinct from Consumer Banking (account management), Financial Planning (comprehensive wealth strategies), Personal Debt (borrowing issues), Personal Investing (wealth growth), Insurance (risk protection), Financial Assistance (aid programs), Personal Taxes (tax obligations), Retirement Planning (long-term savings), and Home Utilities (essential services)."
398,391,Insurance,Personal Finance: Insurance,Personal Finance > Insurance,2,False,6,Insurance products and services that protect individuals and their assets against financial losses from specified risks and unforeseen events.,"This category focuses on risk mitigation through insurance contracts, distinguishing it from Consumer Banking (financial accounts and transactions), Personal Investing (wealth growth), Financial Planning (overall strategy), and Personal Debt (borrowing obligations)."
399,398,Health Insurance,Personal Finance: Health Insurance,Personal Finance > Insurance > Health Insurance,3,True,0,"Content covering plans, policies, coverage options, claims, and costs related to medical and healthcare insurance for individuals and families.","This category focuses exclusively on insurance protecting against healthcare expenses, distinguishing it from home/motor insurance (property/liability protection), life insurance (death benefits), pet insurance (animal healthcare), and travel insurance (trip-specific coverage)."
400,398,Home Insurance,Personal Finance: Home Insurance,Personal Finance > Insurance > Home Insurance,3,True,0,"Home Insurance covers financial protection against damage, loss, or liability related to residential properties and their contents.","Home Insurance is distinguished from its siblings by focusing exclusively on residential dwellings and property-specific risks, whereas Health Insurance addresses medical expenses, Life Insurance covers death benefits, Motor Insurance protects vehicles, Pet Insurance covers animal healthcare, and Travel Insurance addresses journey-related incidents."
401,398,Life Insurance,Personal Finance: Life Insurance,Personal Finance > Insurance > Life Insurance,3,True,0,Life insurance provides financial protection to beneficiaries by paying out a lump sum or regular payments upon the policyholder's death.,"Life insurance is distinguished from its siblings by its focus on income replacement and financial security for dependents after death, rather than covering medical expenses (Health Insurance), property damage (Home Insurance), vehicle accidents (Motor Insurance), veterinary costs (Pet Insurance), or travel-related incidents (Travel Insurance)."
402,398,Motor Insurance,Personal Finance: Motor Insurance,Personal Finance > Insurance > Motor Insurance,3,True,0,"Motor Insurance provides coverage for vehicles against financial losses from accidents, theft, damage, or liability claims arising from vehicle operation.","This category covers insurance products specifically designed to protect vehicle owners and operators, distinct from health insurance (personal medical coverage), home insurance (property protection), life insurance (death benefits), pet insurance (animal medical care), and travel insurance (trip-related protection)."
403,398,Pet Insurance,Personal Finance: Pet Insurance,Personal Finance > Insurance > Pet Insurance,3,True,0,"Pet insurance covers veterinary medical expenses for owned animals, including treatment for injuries, illnesses, and routine care depending on the policy type.","Pet insurance is distinguished from its siblings by protecting the health and medical costs of companion animals rather than insuring people's health, property, vehicles, or travel arrangements."
404,398,Travel Insurance,Personal Finance: Travel Insurance,Personal Finance > Insurance > Travel Insurance,3,True,0,"Travel insurance protects individuals against financial losses due to unexpected events occurring before or during trips, such as trip cancellations, medical emergencies abroad, lost luggage, and travel delays.","Travel insurance is distinguished from its siblings by covering risks specific to temporary journeys and relocation, whereas health insurance addresses ongoing medical needs, home insurance protects residential property, life insurance provides death benefits, motor insurance covers vehicles, and pet insurance covers animal healthcare."
405,391,Personal Debt,Personal Finance: Personal Debt,Personal Finance > Personal Debt,2,False,4,"This category covers the management, repayment, and understanding of money owed by individuals to creditors, including strategies for debt reduction and handling of various debt obligations.","It focuses specifically on the debts individuals owe and their management, whereas Consumer Banking addresses account services, Financial Planning covers overall wealth strategy, and Financial Assistance addresses aid programs and relief options."
406,405,Credit Cards,Personal Finance: Credit Cards,Personal Finance > Personal Debt > Credit Cards,3,True,0,"Content about credit card products, usage, management, and strategies, including account types, rewards programs, balance transfers, and debt repayment methods.","This category focuses specifically on revolving credit instruments and their management, distinct from installment debt like mortgages, fixed-term personal loans, or education-specific borrowing."
407,405,Home Financing,Personal Finance: Home Financing,Personal Finance > Personal Debt > Home Financing,3,True,0,"Products, services, and guidance related to borrowing money specifically to purchase, refinance, or maintain residential real estate property.","This category focuses exclusively on debt secured by real property, whereas credit cards involve unsecured revolving credit, personal loans are unsecured installment loans for general purposes, and student loans are specifically for education expenses."
408,405,Personal Loans,Personal Finance: Personal Loans,Personal Finance > Personal Debt > Personal Loans,3,True,0,"Personal loans are unsecured or secured loans taken by individuals for personal use, typically repaid in fixed installments over a set period with a fixed or variable interest rate.","Personal loans are distinguished from their siblings by being general-purpose, consumer loans that are not specifically designated for education (student loans), housing (home financing), or revolving credit (credit cards), and they are typically provided by banks, credit unions, or online lenders rather than educational institutions or mortgage lenders."
409,405,Student Loans,Personal Finance: Student Loans,Personal Finance > Personal Debt > Student Loans,3,True,0,"Financial products and strategies specifically designed for borrowing money to fund education expenses, including federal loans, private loans, and repayment plans for post-secondary institutions.","Student loans differ from credit cards by being installment debt with fixed terms for educational purposes, from home financing by funding education rather than property purchases, and from personal loans by having specialized repayment options and borrower protections tied to educational status and income-based repayment programs."
410,391,Personal Investing,Personal Finance: Personal Investing,Personal Finance > Personal Investing,2,False,4,"Content about selecting, purchasing, and managing individual investment vehicles and portfolios to build personal wealth through market participation.","This category focuses on the mechanics of executing and monitoring specific investments themselves, whereas Financial Planning covers broader wealth strategy, Retirement Planning addresses long-term savings vehicles with tax advantages, and Personal Debt/Consumer Banking deal with borrowing and deposit accounts rather than investment assets."
411,410,Hedge Funds,Personal Finance: Hedge Funds,Personal Finance > Personal Investing > Hedge Funds,3,True,0,"Content about privately-pooled investment vehicles managed by professional fund managers that employ diverse strategies including leverage, derivatives, and short selling to generate returns for accredited investors.","Hedge funds differ from mutual funds by being less regulated and accessible only to qualified investors, from options by focusing on broader portfolio strategies rather than individual derivatives contracts, and from stocks and bonds by representing managed investment products rather than direct security ownership."
412,410,Mutual Funds,Personal Finance: Mutual Funds,Personal Finance > Personal Investing > Mutual Funds,3,True,0,"Professionally managed investment pools that combine money from multiple investors to purchase diversified portfolios of stocks, bonds, or other securities.","Mutual funds differ from stocks and bonds (individual securities), hedge funds (less regulated with higher risk tolerance and minimum investments), and options (derivative contracts with fixed expiration dates)."
413,410,Options,Personal Finance: Options,Personal Finance > Personal Investing > Options,3,True,0,"Content covering the purchase, sale, and strategic use of options contracts, including calls, puts, spreads, and other derivative strategies for individual investors.","Options differ from sibling categories by being leveraged derivative contracts with defined expiration dates, whereas stocks and bonds are direct ownership/debt instruments, mutual funds and hedge funds are managed investment vehicles holding multiple underlying assets."
414,410,Stocks and Bonds,Personal Finance: Stocks and Bonds,Personal Finance > Personal Investing > Stocks and Bonds,3,True,0,"Content covering the direct purchase, analysis, and management of individual stocks and corporate or government bonds as personal investments.","This category excludes pooled investment vehicles like mutual funds and hedge funds, as well as derivative contracts like options, focusing instead on ownership of the underlying securities themselves."
415,391,Personal Taxes,Personal Finance: Personal Taxes,Personal Finance > Personal Taxes,2,True,0,"Content about calculating, filing, and managing individual tax obligations, deductions, credits, and compliance with tax laws.","This category focuses specifically on personal tax preparation and liability, whereas Financial Planning addresses broader wealth strategy, Personal Debt covers borrowing obligations, and Consumer Banking handles deposit and payment accounts."
416,391,Retirement Planning,Personal Finance: Retirement Planning,Personal Finance > Retirement Planning,2,True,0,"Content about strategies, products, and decisions specifically designed to prepare for and manage financial life after retirement, including savings accounts, pension planning, and withdrawal strategies.","This category focuses exclusively on post-career financial preparation and management, distinct from general financial planning, personal investing focused on wealth growth, or insurance products not specifically structured for retirement income."
417,391,Home Utilities,Personal Finance: Home Utilities,Personal Finance > Home Utilities,2,False,4,"Content about managing expenses for essential household services including electricity, gas, water, internet, and phone bills.","This category focuses on the costs and management of necessary home services themselves, while Consumer Banking covers banking products, Financial Planning addresses broader money strategy, Frugal Living discusses savings techniques generally, and Insurance protects against risks rather than paying routine utilities."
418,417,Gas and Electric,Personal Finance: Gas and Electric,Personal Finance > Home Utilities > Gas and Electric,3,True,0,"Content about costs, billing, consumption, efficiency, providers, and service issues related to natural gas and electricity used in residential settings.","This category covers fuel and power energy sources delivered to homes, distinct from internet/phone communication services and water supply services."
419,417,Internet Service Providers,Personal Finance: Internet Service Providers,Personal Finance > Home Utilities > Internet Service Providers,3,True,0,"Content covering the costs, selection, comparison, and management of residential or small business internet connectivity services provided by telecommunications companies or ISPs.","This category focuses specifically on internet access and broadband services, distinguishing it from gas and electric utilities (energy services), phone services (voice and telecommunications), and water services (water and sewage utilities)."
420,417,Phone Services,Personal Finance: Phone Services,Personal Finance > Home Utilities > Phone Services,3,True,0,"Content about selecting, managing, and paying for residential telephone services including landline plans, mobile phone plans, calling features, and service providers.","This category covers telephone service costs and decisions, whereas Gas and Electric addresses energy utilities, Internet Service Providers covers data connectivity, and Water Services addresses water supply and sewage."
421,417,Water Services,Personal Finance: Water Services,Personal Finance > Home Utilities > Water Services,3,True,0,"Water service charges, consumption monitoring, billing disputes, and account management for residential water utility providers.","This category covers water-specific utility costs and issues, distinct from energy utilities (Gas and Electric), telecommunications services (Internet and Phone), and other home utilities."
422,,Pets,Pets: Pets,Pets,1,False,9,"Content related to the care, ownership, behavior, and companionship of domesticated animals kept primarily for personal enjoyment or emotional support.","This category encompasses the full spectrum of pet-related topics and distinguishes itself from Hobbies & Interests by focusing specifically on animal companionship rather than general leisure activities, and from Healthy Living by addressing pet health through its Veterinary Medicine subcategory rather than human wellness."
423,422,Birds,Pets: Birds,Pets > Birds,2,True,0,"Content about domesticated birds kept as companions or in captivity, including their care, behavior, breeding, and species-specific information.","This category focuses exclusively on avian pets, distinguishing itself from Reptiles (which covers non-avian species), Veterinary Medicine (general animal health), Pet Supplies (equipment and food), and other sibling categories that address mammals or aquatic animals."
424,422,Cats,Pets: Cats,Pets > Cats,2,True,0,"Content about domestic cats, including their breeds, behavior, care, health, training, and ownership experiences.","This category focuses specifically on feline pets, distinguishing it from canine pets (Dogs), avian pets (Birds), aquatic pets (Fish and Aquariums), exotic pets (Reptiles), farm or large domestic animals (Large Animals), and professional veterinary or supply topics (Veterinary Medicine, Pet Supplies, Pet Adoptions)."
425,422,Dogs,Pets: Dogs,Pets > Dogs,2,True,0,"Content about domesticated canines kept as companions, including their care, behavior, training, and breed-specific information.","This category covers dogs specifically, distinguishing it from other pet types like cats and birds, while excluding general veterinary services, pet supplies, large farm animals, and adoption services that span multiple species."
426,422,Fish and Aquariums,Pets: Fish and Aquariums,Pets > Fish and Aquariums,2,True,0,"Content about selecting, maintaining, and caring for fish species and aquatic habitats used for pet-keeping purposes.","This category focuses specifically on aquatic pets and their tank environments, distinct from birds, reptiles, and land-based mammals, while excluding general pet supplies sold across all pet types and veterinary medical services."
427,422,Large Animals,Pets: Large Animals,Pets > Large Animals,2,True,0,"Content about domesticated animals kept as pets that are too large to fit comfortably in standard household spaces, including horses, llamas, alpacas, donkeys, and similar species.","This category covers oversized companion animals that require substantial space and resources, distinguishing it from Birds, Cats, Dogs, and Reptiles which are smaller companion animals, and from Pet Supplies, Pet Adoptions, and Veterinary Medicine which address other pet-related topics rather than specific animal types."
428,422,Pet Adoptions,Pets: Pet Adoptions,Pets > Pet Adoptions,2,True,0,"Content about finding, acquiring, and rehoming companion animals through shelters, rescue organizations, adoption agencies, and private adoptions.","This category covers the adoption process across all animal types, while sibling categories focus on specific animal species, veterinary care, supplies, or large livestock."
429,422,Reptiles,Pets: Reptiles,Pets > Reptiles,2,True,0,"Reptiles and amphibians kept as domestic animals, including snakes, lizards, turtles, geckos, iguanas, and frogs.","This category covers cold-blooded vertebrates with scales or moist skin, distinguishing it from warm-blooded pets like Birds, Cats, and Dogs, and from aquatic-only animals in Fish and Aquariums."
430,422,Veterinary Medicine,Pets: Veterinary Medicine,Pets > Veterinary Medicine,2,True,0,"Content focused on the medical care, treatment, diagnosis, and health management of pets, including veterinary procedures, animal health conditions, medications, and professional veterinary services.","This category encompasses medical and health topics applicable across all pet types, whereas sibling categories either specialize in specific pet species (Birds, Cats, Dogs, Fish, Reptiles, Large Animals) or address non-medical pet topics like adoption and supplies."
431,422,Pet Supplies,Pets: Pet Supplies,Pets > Pet Supplies,2,True,0,"Pet Supplies contains products, equipment, and accessories used to care for, feed, house, or entertain pets of any species.","Pet Supplies differs from its siblings by focusing on general items and tools rather than specific animal types, veterinary services, or adoption services."
432,,Pop Culture,Pop Culture: Pop Culture,Pop Culture,1,False,8,"Pop culture encompasses entertainment, celebrities, trends, and media phenomena that achieve widespread popularity and cultural relevance among the general public.","Pop Culture is distinguished from its siblings by focusing on celebrity-driven entertainment and viral social phenomena, whereas Movies, Television, Music and Audio, and Video Gaming address specific entertainment mediums, while Sports, Fine Art, and other siblings cover distinct cultural domains."
433,432,Celebrity Deaths,Pop Culture: Celebrity Deaths,Pop Culture > Celebrity Deaths,2,True,0,"Content about the deaths of famous actors, musicians, athletes, public figures, and other celebrities, including obituaries, tributes, and circumstances surrounding their passing.","This category focuses exclusively on the event of a celebrity's death and its aftermath, whereas sibling categories cover living celebrities' relationships, residences, fashion choices, family structures, scandals, pregnancies, and comedic entertainment content."
434,432,Celebrity Families,Pop Culture: Celebrity Families,Pop Culture > Celebrity Families,2,True,0,"Content about the family structures, dynamics, genealogies, and multi-generational aspects of celebrities, including parents, siblings, children, and extended family members.","This category focuses on family composition and kinship rather than romantic partnerships (Celebrity Relationships), residential properties (Celebrity Homes), expectant status (Celebrity Pregnancy), fashion choices (Celebrity Style), moral controversies (Celebrity Scandal), or comedic content (Humor and Satire)."
435,432,Celebrity Homes,Pop Culture: Celebrity Homes,Pop Culture > Celebrity Homes,2,True,0,"Content about the residences, properties, architectural features, and interior design of celebrities, including tours, renovations, purchases, and sales of their homes.","This category focuses exclusively on the physical spaces and real estate owned by celebrities, whereas sibling categories address their personal relationships, fashion choices, scandals, deaths, family structures, and humorous commentary about celebrity culture."
436,432,Celebrity Pregnancy,Pop Culture: Celebrity Pregnancy,Pop Culture > Celebrity Pregnancy,2,True,0,"Content about pregnancies, expecting babies, and prenatal experiences of public figures and celebrities.","This category focuses specifically on the pregnancy period and expectancy itself, distinguishing it from Celebrity Families (which covers broader family dynamics and children after birth), Celebrity Relationships (which focuses on romantic partnerships), and Celebrity Scandal (which addresses controversies rather than pregnancy announcements or updates)."
437,432,Celebrity Relationships,Pop Culture: Celebrity Relationships,Pop Culture > Celebrity Relationships,2,True,0,"Content about romantic partnerships, dating, breakups, engagements, and marriages involving public figures and celebrities.","This category focuses exclusively on the relational dynamics and status of celebrity couples, distinguishing it from Celebrity Families (which covers broader kinship structures), Celebrity Pregnancy (which addresses reproductive milestones), and Celebrity Scandal (which addresses misconduct rather than relationship formation or dissolution)."
438,432,Celebrity Scandal,Pop Culture: Celebrity Scandal,Pop Culture > Celebrity Scandal,2,True,0,"Newsworthy incidents involving public figures that damage their reputation, including allegations of misconduct, legal troubles, substance abuse, affairs, or other controversial behavior.","This category focuses on negative or damaging events affecting celebrities' public image, whereas Celebrity Relationships covers romantic partnerships, Celebrity Families addresses kinship structures, Celebrity Pregnancies documents expected births, Celebrity Homes showcases residences, Celebrity Style highlights fashion choices, Celebrity Deaths reports fatalities, and Humor and Satire presents comedic or ironic content."
439,432,Celebrity Style,Pop Culture: Celebrity Style,Pop Culture > Celebrity Style,2,True,0,"Content about fashion choices, red carpet appearances, personal wardrobes, grooming trends, and style icons associated with entertainment industry celebrities.","This category focuses exclusively on how celebrities dress and present themselves aesthetically, distinguishing it from Celebrity Homes (physical residences), Celebrity Relationships (romantic partnerships), Celebrity Scandal (controversial behavior), and other sibling categories that address different aspects of celebrity life."
440,432,Humor and Satire,Pop Culture: Humor and Satire,Pop Culture > Humor and Satire,2,True,0,"This category contains comedic content, satirical commentary, funny moments, and humorous entertainment featuring public figures or entertainment industry trends.","It is distinguished from its siblings by focusing on intentional comedy and satirical content rather than factual reporting about celebrities' personal milestones, relationships, scandals, appearance, or lifestyle choices."
441,,Real Estate,Real Estate: Real Estate,Real Estate,1,False,11,"Real estate encompasses the buying, selling, renting, leasing, and development of properties including residential, commercial, and industrial buildings and land.","Real estate is distinguished from Personal Finance by focusing on physical property transactions and management rather than general financial planning, investment portfolios, or banking services."
442,441,Apartments,Real Estate: Apartments,Real Estate > Apartments,2,True,0,"Residential units in multi-unit buildings or complexes where occupants typically lease individual units as their primary residence, distinguishable from single-family dwellings.","Apartments differ from Houses (single-family residences), Vacation Properties (short-term leisure rentals), Hotel Properties (commercial lodging), and other non-residential or non-standard residential property types by being permanent residential rental units in multi-unit structures."
443,441,Retail Property,Real Estate: Retail Property,Real Estate > Retail Property,2,True,0,"Retail Property refers to real estate designed and used for commercial retail operations, including storefronts, shopping centers, malls, and standalone retail buildings where goods and services are sold to consumers.","Retail Property is distinguished from its siblings by its primary purpose of direct consumer sales, differing from Office Property (business services), Industrial Property (manufacturing/storage), Hotel Properties (temporary lodging), and residential categories (Apartments, Houses, Vacation Properties), while excluding undeveloped Land and Farms and Developmental Sites."
444,441,Vacation Properties,Real Estate: Vacation Properties,Real Estate > Vacation Properties,2,True,0,"Residential or commercial properties purchased or rented primarily for temporary leisure use, such as beach houses, mountain cabins, ski chalets, and short-term rental properties designed for vacationing guests.","This category differs from its siblings by focusing on properties whose primary purpose is temporary recreational occupation by non-owner users, rather than permanent residences (Houses, Apartments), commercial operations (Retail, Hotel, Office, Industrial), investment development (Developmental Sites), agricultural use (Land and Farms), or transaction services (Real Estate Buying/Selling, Renting/Leasing)."
445,441,Developmental Sites,Real Estate: Developmental Sites,Real Estate > Developmental Sites,2,True,0,"Undeveloped or partially developed properties acquired with the intent to construct buildings, improve infrastructure, or significantly transform the land for future commercial, residential, or mixed-use purposes.","This category focuses on raw land or properties in early stages of development requiring substantial construction or improvement, distinguishing it from ready-to-use properties like Apartments, Houses, and Retail Property, and from transactional categories like Real Estate Buying and Selling or Real Estate Renting and Leasing."
446,441,Hotel Properties,Real Estate: Hotel Properties,Real Estate > Hotel Properties,2,True,0,Hotel Properties contains real estate assets operated as commercial lodging facilities that provide short-term accommodations to guests in exchange for nightly or periodic rental fees.,"This category is distinguished from Vacation Properties by its commercial operation model and professional management, from Apartments by its transient guest model rather than long-term residential leasing, and from other commercial property types by its primary use as a hospitality and accommodation business rather than retail, office, or industrial operations."
447,441,Houses,Real Estate: Houses,Real Estate > Houses,2,True,0,"This category contains content about single-family residential dwellings and multi-unit residential buildings designed primarily for permanent occupant ownership, including their purchase, sale, financing, maintenance, and property management.","Houses are distinguished from Apartments (which focus on rental units in multi-unit complexes), Vacation Properties (seasonal or short-term residential properties), and other Real Estate siblings by their primary function as permanent owner-occupied residential homes rather than investment rental units, commercial spaces, or specialized properties."
448,441,Industrial Property,Real Estate: Industrial Property,Real Estate > Industrial Property,2,True,0,"Industrial property includes warehouses, manufacturing facilities, distribution centers, and other structures designed for production, storage, or logistics operations.","This category focuses on facilities built for industrial production and heavy commercial use, distinguishing it from retail (customer-facing sales), office (administrative work), apartments and houses (residential), vacation properties (tourism), hotel properties (hospitality), developmental sites (unconstructed land with development potential), and land and farms (agricultural or raw land)."
449,441,Land and Farms,Real Estate: Land and Farms,Real Estate > Land and Farms,2,True,0,"Land and farms are undeveloped or agricultural properties primarily used for crop production, animal husbandry, or natural resource extraction.","This category is distinguished from its siblings by focusing on rural, agricultural, or raw land holdings rather than developed commercial structures (retail, office, industrial, hotel), residential buildings (houses, apartments), vacation-oriented properties, or real estate services (buying, selling, renting, leasing)."
450,441,Office Property,Real Estate: Office Property,Real Estate > Office Property,2,True,0,"Content covering commercial office buildings, office spaces, and office complexes designed for business use, including leasing, sales, management, and investment of office properties.","This category focuses exclusively on office-based commercial real estate, distinguishing it from residential properties (Apartments, Houses, Vacation Properties), retail and hospitality uses (Retail Property, Hotel Properties), industrial purposes (Industrial Property), undeveloped real estate (Land and Farms, Developmental Sites), and general real estate transaction or service categories (Real Estate Buying and Selling, Real Estate Renting and Leasing)."
451,441,Real Estate Buying and Selling,Real Estate: Real Estate Buying and Selling,Real Estate > Real Estate Buying and Selling,2,True,0,"Content about the processes, strategies, and transactions involved in purchasing and selling residential, commercial, and investment properties, including pricing, negotiations, legal documentation, and market analysis.","This category encompasses the transactional mechanics and decision-making applicable across all property types, while its siblings each address the specific characteristics, markets, and considerations unique to particular property categories like apartments, retail, or industrial uses."
452,441,Real Estate Renting and Leasing,Real Estate: Real Estate Renting and Leasing,Real Estate > Real Estate Renting and Leasing,2,True,0,"This category encompasses services, transactions, and information related to renting and leasing residential, commercial, and industrial properties rather than purchasing them outright.","It differs from Real Estate Buying and Selling by focusing on temporary or ongoing occupancy agreements rather than ownership transfer, and from specific property type categories (Apartments, Houses, Retail Property, etc.) by addressing the rental/leasing mechanism itself regardless of property classification."
453,,Religion & Spirituality,Religion & Spirituality: Religion & Spirituality,Religion & Spirituality,1,False,10,"This category encompasses content related to organized religions, spiritual practices, belief systems, and faith-based philosophies that guide how people understand the sacred, the divine, or existential meaning.","Religion & Spirituality is distinguished from its siblings by focusing on faith, theology, and spiritual worldviews rather than on secular practices like Careers, Shopping, or Sports, or on other dimensions of human experience like Family and Relationships or Medical Health."
454,453,Agnosticism,Religion & Spirituality: Agnosticism,Religion & Spirituality > Agnosticism,2,True,0,Content addressing the philosophical position that the existence of God or ultimate truth is unknowable or that knowledge claims about divinity cannot be verified through reason or evidence.,"Agnosticism differs from Atheism by affirming that God's existence is unknowable rather than rejecting belief in God outright, and differs from the other religious traditions by representing a position on epistemological limits rather than adherence to a specific faith practice or doctrine."
455,453,Spirituality,Religion & Spirituality: Spirituality,Religion & Spirituality > Spirituality,2,True,0,"Spirituality encompasses personal beliefs, practices, and experiences focused on connection to something transcendent or sacred, without adherence to a specific organized religion or doctrine.","This category differs from its siblings by emphasizing individual spiritual seeking and general sacred connection rather than commitment to a particular faith tradition (Buddhism, Christianity, Hinduism, Islam, Judaism, Sikhism), explicit non-belief positions (Atheism, Agnosticism), or supernatural interpretations of celestial bodies (Astrology)."
456,453,Astrology,Religion & Spirituality: Astrology,Religion & Spirituality > Astrology,2,True,0,"Astrology is the belief system and practice of interpreting celestial bodies' positions and movements to understand human affairs, personality traits, and future events.","Astrology differs from its siblings by focusing specifically on the predictive and interpretive framework derived from planetary and stellar positions, rather than addressing broader spiritual philosophies (Spirituality), organized religions with theological doctrines (Buddhism, Christianity, Hinduism, Islam, Judaism, Sikhism), or positions on belief in deity (Agnosticism, Atheism)."
457,453,Atheism,Religion & Spirituality: Atheism,Religion & Spirituality > Atheism,2,True,0,The absence of belief in deities and rejection of theistic claims based on insufficient evidence or logical argument.,"Atheism differs from agnosticism by making a definitive stance on non-belief rather than suspending judgment, and from spirituality by rejecting supernatural claims entirely rather than exploring non-religious transcendence."
458,453,Buddhism,Religion & Spirituality: Buddhism,Religion & Spirituality > Buddhism,2,True,0,"Buddhism encompasses the teachings, practices, and philosophy originating from the Buddha's enlightenment, including meditation, dharma, and the path to liberation from suffering.","Buddhism is distinguished from its siblings by its focus on the Four Noble Truths and the Eightfold Path as methods for achieving enlightenment, rather than on theistic belief systems (Christianity, Islam, Judaism), deity-centered practices (Hinduism, Sikhism), skepticism toward religious claims (Agnosticism, Atheism), or non-doctrine-based spiritual exploration (Spirituality, Astrology)."
459,453,Christianity,Religion & Spirituality: Christianity,Religion & Spirituality > Christianity,2,True,0,"Christian faith, theology, practices, and teachings centered on the life, death, and resurrection of Jesus Christ as documented in the Bible and interpreted through Christian tradition.","This category encompasses specifically Christian beliefs and practices, distinguishing it from other monotheistic religions (Islam, Judaism), non-theistic philosophies (Atheism, Agnosticism), Eastern religions (Buddhism, Hinduism, Sikhism), and non-religious spirituality (Spirituality, Astrology)."
460,453,Hinduism,Religion & Spirituality: Hinduism,Religion & Spirituality > Hinduism,2,True,0,"Hinduism encompasses the diverse religious and philosophical traditions originating in the Indian subcontinent, centered on concepts such as dharma, karma, samsara, and the pursuit of moksha through various paths of devotion, knowledge, and action.","Hinduism is distinguished from its siblings by its specific historical roots in South Asia and its distinct theological frameworks, making it separate from the monotheistic religions (Christianity, Islam, Judaism), the related but distinct traditions (Buddhism, Sikhism), and the broader philosophical categories (Spirituality, Agnosticism, Atheism, Astrology)."
461,453,Islam,Religion & Spirituality: Islam,Religion & Spirituality > Islam,2,True,0,"Islam is the monotheistic Abrahamic religion based on the teachings of the Prophet Muhammad and the sacred text of the Quran, practiced by over 1.8 billion Muslims worldwide.","This category is distinguished from its sibling categories by its specific focus on Islamic theology, practices, and traditions rather than covering general spirituality, other world religions, or secular worldviews like atheism and agnosticism."
462,453,Judaism,Religion & Spirituality: Judaism,Religion & Spirituality > Judaism,2,True,0,"Content concerning Jewish faith, practice, history, theology, and culture, including Jewish law (halakha), lifecycle traditions, holidays, and Jewish identity.","This category is distinguished from its siblings by focusing exclusively on Judaism's distinct doctrines, rituals, and communities, rather than general spirituality, other world religions, or secular philosophical positions on belief."
463,453,Sikhism,Religion & Spirituality: Sikhism,Religion & Spirituality > Sikhism,2,True,0,"Sikhism encompasses the monotheistic faith founded in Punjab in the 15th century by Guru Nanak, which emphasizes devotion to God (Waheguru), the equality of all humans regardless of caste or gender, and the teachings of ten Gurus recorded in the Guru Granth Sahib.","Sikhism is distinguished from its siblings by its specific doctrinal tradition, historical Guru lineage, and foundational texts, whereas Spirituality is a broader non-denominational concept, Astrology focuses on celestial influences, Agnosticism and Atheism represent non-belief positions, and Buddhism, Christianity, Hinduism, Islam, and Judaism are"
464,,Science,Science: Science,Science,1,False,8,"Content about scientific principles, discoveries, research, and natural phenomena across disciplines like biology, chemistry, physics, and earth sciences.","Science is distinguished from Technology & Computing by focusing on understanding natural systems and fundamental laws rather than applied tools and engineered solutions, and from Medical Health by addressing general scientific inquiry rather than human physical and mental wellness specifically."
465,464,Biological Sciences,Science: Biological Sciences,Science > Biological Sciences,2,True,0,"Content covering the structure, function, behavior, and interactions of living organisms, including anatomy, physiology, ecology, evolution, and microbiology.","This category encompasses the study of life itself and its organizational systems, distinct from Chemistry (non-living matter and reactions), Genetics (heredity mechanisms specifically), Environment (ecosystems and conservation), Geography (spatial and human systems), Geology (Earth's structure), Physics (fundamental forces), and Space and Astronomy (celestial bodies)."
466,464,Chemistry,Science: Chemistry,Science > Chemistry,2,True,0,"Chemistry covers the study of matter, its properties, reactions, composition, and the bonds and forces between atoms and molecules.","Chemistry is distinguished from its siblings by focusing on the atomic and molecular level of matter itself, rather than biological systems (Biological Sciences), heredity (Genetics), Earth systems (Environment, Geography, Geology), physical forces and motion (Physics), or celestial objects (Space and Astronomy)."
467,464,Environment,Science: Environment,Science > Environment,2,True,0,"Content addressing the interconnection of organisms with their physical surroundings, including ecosystems, conservation, pollution, climate systems, and environmental sustainability.","This category focuses on the relationships between living things and their environment rather than the internal mechanisms of organisms (Biological Sciences), chemical processes themselves (Chemistry), heredity patterns (Genetics), Earth's physical features and human societies (Geography), rock and mineral composition (Geology), fundamental forces and motion (Physics), or celestial bodies (Space and Astronomy)."
468,464,Genetics,Science: Genetics,Science > Genetics,2,True,0,"Content covering the study of heredity, genes, DNA, mutations, inheritance patterns, and the molecular mechanisms of how traits are passed between organisms and generations.","This category focuses specifically on the science of inheritance and gene function, distinguishing it from the broader Biological Sciences category and from Chemistry, which covers molecular structure without focusing on hereditary function."
469,464,Geography,Science: Geography,Science > Geography,2,True,0,"Content that studies Earth's physical features, human populations, cultural practices, economic systems, political boundaries, and spatial relationships between places and peoples.","This category focuses on the study of Earth's surface, places, and human-environment interactions, distinguishing it from Geology (subsurface structures), Environment (ecological systems), Space and Astronomy (celestial bodies), and other sciences that examine specific domains outside geography's holistic place-based framework."
470,464,Geology,Science: Geology,Science > Geology,2,True,0,"Content covering the study of Earth's materials, structures, processes, and history, including rocks, minerals, plate tectonics, earthquakes, volcanoes, and fossil records.","Geology focuses on the solid Earth and its physical composition and dynamic processes, distinguished from Chemistry (matter and reactions at molecular level), Physics (universal physical laws), Biological Sciences (living organisms), Genetics (heredity and genes), Geography (human and cultural landscapes), Environment (ecosystems and conservation), and Space and Astronomy (celestial bodies and the cosmos)."
471,464,Physics,Science: Physics,Science > Physics,2,True,0,"Physics encompasses the fundamental study of matter, energy, and forces, and the laws governing their interactions and motion across all scales from subatomic particles to the universe.","Physics is distinguished from its siblings by focusing on the universal principles of motion, force, and energy rather than the properties of living systems (Biological Sciences, Genetics), chemical composition and reactions (Chemistry), Earth systems (Environment, Geography, Geology), or celestial objects and their properties (Space and Astronomy)."
472,464,Space and Astronomy,Science: Space and Astronomy,Science > Space and Astronomy,2,True,0,"Content covering celestial objects, space exploration, astronomical phenomena, cosmology, and the study of planets, stars, galaxies, and the universe.","This category focuses on phenomena beyond Earth's atmosphere and the tools used to study them, distinguishing it from Physics (which covers fundamental forces and motion), Geography (which focuses on Earth's surface and features), and Geology (which studies Earth's interior composition and structure)."
473,,Shopping,Shopping: Shopping,Shopping,1,False,9,"Content about purchasing goods and services, including product selection, retail experiences, consumer transactions, and shopping-related information across general merchandise categories.","This category encompasses the act and practice of buying consumer products and services, distinguishing it from specialized shopping contexts like automotive purchases, real estate transactions, or food and drink establishments which have their own dedicated categories."
474,473,Coupons and Discounts,Shopping: Coupons and Discounts,Shopping > Coupons and Discounts,2,True,0,"This category contains content about obtaining and using coupons, promotional codes, rebates, and discount offers to reduce the cost of purchases across various product categories.","This category focuses specifically on the mechanics of finding and applying discounts, while ""Sales and Promotions"" covers broader marketing events and ""Flower Shopping,"" ""Gifts and Greetings Cards,"" ""Grocery Shopping,"" ""Holiday Shopping,"" ""Household Supplies,"" and ""Children's Games and Toys"" address shopping within specific product domains."
475,473,Flower Shopping,Shopping: Flower Shopping,Shopping > Flower Shopping,2,True,0,"Flower Shopping is the purchase or ordering of cut flowers, potted plants, floral arrangements, and flowering plants for personal use, decoration, or gifting purposes.","Flower Shopping differs from Gifts and Greetings Cards by focusing specifically on botanical products rather than pre-made gift items or cards, and differs from Grocery Shopping by targeting ornamental or horticultural items rather than food and consumables."
476,473,Gifts and Greetings Cards,Shopping: Gifts and Greetings Cards,Shopping > Gifts and Greetings Cards,2,True,0,Content about purchasing gift items and greeting cards for various occasions and recipients.,"This category focuses on curated gift selection and greeting card purchases, distinguishing it from Flower Shopping (floral gifts specifically), Holiday Shopping (seasonal occasion-based shopping broadly), Children's Games and Toys (entertainment products for kids), and promotional categories like Coupons, Sales, and Lotteries."
477,473,Grocery Shopping,Shopping: Grocery Shopping,Shopping > Grocery Shopping,2,True,0,"Grocery shopping involves purchasing food, beverages, and basic consumable items from supermarkets, farmers markets, or grocery stores for household consumption.","This category is distinguished from its siblings by focusing specifically on edible and drinkable products for regular consumption, rather than non-food household items, gifts, flowers, toys, lottery products, or discount/promotional shopping strategies."
478,473,Holiday Shopping,Shopping: Holiday Shopping,Shopping > Holiday Shopping,2,True,0,"Holiday Shopping encompasses the purchase of seasonal items, decorations, and gift-related products specifically for holidays and festive occasions throughout the year.","This category focuses on holiday-specific merchandise and seasonal buying, whereas Gifts and Greetings Cards covers general gift-giving year-round, Sales and Promotions highlights discount events, and Flower Shopping, Grocery Shopping, and Household Supplies address non-holiday-specific product categories."
479,473,Household Supplies,Shopping: Household Supplies,Shopping > Household Supplies,2,True,0,"Household Supplies encompasses transactions for purchasing non-food items used in cleaning, maintenance, and daily operations of a home, such as detergents, paper products, tools, and hardware.","This category differs from its siblings by focusing on functional home management products rather than groceries (food items), gifts and cards (occasion-based purchases), toys (entertainment for children), discounts (pricing mechanisms), flowers (botanical gifts), holiday-specific shopping, or games of chance."
480,473,Lotteries and Scratchcards,Shopping: Lotteries and Scratchcards,Shopping > Lotteries and Scratchcards,2,True,0,"Content about purchasing lottery tickets, scratch-off cards, and similar games of chance where participants buy tickets or cards with the hope of winning prizes or money.","This category focuses on games of chance and gambling products purchased for entertainment, distinguishing it from Coupons and Discounts (which reduce prices), Sales and Promotions (which advertise existing products), and Gifts and Greetings Cards (which are given to others rather than played by the purchaser)."
481,473,Sales and Promotions,Shopping: Sales and Promotions,Shopping > Sales and Promotions,2,True,0,"This category contains information about sales events, promotional offers, seasonal discounts, and special deals available across retail stores and online merchants.","It differs from its siblings by focusing on temporary price reductions and marketing promotions rather than specific product categories (groceries, flowers, toys, gifts) or specific discount mechanisms (coupons, lotteries)."
482,473,Children's Games and Toys,Shopping: Children's Games and Toys,Shopping > Children's Games and Toys,2,True,0,"Content about purchasing games, toys, puzzles, and playsets designed for children's entertainment and development.","This category focuses specifically on products for child play and amusement, whereas Gifts and Greetings Cards encompasses broader gifting occasions, Household Supplies covers non-entertainment items, and Holiday Shopping and Sales and Promotions are shopping contexts rather than product categories."
483,,Sports,Sports: Sports,Sports,1,False,52,"Content about competitive athletic activities, recreational games, professional sports leagues, and organized physical competitions.","Sports is distinguished from Hobbies & Interests by focusing specifically on competitive or organized athletic pursuits rather than general pastimes, and differs from Healthy Living by emphasizing performance, competition, and sports themselves rather than health outcomes or fitness advice."
484,483,American Football,Sports: American Football,Sports > American Football,2,True,0,"Content about the sport of American football, including professional, collegiate, and amateur leagues, players, teams, games, rules, and strategy specific to this sport.","This category covers American football exclusively, distinguishing it from related sports like rugby, Australian rules football, and Canadian football, as well as from other team sports like soccer and basketball."
485,483,Boxing,Sports: Boxing,Sports > Boxing,2,True,0,"Content about the sport of boxing, including professional and amateur competitions, fighters, training techniques, rules, history, and related events.","Boxing is distinguished from other combat sports like Wrestling and Martial Arts by its focus on punching with gloved hands as the primary striking method, and from Weightlifting and Bodybuilding by emphasizing competitive fighting rather than strength training or physique competition."
486,483,Cheerleading,Sports: Cheerleading,Sports > Cheerleading,2,True,0,"Cheerleading is an athletic activity involving organized routines of chants, dance, acrobatics, and stunts performed to entertain crowds and support teams at sporting events.","This category encompasses the competitive sport and performance art of cheerleading itself, distinct from the sports it typically supports (like Football or Basketball) and from related athletic disciplines like Gymnastics or Dance that lack cheerleading's team-oriented crowd engagement component."
487,483,College Sports,Sports: College Sports,Sports > College Sports,2,False,3,"Content about athletic competitions, teams, athletes, and events organized by colleges and universities across all sports disciplines.","This category encompasses the collegiate level of competition itself, while sibling categories cover specific sports regardless of competitive level, and child categories focus on individual college sports."
488,487,College Football,Sports: College Football,Sports > College Sports > College Football,3,True,0,"Content about American football played by student-athletes at the college and university level, including games, teams, players, coaches, conferences, and championships.","This category focuses exclusively on college-level football, distinguishing it from professional football content and from college basketball and baseball which cover different sports."
489,487,College Basketball,Sports: College Basketball,Sports > College Sports > College Basketball,3,True,0,"Content covering NCAA Division I, II, and III basketball teams, players, coaches, conferences, tournaments, and games at the collegiate level.","This category differs from its siblings by focusing exclusively on the basketball sport, whereas College Football covers gridiron competition and College Baseball covers diamond play."
490,487,College Baseball,Sports: College Baseball,Sports > College Sports > College Baseball,3,True,0,"College Baseball encompasses competitive baseball programs, teams, players, and events at the collegiate level, including NCAA Division I, II, and III competitions, conferences, and championships.","This category focuses exclusively on baseball played by college-affiliated athletes, distinguishing it from professional baseball content and from other collegiate sports like football and basketball that have their own dedicated categories."
491,483,Cricket,Sports: Cricket,Sports > Cricket,2,True,0,"Cricket is a bat-and-ball team sport played between two teams of eleven players on an oval field, where players score runs by hitting a bowled ball and running between wickets.","Cricket is distinguished from other team sports by its unique equipment (wickets, stumps), field configuration (oval with creases), and scoring system based on runs and wickets, setting it apart from baseball, softball, rugby, and other bat-and-ball or field sports among its siblings."
492,483,Cycling,Sports: Cycling,Sports > Cycling,2,True,0,"Content about bicycle racing, mountain biking, BMX, road cycling, track cycling, and related competitive or recreational cycling activities.","Cycling is distinguished from other sports by its focus on human-powered bicycles as the primary equipment and method of propulsion, rather than other vehicles, animal assistance, or non-wheeled athletic disciplines."
493,483,Darts,Sports: Darts,Sports > Darts,2,True,0,Darts is a competitive sport in which players throw small pointed missiles at a circular target board to score points based on precision and accuracy.,"Darts is distinguished from its siblings by being a stationary, precision-based sport played at close range with hand-thrown projectiles, rather than involving full-body athleticism, larger playing areas, or implement-based competition like bowling or snooker."
494,483,Disabled Sports,Sports: Disabled Sports,Sports > Disabled Sports,2,True,0,"Content about athletic competitions, training, and events specifically designed for or inclusive of athletes with physical, sensory, or intellectual disabilities, including Paralympic sports and adaptive sports programs.","This category is distinguished from all sibling categories by its focus on disability accommodation and inclusion as the defining characteristic, rather than organizing content by a specific sport type or discipline that applies uniformly to non-disabled athletes."
495,483,Diving,Sports: Diving,Sports > Diving,2,True,0,"Content about competitive and recreational diving activities, including platform diving, springboard diving, synchronized diving, and underwater diving sports performed in pools, natural waters, or open water environments.","This category is distinguished from Swimming by focusing specifically on diving techniques and competitions rather than horizontal propulsion through water, and from Water Polo by emphasizing diving as the primary sport rather than as an incidental component of a team game."
496,483,Equine Sports,Sports: Equine Sports,Sports > Equine Sports,2,True,0,"Equine Sports encompasses athletic competitions and activities where horses are the primary participants or essential to the sport's execution, including disciplines like polo, show jumping, dressage, eventing, and other mounted or horse-centered athletic pursuits.","This category is distinguished from Horse Racing by focusing on skill-based equestrian disciplines and performances rather than racing competitions, and from Rodeo by emphasizing formal competitive horsemanship and traditional equestrian sports rather than ranch-based livestock events."
497,483,Horse Racing,Sports: Horse Racing,Sports > Equine Sports > Horse Racing,3,True,0,Horse racing is a competitive sport in which jockeys ride thoroughbred or standardbred horses in timed races over various distances and surfaces to determine winners based on speed and finishing position.,"Horse racing is distinguished from other equine sports by its focus on speed competition with mounted riders over measured courses, whereas sibling equine sports emphasize different disciplines such as jumping, dressage, or rodeo events, and it differs from other sports categories by being the only one centered on racing with mounted equestrians."
498,483,Extreme Sports,Sports: Extreme Sports,Sports > Extreme Sports,2,False,8,"Sports activities characterized by high risk, adrenaline-driven action, and unconventional settings that push physical and mental limits beyond traditional competitive environments.","This category encompasses sports that emphasize danger, speed, or acrobatic skill in non-standard venues (mountains, water, urban spaces, or air), distinguishing it from mainstream competitive sports that occur in controlled fields, courts, or arenas with standardized rules and safety protocols."
499,498,Canoeing and Kayaking,Sports: Canoeing and Kayaking,Sports > Extreme Sports > Canoeing and Kayaking,3,True,0,"This category encompasses competitive and recreational activities involving the propulsion and maneuvering of canoes and kayaks through water using paddles, including whitewater paddling, flatwater racing, and touring.","It is distinguished from its siblings by requiring a vessel (canoe or kayak) as the primary equipment and propulsion method, unlike climbing and skateboarding which use different terrain or equipment, and differing from other water sports like scuba diving and waterskiing that employ fundamentally different techniques, gear, or power sources."
500,498,Climbing,Sports: Climbing,Sports > Extreme Sports > Climbing,3,True,0,"Rock, ice, and mountaineering activities where participants ascend natural or artificial vertical surfaces using specialized equipment and techniques.","Climbing is distinguished from its siblings by requiring upward vertical progression against gravity as the primary movement, whereas canoeing/kayaking involve horizontal water navigation, paintball is ground-based combat sport, scuba diving prioritizes underwater exploration, skateboarding and snowboarding use boards for downward or horizontal motion, surfing rides waves, and waterskiing/wakeboarding involve towed horizontal movement."
501,498,Paintball,Sports: Paintball,Sports > Extreme Sports > Paintball,3,True,0,Paintball is a competitive sport where players use air-powered markers to shoot paint-filled pellets at opponents across outdoor or indoor courses.,"Paintball differs from its siblings by being primarily a team-based tactical combat sport rather than an individual endurance activity, and it requires specialized equipment (markers and protective gear) rather than relying on natural terrain or water conditions."
502,498,Scuba Diving,Sports: Scuba Diving,Sports > Extreme Sports > Scuba Diving,3,True,0,"This category encompasses all content related to underwater diving using self-contained underwater breathing apparatus (SCUBA), including techniques, equipment, certifications, destinations, and recreational or professional diving activities.","Scuba diving is distinguished from its siblings by requiring submersion beneath the water surface with independent air supply equipment, whereas canoeing and kayaking involve surface water navigation, climbing and skateboarding occur on land, paintball is a sport played on terrain, snowboarding and surfing use gravity on slopes or waves respectively, and waterskiing and wakeboarding involve being towed across water surfaces."
503,498,Skateboarding,Sports: Skateboarding,Sports > Extreme Sports > Skateboarding,3,True,0,"Skateboarding encompasses activities involving riding and performing tricks on a skateboard, including street skating, park skating, vert skating, and longboarding.","Skateboarding is distinguished from its siblings by being the only category centered on a wheeled board device ridden on land, whereas canoeing/kayaking and waterskiing/wakeboarding use water-based vehicles, climbing involves ascending vertical surfaces, surfing/bodyboarding ride ocean waves, snowboarding uses snow-covered terrain, scuba diving occurs underwater, and paintball is a combat sport."
504,498,Snowboarding,Sports: Snowboarding,Sports > Extreme Sports > Snowboarding,3,True,0,"Snowboarding is a winter sport in which athletes descend snow-covered slopes while standing sideways on a single board, relying on body movements and edge control for direction and speed management.","Snowboarding is distinguished from its sibling categories by requiring snow-covered terrain and a single board platform, whereas canoeing and kayaking use watercraft, climbing involves vertical rock or wall surfaces, paintball uses markers and protective equipment in competitive scenarios, scuba diving occurs underwater, skateboarding uses wheeled boards on solid ground, surfing uses waves on water, and waterskiing and wakeboarding involve being towed behind motorized watercraft."
505,498,Surfing and Bodyboarding,Sports: Surfing and Bodyboarding,Sports > Extreme Sports > Surfing and Bodyboarding,3,True,0,"Content about riding waves on boards in ocean, lake, or river environments, including techniques, equipment, competitions, and culture specific to surfing and bodyboarding disciplines.","This category focuses exclusively on wave-riding sports using surfboards or bodyboards, distinguishing it from other board sports like skateboarding and snowboarding that don't require water waves, and from other water sports like canoeing, waterskiing, and scuba diving that don't involve wave propulsion."
506,498,Waterskiing and Wakeboarding,Sports: Waterskiing and Wakeboarding,Sports > Extreme Sports > Waterskiing and Wakeboarding,3,True,0,"Waterskiing and wakeboarding involve athletes being towed behind a motorboat while standing on skis or a board, performing tricks and maneuvers across water surfaces.","This category differs from its siblings by requiring motorized towing equipment and a boat as the primary vehicle for propulsion, whereas canoeing and kayaking use human-powered paddling, climbing uses gravity and rock/ice features, paintball uses air pressure markers, scuba diving is submerged without towing, skateboarding and snowboarding use gravity on solid terrain, and surfing uses wave energy."
507,483,Australian Rules Football,Sports: Australian Rules Football,Sports > Australian Rules Football,2,True,0,"Australian Rules Football is a contact team sport played on a large oval field with 18 players per side who kick, handball, and mark an oval ball to score goals and behinds.","This category is distinguished from its siblings by its unique Australian origin, oval-shaped ball, distinctive marking and handballing mechanics, and 18-a-side format on an oval field, setting it apart from grid-based sports like American Football and from other football codes like Rugby and Soccer."
508,483,Fantasy Sports,Sports: Fantasy Sports,Sports > Fantasy Sports,2,True,0,Fantasy sports are competitive games where participants assemble virtual teams of real athletes and earn points based on those athletes' actual statistical performance in professional or college sports leagues.,"This category is distinguished from all sport-specific sibling categories because it focuses on the meta-game of team construction and scoring strategy rather than coverage of any single underlying sport, and differs from Sports Equipment by addressing participation in fantasy contests rather than physical gear."
509,483,Field Hockey,Sports: Field Hockey,Sports > Field Hockey,2,True,0,"Field hockey is a team sport played on a grass or synthetic pitch where players use curved sticks to hit a small ball into the opposing goal, governed by rules distinct from ice hockey and other stick sports.","Field hockey is distinguished from its siblings by its specific playing surface (outdoor grass or synthetic field), equipment (curved field hockey sticks and small hard ball), and ruleset, separating it from ice hockey, lacrosse, and other team or individual sports in the taxonomy."
510,483,Figure Skating,Sports: Figure Skating,Sports > Figure Skating,2,True,0,"Content about competitive figure skating includes athletes performing choreographed movements, jumps, spins, and footwork on ice, typically judged on technical skill and artistic presentation.","Figure skating is distinguished from other sports by its exclusive focus on ice-based individual or pairs performance with artistic scoring components, differentiating it from ice hockey (team-based), inline skating (non-ice wheeled sport), skiing (downhill progression), and other athletic competition categories."
511,483,Fishing Sports,Sports: Fishing Sports,Sports > Fishing Sports,2,True,0,"Fishing Sports encompasses competitive and recreational activities involving catching fish using rods, reels, nets, or other angling methods, including tournaments, techniques, and fish species-specific pursuits.","Fishing Sports is distinguished from its siblings by its focus on aquatic prey capture as the primary objective, whereas Hunting and Shooting targets land-based game, Sailing emphasizes water vessel navigation, and Water Polo centers on ball-based competition in water."
512,483,Golf,Sports: Golf,Sports > Golf,2,True,0,Golf is a sport played on large outdoor courses where players use clubs to hit a small ball into a series of holes in the fewest strokes possible.,"Golf is distinguished from other sports by its individual competition format, use of specialized clubs and balls on dedicated course layouts, and emphasis on precision and distance control rather than speed, strength, or direct physical contact with opponents."
513,483,Gymnastics,Sports: Gymnastics,Sports > Gymnastics,2,True,0,"Gymnastics is a sport involving acrobatic movements, balance skills, and athletic routines performed on apparatus such as bars, beams, and floor mats, or without apparatus in artistic floor exercises.","Gymnastics is distinguished from its siblings by emphasizing coordinated body control, flexibility, and precision in executing choreographed sequences rather than competing in team-based games, individual races, combat matches, or equipment-dependent activities like hunting or auto racing."
514,483,Hunting and Shooting,Sports: Hunting and Shooting,Sports > Hunting and Shooting,2,True,0,"Content about competitive and recreational activities involving firearms, bows, or other projectile weapons used to pursue and harvest game animals, as well as organized marksmanship competitions and target shooting sports.","This category is distinguished from its siblings by focusing specifically on activities where the primary objective is either hunting wild game or precision shooting at targets, rather than competing in ball sports, combat sports, racing, or other athletic disciplines that do not involve weapons or game pursuit."
515,483,Ice Hockey,Sports: Ice Hockey,Sports > Ice Hockey,2,True,0,"This category contains content about ice hockey, the competitive team sport played on ice where players use sticks to shoot a puck into an opposing goal, including professional leagues, amateur play, rules, players, and events.","Ice hockey is distinguished from its siblings by being the only category focused on team-based stick-and-puck sport played on an ice surface, separate from related ice sports like figure skating or inline skating which have different competitive objectives."
516,483,Inline Skating,Sports: Inline Skating,Sports > Inline Skating,2,True,0,"This category encompasses content about the sport of inline skating, including recreational and competitive roller skating on paved surfaces with wheeled skates in a line configuration.","Inline skating is distinguished from figure skating by its use of wheeled skates on pavement rather than ice blades, and from cycling by its reliance on human-powered leg propulsion rather than pedals and chain mechanisms."
517,483,Lacrosse,Sports: Lacrosse,Sports > Lacrosse,2,True,0,"This category contains content about lacrosse, a team sport played with a small rubber ball, netted stick, and protective equipment, where players advance the ball downfield to score goals.","Lacrosse is distinguished from its sibling categories by being the only category dedicated to this specific sport, which combines elements of other team sports (like field hockey, basketball, and ice hockey) but has unique rules, equipment, and gameplay mechanics."
518,483,Auto Racing,Sports: Auto Racing,Sports > Auto Racing,2,False,1,"Content about competitive racing events, drivers, teams, and vehicles that compete in motorsports disciplines such as Formula 1, NASCAR, IndyCar, sports car racing, and drag racing.","Auto Racing is distinguished from its siblings by focusing exclusively on wheel-based motorsports competition, while Horse Racing covers equine athletics, Motorcycle Sports (its child category) covers two-wheeled racing, and other siblings cover non-motorized or non-racing sports."
519,518,Motorcycle Sports,Sports: Motorcycle Sports,Sports > Auto Racing > Motorcycle Sports,3,True,0,"Competitive events and activities involving motorcycles, including racing, stunts, trials, and other organized motorcycle competitions.","This category encompasses all motorcycle-specific competitions and motorsports, distinguishing it from automobile racing, which covers four-wheeled vehicles, and from general automotive sports that may include multiple vehicle types."
520,483,Martial Arts,Sports: Martial Arts,Sports > Martial Arts,2,True,0,"Martial Arts encompasses organized combat sports and training systems where competitors use striking, grappling, or weapon-based techniques according to formal rules and traditions originating from various cultures.","Martial Arts is distinguished from its siblings by requiring formalized hand-to-hand or weapon combat techniques within a structured system of training and competition, rather than team sports (like soccer or basketball), individual athletic pursuits (like swimming or cycling), or combat sports emphasizing a single primary technique (like boxing or wrestling)."
521,483,Olympic Sports,Sports: Olympic Sports,Sports > Olympic Sports,2,False,2,"Content about sports disciplines, athletes, events, and competitions that are included in the official Olympic Games program sanctioned by the International Olympic Committee.","This category encompasses only sports that hold official Olympic status, distinguishing it from other athletic pursuits like American Football, Cricket, Poker, and Extreme Sports that are not part of the IOC's Olympic competition framework."
522,521,Summer Olympic Sports,Sports: Summer Olympic Sports,Sports > Olympic Sports > Summer Olympic Sports,3,True,0,"Content about athletic competitions and events that are contested during the Summer Olympic Games, including individual and team sports such as track and field, swimming, gymnastics, basketball, soccer, tennis, and volleyball.","This category encompasses only sports featured in the Summer Olympics, distinguishing it from Winter Olympic Sports which includes skiing, ice skating, ice hockey, and other cold-weather athletic competitions held during the Winter Games."
523,521,Winter Olympic Sports,Sports: Winter Olympic Sports,Sports > Olympic Sports > Winter Olympic Sports,3,True,0,Winter Olympic Sports are athletic competitions held during the Winter Olympic Games that take place on snow and ice in cold-weather environments.,"This category encompasses only sports performed in winter conditions or on ice/snow surfaces (such as skiing, ice hockey, and figure skating), whereas Summer Olympic Sports include warm-weather athletic events held during summer competitions."
524,483,Poker and Professional Gambling,Sports: Poker and Professional Gambling,Sports > Poker and Professional Gambling,2,True,0,"Content covering poker tournaments, professional card games, casino gambling, sports betting, and competitive gaming where money is wagered as the primary competitive element.","This category encompasses games of chance and skill that are wagered for monetary stakes, distinguishing it from physical athletic competitions and traditional sports that may have gambling associated with them but do not inherently involve wagering as their core competitive mechanism."
525,483,Rodeo,Sports: Rodeo,Sports > Rodeo,2,True,0,"Rodeo is a competitive event featuring livestock handling skills such as bull riding, bronc riding, roping, and barrel racing performed by contestants on horseback or with cattle.","Rodeo differs from other sports categories by emphasizing the control and management of livestock animals as the primary competitive activity, rather than human-to-human competition or general equine athletics."
526,483,Rowing,Sports: Rowing,Sports > Rowing,2,True,0,"Content about competitive or recreational rowing, including information about racing shells, technique, training, regattas, and rowers at all levels from amateur to professional.","Rowing is distinguished from its siblings by its focus on propelling boats through water using oars, setting it apart from water sports like Swimming, Diving, Water Polo, and Sailing which involve different mechanics or equipment."
527,483,Rugby,Sports: Rugby,Sports > Rugby,2,False,2,Rugby is a collision team sport played between two teams of fifteen players (in union) or thirteen players (in league) who compete to advance an oval ball down a field and score by grounding it in the opponent's end zone or kicking it through uprights.,"Rugby is distinguished from its siblings by its continuous play format without frequent stoppages, its emphasis on open-field running with lateral passing, its scrum-based set pieces, and its requirement for players to wear minimal protective equipment compared to American Football or Ice Hockey."
528,527,Rugby League,Sports: Rugby League,Sports > Rugby > Rugby League,3,True,0,"Rugby League is a form of rugby played by 13 players per side with continuous play, unlimited substitutions, and a tackle-based possession system where teams have six tackles to advance the ball.","Rugby League is distinguished from Rugby Union by its smaller team size (13 vs 15 players), more frequent substitutions, the six-tackle rule, and generally faster, more open style of play with less emphasis on scrums and lineouts."
529,527,Rugby Union,Sports: Rugby Union,Sports > Rugby > Rugby Union,3,True,0,"Content about rugby union, including its rules, teams, players, matches, tournaments, history, and organizational bodies such as World Rugby and national unions.","Rugby Union is distinguished from Rugby League by its 15-a-side team format, continuous play without regular resets, and emphasis on open-field running and rucking, whereas Rugby League uses 13 players per side and structured play-the-ball sequences."
530,483,Sailing,Sports: Sailing,Sports > Sailing,2,True,0,Sailing encompasses competitive and recreational activities involving propelling watercraft using wind-powered sails and related techniques on water.,"Sailing is distinguished from other water sports by its primary reliance on harnessing wind power through sails rather than human propulsion like rowing or swimming, and from other wind sports by its aquatic setting and use of vessels."
531,483,Skiing,Sports: Skiing,Sports > Skiing,2,True,0,"Content about competitive and recreational skiing activities, techniques, equipment, events, athletes, and related snow sports conducted on ski slopes and mountains.","Skiing is distinguished from its siblings by focusing specifically on snow-based descent sports using skis, whereas related categories cover other winter sports (Figure Skating, Ice Hockey), mountain activities (Equine Sports, Hunting), equipment generically (Sports Equipment), or other winter disciplines (Extreme Sports)."
532,483,Snooker/Pool/Billiards,Sports: Snooker/Pool/Billiards,Sports > Snooker/Pool/Billiards,2,True,0,"Content about cue sports played on a felt-covered table with balls struck by a cue stick, including snooker, pool, and billiards in their various forms and rule sets.","This category encompasses tabletop cue sports distinguished from other Sports categories by their use of a cue stick and table-based gameplay, and separated from related categories like Bowling (which uses pins and rolling balls) and Table Tennis (which uses paddles and smaller tables)."
533,483,Soccer,Sports: Soccer,Sports > Soccer,2,True,0,"Content about the sport of soccer (also known as football outside North America), including professional leagues, teams, players, matches, tactics, rules, and fan discussion of the sport.","Soccer is distinguished from its siblings by being the specific sport played between two teams of eleven players who advance a spherical ball primarily by kicking it into the opposing goal, rather than other ball sports like basketball or baseball that use different equipment and rules."
534,483,Badminton,Sports: Badminton,Sports > Badminton,2,True,0,"Content about the racket sport played by singles or doubles players on a rectangular court divided by a net, where players use stringed rackets to strike a shuttlecock back and forth.","Badminton is distinguished from its siblings by being a net-based racket sport using a shuttlecock, rather than a ball-based sport, and by its focus on rapid volleying and overhead clear shots compared to the baseline-oriented play of Tennis or the harder-hitting style of Squash."
535,483,Softball,Sports: Softball,Sports > Softball,2,True,0,"Content about the sport of softball, including rules, techniques, competitions, players, teams, equipment, and league information specific to this bat-and-ball game played with a larger, softer ball than baseball.","Softball is distinguished from its siblings by being the specific sport played with a larger soft ball and underhand pitching, rather than covering related sports like baseball, volleyball, or other ball sports that use different equipment, rules, or playing mechanics."
536,483,Squash,Sports: Squash,Sports > Squash,2,True,0,"Squash is a racquet sport played by two or four players in an enclosed court where they strike a small rubber ball against the walls, with the ball required to hit the front wall between specific lines.","Squash differs from its sibling racquet sports (Tennis, Table Tennis, Badminton, Snooker/Pool/Billiards) by being played exclusively in an enclosed four-walled court where wall contact is mandatory, rather than over a net or on an open table."
537,483,Swimming,Sports: Swimming,Sports > Swimming,2,True,0,"Content about competitive swimming events, training, techniques, athletes, and records across all levels from recreational to professional competition.","Swimming is distinguished from its sibling aquatic sports by focusing exclusively on racing or competitive propulsion through water using the human body, rather than involving equipment (Diving, Water Polo), animals (Equine Sports), or vehicles (Auto Racing)."
538,483,Table Tennis,Sports: Table Tennis,Sports > Table Tennis,2,True,0,Table tennis is a competitive sport played between two or four players who use small paddles to hit a lightweight ball back and forth across a net on a hard table.,"Table tennis is distinguished from its sibling categories by its use of a small hard playing surface, miniature paddles, and a lightweight celluloid ball, rather than larger courts, fields, or sporting equipment used in other racquet sports like Tennis or Badminton."
539,483,Tennis,Sports: Tennis,Sports > Tennis,2,True,0,"Tennis is a sport played between two or four players who use rackets to hit a ball over a net on a rectangular court, with points scored when opponents cannot return the ball within the court boundaries.","Tennis is distinguished from its siblings by being the only racket sport played on a court with a net dividing the two sides, as opposed to table-based racket sports like Table Tennis or wall-based sports like Squash."
540,483,Track and Field,Sports: Track and Field,Sports > Track and Field,2,True,0,"Content covering competitive running, jumping, and throwing events performed on a track or field, including sprints, distance races, hurdles, relays, long jump, high jump, shot put, javelin, and decathlon.","Track and Field is distinguished from its siblings by focusing exclusively on athletic competitions involving speed, distance, and power demonstrations in running and field events, rather than team sports, combat sports, equestrian activities, motorsports, or individual sports requiring specialized equipment or venues."
541,483,Volleyball,Sports: Volleyball,Sports > Volleyball,2,True,0,"Volleyball is a team sport played by two opposing teams of players separated by a net, where the objective is to hit a ball over the net to ground it on the opponent's side of the court.","Volleyball is distinguished from its siblings by being the only net sport where players use primarily their hands and arms to strike a ball back and forth over a net without the ball touching the ground on their side, differentiating it from similar court sports like basketball, tennis, and badminton."
542,483,Walking,Sports: Walking,Sports > Walking,2,True,0,"Walking is a sport or athletic activity focused on competitive or recreational foot travel at a pace faster than casual strolling but without running, where the defining characteristic is maintaining contact with the ground.","Walking is distinguished from Track and Field by its specific focus on pedestrian movement as the primary competitive element, from Cycling by using only feet rather than mechanical assistance, and from Hiking or general fitness by emphasizing structured athletic competition or organized sport rather than leisure outdoor activity."
543,483,Water Polo,Sports: Water Polo,Sports > Water Polo,2,True,0,Water polo is a competitive team sport played in water where players attempt to score by throwing a ball into the opposing team's goal while swimming and treading water.,"Water polo is distinguished from its sibling categories by being the only aquatic ball sport combining swimming, passing, and goal-scoring in a pool environment, separate from diving, swimming, and other water-based activities."
544,483,Weightlifting,Sports: Weightlifting,Sports > Weightlifting,2,True,0,"Content focused on the sport of weightlifting, including training techniques, competitions, athletes, equipment, and results from events such as the Olympic weightlifting competitions and world championships.","Weightlifting is distinguished from its siblings by its emphasis on maximum strength performance in standardized barbell lifts (snatch and clean & jerk), rather than team-based play, endurance activities, combat sports, or other strength-focused disciplines like bodybuilding or powerlifting."
545,483,Baseball,Sports: Baseball,Sports > Baseball,2,True,0,"Baseball content includes news, statistics, analysis, rules, history, teams, players, and fan discussions related to the sport played between two teams of nine players who take turns batting and fielding on a diamond-shaped field.","This category is distinguished from its siblings by focusing exclusively on the sport of baseball, separate from related sports like softball (underhand pitching, smaller field), cricket (different equipment and field layout), and other team sports that use different fundamental rules and play structures."
546,483,Wrestling,Sports: Wrestling,Sports > Wrestling,2,True,0,"Wrestling is a combat sport where two competitors attempt to pin, throw, or control each other using body contact and leverage techniques, competing either individually or as part of a team.","Wrestling is distinguished from other combat sports like Boxing and Martial Arts by its focus on grappling and body control rather than striking, and from team sports by its primary emphasis on one-on-one individual competition."
547,483,Basketball,Sports: Basketball,Sports > Basketball,2,True,0,"Content about the sport of basketball, including professional leagues (NBA, WNBA), college basketball, international competitions, players, teams, rules, statistics, and game analysis.","Basketball is distinguished from its siblings by its focus on a specific team sport played on a court with a ball and elevated hoops, rather than other ball sports (soccer, volleyball), combat sports (boxing, wrestling), individual sports (golf, cycling), or other team sports (football, baseball, ice hockey)."
548,483,Beach Volleyball,Sports: Beach Volleyball,Sports > Beach Volleyball,2,True,0,"Content about the sport of beach volleyball, including professional matches, tournaments, training techniques, player profiles, rules, equipment, and competitive events played on sand courts by teams of two to six players.","Beach volleyball is distinguished from its sibling Volleyball by being played outdoors on sand courts with modified rules and typically smaller team rosters, rather than indoors on hard courts with larger teams."
549,483,Bodybuilding,Sports: Bodybuilding,Sports > Bodybuilding,2,True,0,"Content focused on the practice, training, competition, and lifestyle associated with building and sculpting muscle mass through resistance exercise and nutrition for aesthetic purposes.",Bodybuilding is distinguished from Weightlifting by emphasizing muscular development and physique competition rather than maximal strength performance in standardized lifting movements.
550,483,Bowling,Sports: Bowling,Sports > Bowling,2,True,0,"Bowling is a sport in which players roll a heavy ball down a long, narrow lane to knock down pins arranged at the end, scoring points based on the number of pins struck.","Bowling differs from its sibling categories by being the only sport that involves rolling a ball on a defined flat surface to topple stationary targets, rather than competing through combat, team field play, racing, or other athletic activities."
551,483,Sports Equipment,Sports: Sports Equipment,Sports > Sports Equipment,2,True,0,"Sports equipment, apparel, and accessories used across multiple sports disciplines or in general athletic contexts.","This category encompasses gear and equipment designed for use in sports broadly, rather than content specific to any individual sport listed as a sibling category."
552,,Style & Fashion,Style & Fashion: Style & Fashion,Style & Fashion,1,False,10,"Content about clothing, accessories, personal appearance, grooming, and fashion trends that shape how people present themselves aesthetically.","This category focuses on the visual presentation of personal style and fashion choices, distinguishing it from Shopping (which addresses the commercial transaction of acquiring items), Personal Care (which emphasizes health and hygiene aspects), and other lifestyle categories like Home & Garden or Health Living that address different domains of personal life."
553,552,Beauty,Style & Fashion: Beauty,Style & Fashion > Beauty,2,False,6,"Beauty content encompasses cosmetics, skincare products, grooming techniques, and aesthetic treatments focused on enhancing personal appearance and self-care.","This category differs from sibling categories by concentrating on products and practices that modify or maintain facial and bodily appearance through cosmetics and grooming, rather than on clothing choices (Women's Fashion, Men's Fashion, Designer Clothing, Children's Clothing, High Fashion, Street Style), permanent body modifications (Body Art), fashion industry trends (Fashion Trends), or general health and hygiene (Personal Care)."
554,553,Hair Care,Style & Fashion: Hair Care,Style & Fashion > Beauty > Hair Care,3,True,0,"Content covering products, techniques, and advice for maintaining, treating, and styling hair, including shampoos, conditioners, treatments, and styling tools.","This category focuses exclusively on hair-specific products and practices, distinct from makeup (facial color and coverage), nail care (nail-specific treatments), skincare (facial and body skin health), fragrance (scent products), and natural/organic beauty (which spans multiple beauty categories with an organic focus)."
555,553,Makeup and Accessories,Style & Fashion: Makeup and Accessories,Style & Fashion > Beauty > Makeup and Accessories,3,True,0,"Makeup and Accessories encompass cosmetic products applied to the face and body for beautification, along with jewelry, bags, belts, and other items worn to complement personal appearance.","This category differs from siblings by focusing on decorative and adornment products that enhance or alter appearance through color and design, rather than hair treatment, nail treatment, fragrance products, skin treatment, or products marketed primarily as natural and organic formulations."
556,553,Nail Care,Style & Fashion: Nail Care,Style & Fashion > Beauty > Nail Care,3,True,0,"Content focused on the care, maintenance, treatment, and enhancement of fingernails and toenails, including products, techniques, and health advice specific to nail health.","This category differs from its siblings by concentrating exclusively on nail-specific products and practices, whereas Hair Care addresses follicles and scalp, Makeup covers facial cosmetics, Skin Care treats dermal health, Perfume focuses on scent, Accessories includes worn items, and Natural and Organic Beauty encompasses sustainably-sourced products across multiple body areas."
557,553,Natural and Organic Beauty,Style & Fashion: Natural and Organic Beauty,Style & Fashion > Beauty > Natural and Organic Beauty,3,True,0,"Content focused on beauty products and practices derived from natural, plant-based, or organic sources that prioritize clean ingredients and sustainable production methods.","This category distinguishes itself from siblings by emphasizing the sourcing philosophy and ingredient transparency of products across all beauty categories, rather than being limited to a specific body part like hair, nails, or skin, or a specific product type like makeup or fragrance."
558,553,Perfume and Fragrance,Style & Fashion: Perfume and Fragrance,Style & Fashion > Beauty > Perfume and Fragrance,3,True,0,"Perfume and fragrance products are scented liquids, sprays, and aromatic compounds designed to be applied to the body or environment to create pleasant smells.","This category is distinguished from its siblings by focusing exclusively on olfactory products, whereas Hair Care addresses scalp and hair treatments, Makeup and Accessories covers cosmetics and adornments, Nail Care targets nail-specific products, Natural and Organic Beauty emphasizes chemical-free formulations across all beauty types, and Skin Care concentrates on facial and body skincare treatments."
559,553,Skin Care,Style & Fashion: Skin Care,Style & Fashion > Beauty > Skin Care,3,True,0,"Content focused on products, routines, techniques, and advice for cleansing, treating, and maintaining healthy skin across all skin types and conditions.","This category is distinguished from its siblings by addressing the epidermis and dermis directly through cleansers, moisturizers, serums, and treatments, rather than hair products, cosmetics for color and coverage, nail products, organic-focused alternatives, or scented fragrances."
560,552,Women's Fashion,Style & Fashion: Women's Fashion,Style & Fashion > Women's Fashion,2,False,3,"This category encompasses all aspects of clothing, accessories, and footwear specifically designed for and worn by women, including everyday wear, formal attire, and complementary accessories.","It differs from sibling categories by focusing exclusively on women's apparel and related items, distinguishing it from Men's Fashion, Children's Clothing, and Beauty/Personal Care, while remaining broader and more mainstream than Designer Clothing, High Fashion, or Fashion Trends which address specific market segments or temporal focuses."
561,560,Women's Accessories,Style & Fashion: Women's Accessories,Style & Fashion > Women's Fashion > Women's Accessories,3,False,4,Women's Accessories encompasses wearable items and carried goods designed for women that complement outfits and enhance personal appearance without being primary garments or footwear.,"This category includes items worn on the body or carried that are secondary to clothing (unlike Women's Clothing), worn on feet (unlike Women's Shoes and Footwear), and covers all accessory types from jewelry to bags to eyewear (distinguishing it from single-purpose sibling categories if they existed at this level)."
562,561,Women's Glasses,Style & Fashion: Women's Glasses,Style & Fashion > Women's Fashion > Women's Accessories > Women's Glasses,4,True,0,"Women's eyewear designed specifically for women, including prescription glasses, reading glasses, and sunglasses in styles and sizes tailored to feminine aesthetics and fit.","This category differs from its siblings by focusing on functional vision correction and eye protection eyewear rather than decorative accessories (jewelry/watches), head coverings (hats/scarves), or carrying solutions (handbags/wallets)."
563,561,Women's Handbags and Wallets,Style & Fashion: Women's Handbags and Wallets,Style & Fashion > Women's Fashion > Women's Accessories > Women's Handbags and Wallets,4,True,0,"Content in this category covers portable bags and clutches designed for women to carry personal items, as well as small folding cases or pouches specifically designed to hold money, cards, and identification.","This category is distinguished from its siblings by focusing exclusively on functional carrying items (bags and wallets) rather than eyewear, head/neck accessories, or decorative personal adornments worn on the body."
564,561,Women's Hats and Scarves,Style & Fashion: Women's Hats and Scarves,Style & Fashion > Women's Fashion > Women's Accessories > Women's Hats and Scarves,4,True,0,"This category encompasses head coverings and neck wraps designed for women, including beanies, baseball caps, sun hats, berets, turbans, scarves, wraps, and shawls used for both functional protection and fashion purposes.","Unlike women's glasses (which correct vision or protect eyes), handbags and wallets (which store and carry personal items), and jewelry and watches (which adorn the body as decorative pieces), hats and scarves specifically cover or frame the head and neck areas as their primary function."
565,561,Women's Jewelry and Watches,Style & Fashion: Women's Jewelry and Watches,Style & Fashion > Women's Fashion > Women's Accessories > Women's Jewelry and Watches,4,True,0,"Content in this category covers jewelry items and timepieces designed for women, including rings, necklaces, bracelets, earrings, anklets, and watches.","This category is distinguished from its siblings by focusing exclusively on wearable adornments and timekeeping devices, rather than functional accessories like eyewear, bags, or head coverings."
566,560,Women's Clothing,Style & Fashion: Women's Clothing,Style & Fashion > Women's Fashion > Women's Clothing,3,False,6,"Women's Clothing encompasses garments designed to cover and fit the female body, including dresses, blouses, skirts, pants, tops, and layered pieces worn as primary apparel.",This category is distinguished from its siblings by focusing on full-body or torso garments rather than supplementary items like handbags and jewelry (Women's Accessories) or items worn on feet (Women's Shoes and Footwear).
567,566,Women's Business Wear,Style & Fashion: Women's Business Wear,Style & Fashion > Women's Fashion > Women's Clothing > Women's Business Wear,4,True,0,Clothing designed for professional workplace environments that balances formality with comfort and functionality for women's workdays.,"This category focuses on office-appropriate attire worn during standard business operations, distinguishing it from casual wear that lacks professional polish, formal wear designed for special events, intimates and sleepwear for undergarments and sleep, outerwear for external layering, and sportswear for athletic activities."
568,566,Women's Casual Wear,Style & Fashion: Women's Casual Wear,Style & Fashion > Women's Fashion > Women's Clothing > Women's Casual Wear,4,True,0,"Women's Casual Wear encompasses everyday clothing items designed for relaxed, non-professional settings such as jeans, t-shirts, loungewear, and casual dresses.","This category differs from its siblings by excluding professional contexts (Business Wear), formal events (Formal Wear), intimate/sleep purposes (Intimates and Sleepwear), outdoor protection (Outerwear), and athletic activities (Sportswear)."
569,566,Women's Formal Wear,Style & Fashion: Women's Formal Wear,Style & Fashion > Women's Fashion > Women's Clothing > Women's Formal Wear,4,True,0,"Women's Formal Wear includes dresses, gowns, suits, and accessories designed for evening events, black-tie occasions, galas, and ceremonies where elevated elegance is required.","This category is distinguished from its siblings by its focus on high-formality occasions and elaborate designs, whereas Business Wear serves professional workplaces, Casual Wear covers everyday settings, Intimates and Sleepwear are undergarments and nightwear, Outerwear provides layering for weather protection, and Sportswear is designed for athletic activities."
570,566,Women's Intimates and Sleepwear,Style & Fashion: Women's Intimates and Sleepwear,Style & Fashion > Women's Fashion > Women's Clothing > Women's Intimates and Sleepwear,4,True,0,"This category encompasses undergarments, bras, panties, shapewear, robes, nightgowns, pajamas, and other garments designed to be worn under clothing or during sleep and intimate moments.","It is distinguished from sibling categories by focusing on private or foundational garments worn beneath outer clothing or in personal settings, rather than visible outerwear designed for business, casual, formal, athletic, or protective purposes."
571,566,Women's Outerwear,Style & Fashion: Women's Outerwear,Style & Fashion > Women's Fashion > Women's Clothing > Women's Outerwear,4,True,0,"Lightweight to heavyweight garments designed to be worn as an outer layer over other clothing to provide warmth, protection, or style during various weather conditions and occasions.","This category encompasses layering pieces defined primarily by their outerwear function and construction (coats, jackets, blazers, wraps), whereas siblings are defined by wear context or garment type (business-specific styling, casual everyday wear, formal events, intimate/sleep purposes, or athletic activities)."
572,566,Women's Sportswear,Style & Fashion: Women's Sportswear,Style & Fashion > Women's Fashion > Women's Clothing > Women's Sportswear,4,True,0,"Women's clothing designed specifically for athletic activities, fitness training, and active recreation, featuring performance-oriented fabrics and construction.","This category focuses on functional apparel for exercise and sports, distinguishing it from business wear (professional settings), casual wear (everyday non-activity wear), formal wear (special occasions), intimates and sleepwear (undergarments and bedtime clothing), and outerwear (outer protective layers worn over other clothing)."
573,560,Women's Shoes and Footwear,Style & Fashion: Women's Shoes and Footwear,Style & Fashion > Women's Fashion > Women's Shoes and Footwear,3,True,0,"Women's shoes and footwear encompasses all types of footwear designed for and worn by women, including casual sneakers, formal heels, boots, sandals, and specialized athletic shoes.","This category is distinguished from Women's Clothing by focusing exclusively on foot coverings rather than garments worn on the body, and from Women's Accessories by being primary functional items worn on the feet rather than complementary items that enhance an outfit."
574,552,Body Art,Style & Fashion: Body Art,Style & Fashion > Body Art,2,True,0,"Body art encompasses temporary and permanent decorative modifications to the human body, including tattoos, piercings, henna, body painting, and similar artistic practices.","This category differs from sibling categories by focusing on artistic alterations and adornments applied directly to the body itself, rather than clothing worn on the body, cosmetic products for appearance enhancement, or specific fashion segments like gender-based or designer fashion."
575,552,Children's Clothing,Style & Fashion: Children's Clothing,Style & Fashion > Children's Clothing,2,True,0,"Clothing, footwear, and accessories designed and sized specifically for infants, toddlers, and children up to early teenage years.","This category focuses exclusively on garments made for young children, distinguishing it from Women's Fashion and Men's Fashion which serve adult populations, and from Designer Clothing and High Fashion which emphasize luxury adult wear regardless of gender."
576,552,Designer Clothing,Style & Fashion: Designer Clothing,Style & Fashion > Designer Clothing,2,True,0,"Designer Clothing encompasses apparel and accessories from luxury brands and haute couture houses that are characterized by exclusive craftsmanship, premium materials, and prestigious brand names.","This category focuses specifically on high-end branded garments and accessories, distinguishing itself from Women's Fashion and Men's Fashion which cover broader apparel categories regardless of price point or prestige, from High Fashion which emphasizes avant-garde design concepts, and from Fashion Trends and Street Style which prioritize current movements and everyday styling rather than luxury brand identity."
577,552,Fashion Trends,Style & Fashion: Fashion Trends,Style & Fashion > Fashion Trends,2,True,0,"Fashion Trends encompasses current and emerging styles, looks, and clothing movements that are gaining popularity across the fashion industry and consumer culture.","This category captures the broader cyclical patterns and collective shifts in fashion preferences, distinguishing it from specific demographics (Women's, Men's, Children's), aesthetic niches (High Fashion, Street Style, Designer Clothing), or non-clothing style elements (Beauty, Body Art, Personal Care)."
578,552,High Fashion,Style & Fashion: High Fashion,Style & Fashion > High Fashion,2,True,0,"High Fashion encompasses luxury, avant-garde, and couture clothing and accessories created by prestigious fashion houses and designers that prioritize artistic innovation and exclusivity.","This category is distinguished from its siblings by focusing specifically on elite, designer-driven fashion that emphasizes artistic vision and craftsmanship over everyday wearability, whereas Designer Clothing covers branded luxury items more broadly, Fashion Trends focuses on emerging styles across price points, and Women's/Men's Fashion address gender-specific apparel without the haute couture emphasis."
579,552,Men's Fashion,Style & Fashion: Men's Fashion,Style & Fashion > Men's Fashion,2,False,3,"Men's Fashion encompasses clothing, footwear, and accessories specifically designed for or primarily worn by men, including casual wear, formal attire, and specialized garments.","This category focuses exclusively on menswear products and styling, distinct from Women's Fashion (female-specific apparel), Children's Clothing (youth sizes), Designer Clothing (luxury lines across genders), Fashion Trends (style movements), High Fashion (couture and premium collections), Street Style (casual everyday wear across genders), Beauty (cosmetics and skincare), Body Art (tattoos and piercings), and Personal Care (grooming products)."
580,579,Men's Accessories,Style & Fashion: Men's Accessories,Style & Fashion > Men's Fashion > Men's Accessories,3,False,1,"Men's wearable items and adornments worn to complement or enhance masculine outfits, excluding primary garments and footwear.","This category includes non-clothing items like belts, scarves, and hats that accent an outfit, distinguishing it from Men's Clothing which covers primary garments, and Men's Shoes and Footwear which covers items specifically designed for the feet."
581,580,Men's Jewelry and Watches,Style & Fashion: Men's Jewelry and Watches,Style & Fashion > Men's Fashion > Men's Accessories > Men's Jewelry and Watches,4,True,0,"Men's jewelry and watches encompass all decorative and timepiece accessories designed specifically for men, including rings, bracelets, necklaces, cufflinks, and wristwatches.","This category is distinguished from broader men's accessories by focusing exclusively on adornments worn on the body and wrist timepieces, rather than functional items like belts, bags, or scarves."
582,579,Men's Clothing,Style & Fashion: Men's Clothing,Style & Fashion > Men's Fashion > Men's Clothing,3,False,6,"Men's Clothing encompasses garments worn on the torso and legs, excluding footwear and items that primarily serve decorative or functional accessory purposes.","This category is distinguished from its siblings by covering main body garments rather than items worn on the feet (Men's Shoes and Footwear) or supplementary items like belts, ties, and jewelry (Men's Accessories)."
583,582,Men's Business Wear,Style & Fashion: Men's Business Wear,Style & Fashion > Men's Fashion > Men's Clothing > Men's Business Wear,4,True,0,"This category encompasses clothing items designed for professional workplace environments, including dress shirts, business suits, trousers, blazers, and dress shoes intended for office settings and business casual contexts.","It is distinguished from Men's Formal Wear by its focus on everyday professional settings rather than black-tie or evening events, and from Men's Casual Wear by requiring a higher standard of formality and workplace appropriateness."
584,582,Men's Casual Wear,Style & Fashion: Men's Casual Wear,Style & Fashion > Men's Fashion > Men's Clothing > Men's Casual Wear,4,True,0,"Men's casual wear includes everyday clothing items designed for relaxed, informal settings such as jeans, t-shirts, polo shirts, casual shorts, and comfortable sweaters.","This category differs from its siblings by focusing on unpretentious, daily-wear garments; it excludes business attire (dress pants, blazers), formal wear (tuxedos, dress shirts), outerwear (coats, jackets), athletic/performance clothing (sportswear), and intimate garments (underwear, sleepwear)."
585,582,Men's Formal Wear,Style & Fashion: Men's Formal Wear,Style & Fashion > Men's Fashion > Men's Clothing > Men's Formal Wear,4,True,0,"This category contains clothing items designed for formal occasions such as black-tie events, weddings, galas, and formal dinners, including tuxedos, formal suits, dress shirts, and formal accessories.","It is distinguished from Men's Business Wear by its exclusive focus on ultra-formal evening and special occasion attire rather than professional workplace clothing, and from Men's Casual Wear, Men's Sportswear, and Men's Outerwear by its requirement for rigid formality standards and structured dress codes."
586,582,Men's Outerwear,Style & Fashion: Men's Outerwear,Style & Fashion > Men's Fashion > Men's Clothing > Men's Outerwear,4,True,0,"Jackets, coats, vests, and layering pieces designed to be worn as outer garments by men, providing warmth and weather protection.","This category encompasses outerwear specifically rather than the occasion-based or activity-based clothing in its siblings, covering all types of outer layers regardless of formality level or intended use context."
587,582,Men's Sportswear,Style & Fashion: Men's Sportswear,Style & Fashion > Men's Fashion > Men's Clothing > Men's Sportswear,4,True,0,"Clothing designed for athletic activities, workouts, and sports performance, featuring technical fabrics and functional designs that support movement and moisture management.","This category differs from its siblings by prioritizing performance features and athletic functionality rather than professional dress codes (Business Wear), everyday casual styling (Casual Wear), formal occasion requirements (Formal Wear), weather protection layers (Outerwear), or undergarment purposes (Underwear and Sleepwear)."
588,582,Men's Underwear and Sleepwear,Style & Fashion: Men's Underwear and Sleepwear,Style & Fashion > Men's Fashion > Men's Clothing > Men's Underwear and Sleepwear,4,True,0,"This category contains intimate apparel and nighttime garments designed specifically for men, including boxer shorts, briefs, undershirts, pajamas, and nightgowns.","Unlike business wear, casual wear, formal wear, outerwear, and sportswear—which are designed for external visibility and public presentation—underwear and sleepwear are worn underneath outer garments or exclusively in private settings."
589,579,Men's Shoes and Footwear,Style & Fashion: Men's Shoes and Footwear,Style & Fashion > Men's Fashion > Men's Shoes and Footwear,3,True,0,"Men's shoes and footwear encompasses all types of footwear designed for men, including casual sneakers, formal dress shoes, boots, sandals, athletic shoes, and specialized footwear for specific activities or conditions.","This category is distinguished from Men's Clothing by focusing exclusively on foot coverings and hosiery worn on the feet, and from Men's Accessories by being primary garments rather than complementary items that enhance or complete an outfit."
590,552,Personal Care,Style & Fashion: Personal Care,Style & Fashion > Personal Care,2,False,4,"Personal Care encompasses products and practices for daily hygiene, grooming, and bodily cleanliness that maintain health and wellness.","This category focuses on functional hygiene and grooming essentials, distinguishing it from Beauty (which emphasizes cosmetic enhancement), Fashion categories (which address clothing and style), and Body Art (which involves permanent or semi-permanent modifications)."
591,590,Bath and Shower,Style & Fashion: Bath and Shower,Style & Fashion > Personal Care > Bath and Shower,3,True,0,"Products used for cleansing the body during bathing and showering, including soaps, body washes, shower gels, bath bombs, bath salts, and related bathing accessories.","This category encompasses full-body cleansing products and bath experiences, while sibling categories cover specific personal hygiene areas like oral care, deodorant application, or shaving preparation and execution."
592,590,Deodorant and Antiperspirant,Style & Fashion: Deodorant and Antiperspirant,Style & Fashion > Personal Care > Deodorant and Antiperspirant,3,True,0,"Products designed to eliminate body odor through fragrance or bacterial control, and/or reduce underarm perspiration through aluminum-based active ingredients.","This category differs from Bath and Shower products (which cleanse the entire body), Oral Care (which targets the mouth), and Shaving (which removes facial or body hair), by focusing specifically on odor management and sweat control for the underarms and body."
593,590,Oral care,Style & Fashion: Oral care,Style & Fashion > Personal Care > Oral care,3,True,0,"Oral care products are designed to clean, maintain, and improve the health of teeth, gums, and the mouth cavity.","This category differs from its siblings by focusing exclusively on mouth and dental hygiene rather than body cleansing (Bath and Shower), body odor control (Deodorant and Antiperspirant), or facial hair removal (Shaving)."
594,590,Shaving,Style & Fashion: Shaving,Style & Fashion > Personal Care > Shaving,3,True,0,"This category encompasses products, techniques, and information related to removing facial and body hair through shaving, including razors, shaving creams, aftershave, and shaving accessories.","Unlike bath and shower products that cleanse the entire body, deodorant that addresses odor control, and oral care that maintains dental hygiene, shaving focuses specifically on hair removal and the products that facilitate or follow the shaving process."
595,552,Street Style,Style & Fashion: Street Style,Style & Fashion > Street Style,2,True,0,"Street Style captures candid, everyday fashion choices worn by real people in urban environments, emphasizing personal interpretation and accessibility over formal runway presentations.","This category differs from sibling categories by focusing on how individuals authentically dress themselves in daily life rather than curated designer collections (Designer Clothing), high fashion industry presentations (High Fashion), broad trend movements (Fashion Trends), or gender-specific clothing lines (Women's Fashion, Men's Fashion)."
596,,Technology & Computing,Technology & Computing: Technology & Computing,Technology & Computing,1,False,6,"Technology & Computing encompasses content related to digital systems, devices, software, and technological innovations that enable computation, communication, and automation across industries and applications.","This category is distinguished from its siblings by focusing specifically on computing infrastructure, digital tools, and technological systems themselves, rather than their application in specialized domains like Automotive (vehicles), Medical Health (healthcare), Business and Finance (commercial operations), or other field-specific categories."
597,596,Artificial Intelligence,Technology & Computing: Artificial Intelligence,Technology & Computing > Artificial Intelligence,2,True,0,"Artificial Intelligence encompasses systems and technologies designed to perform tasks that typically require human intelligence, such as learning, reasoning, problem-solving, and decision-making through algorithms and data processing.","This category differs from Computing (which covers general software, hardware, and programming), Robotics (which focuses on physical machines and their control systems), Augmented Reality and Virtual Reality (which center on immersive visual experiences), and Consumer Electronics (which addresses everyday devices and gadgets)."
598,596,Augmented Reality,Technology & Computing: Augmented Reality,Technology & Computing > Augmented Reality,2,True,0,"Augmented Reality consists of technologies and applications that overlay digital information, graphics, or interactive elements onto real-world environments viewed through devices like smartphones, tablets, or AR glasses.","Augmented Reality differs from Virtual Reality by enhancing rather than replacing the physical world, from Artificial Intelligence by focusing on spatial visualization rather than machine learning, from Computing by emphasizing real-time environmental integration, from Consumer Electronics by targeting interactive perception rather than device hardware alone, and from Robotics by prioritizing user perception rather than physical automation."
599,596,Computing,Technology & Computing: Computing,Technology & Computing > Computing,2,False,9,"Content about the design, architecture, operation, and maintenance of computing systems, devices, and their core components.","This category encompasses general computing infrastructure and systems, while excluding specialized computing applications like AI, robotics, and extended reality technologies that have their own distinct domains."
600,599,Computer Networking,Technology & Computing: Computer Networking,Technology & Computing > Computing > Computer Networking,3,True,0,"This category encompasses the hardware infrastructure, protocols, and systems that enable computers to communicate and share resources with each other across local and wide area networks.","Computer Networking is distinguished from its siblings by focusing on the interconnection mechanisms and communication frameworks between devices, rather than on individual computing devices (Desktops, Laptops), attached hardware (Computer Peripherals), programs that run on devices (Computer Software and Applications), data management systems (Data Storage and Warehousing), code development (Programming Languages), internet services specifically (Internet), or protective measures against threats (Information and Network Security)."
601,599,Computer Peripherals,Technology & Computing: Computer Peripherals,Technology & Computing > Computing > Computer Peripherals,3,True,0,"Content covering physical devices that connect to computers to extend functionality, such as mice, keyboards, monitors, printers, scanners, webcams, and audio equipment.","This category encompasses external input/output devices and accessories distinct from core computing units (Desktops, Laptops), network connectivity equipment (Computer Networking), software programs (Computer Software and Applications), data repositories (Data Storage and Warehousing), programming tools (Programming Languages), online services (Internet), and security systems (Information and Network Security)."
602,599,Computer Software and Applications,Technology & Computing: Computer Software and Applications,Technology & Computing > Computing > Computer Software and Applications,3,False,13,"This category encompasses software programs and applications that run on computers to perform specific tasks, from productivity and creative work to system management and multimedia processing.","This category focuses on executable software and application programs themselves, distinguishing it from hardware categories (Desktops, Laptops, Computer Peripherals), infrastructure categories (Computer Networking, Internet, Data Storage), and security-specific software (Information and Network Security), while Programming Languages are tools for creating software rather than finished applications."
603,602,3-D Graphics,Technology & Computing: 3-D Graphics,Technology & Computing > Computing > Computer Software and Applications > 3-D Graphics,4,True,0,"Content about software and tools designed to create, render, and manipulate three-dimensional visual models and environments on computers.","This category focuses specifically on 3-D modeling and rendering applications, distinct from Computer Animation (which emphasizes temporal sequences and motion), Graphics Software (general 2-D and vector graphics), Photo Editing Software (raster image manipulation), and Video Software (film and motion production)."
604,602,Photo Editing Software,Technology & Computing: Photo Editing Software,Technology & Computing > Computing > Computer Software and Applications > Photo Editing Software,4,True,0,"Photo Editing Software is software designed specifically for manipulating, enhancing, and retouching digital images and photographs through tools like cropping, filtering, color correction, and layering.","This category focuses exclusively on tools for modifying existing images, distinguishing it from Graphics Software (which creates graphics from scratch), Computer Animation (which creates moving sequences), Desktop Publishing (which integrates images into documents), Digital Audio (which edits sound), and Video Software (which edits motion video)."
605,602,Shareware and Freeware,Technology & Computing: Shareware and Freeware,Technology & Computing > Computing > Computer Software and Applications > Shareware and Freeware,4,True,0,"Shareware and Freeware applications are software programs distributed either at no cost (freeware) or on a trial basis with optional payment (shareware), covering general-purpose tools not specialized in graphics, media, security, or web communication.","This category encompasses non-specialized software available through free or trial-based distribution models, excluding specialized domains like graphics (3-D, photo, animation), media (video, audio), security (antivirus), communication (web conferencing, browsers), system software (operating systems, databases), and professional production tools (desktop publishing)."
606,602,Video Software,Technology & Computing: Video Software,Technology & Computing > Computing > Computer Software and Applications > Video Software,4,True,0,"Content covering software applications designed to capture, edit, process, transcode, or play back video files and sequences across various formats and platforms.","This category focuses specifically on video creation and manipulation tools, distinguishing itself from photo editing (still images), computer animation (3D motion graphics), digital audio (sound-only), web conferencing (real-time communication), and graphics software (general visual design)."
607,602,Web Conferencing,Technology & Computing: Web Conferencing,Technology & Computing > Computing > Computer Software and Applications > Web Conferencing,4,True,0,"Web Conferencing enables real-time synchronous communication between multiple participants through internet-based platforms that integrate video, audio, and screen sharing capabilities.","This category focuses specifically on software that facilitates live interactive meetings and remote collaboration, distinguishing it from asynchronous tools (Databases), visual creation software (3-D Graphics, Photo Editing, Computer Animation), content delivery systems (Browsers), and security applications (Antivirus Software)."
608,602,Antivirus Software,Technology & Computing: Antivirus Software,Technology & Computing > Computing > Computer Software and Applications > Antivirus Software,4,True,0,"Antivirus Software is malicious software detection and removal tools that protect computers from viruses, malware, ransomware, and other cyber threats.","This category focuses specifically on security protection software, distinguishing it from sibling categories like Browsers and Operating Systems that provide general computing functions, and from creative software like Photo Editing Software and Computer Animation that serve production rather than protection purposes."
609,602,Browsers,Technology & Computing: Browsers,Technology & Computing > Computing > Computer Software and Applications > Browsers,4,True,0,"Content about web browsers, including their features, functionality, performance, extensions, security, and technical specifications for accessing and displaying web content.","This category focuses exclusively on applications designed to navigate and render web pages, distinguishing it from other software categories like graphics tools, databases, operating systems, and communication platforms that serve different computational purposes."
610,602,Computer Animation,Technology & Computing: Computer Animation,Technology & Computing > Computing > Computer Software and Applications > Computer Animation,4,True,0,"Content about software, techniques, and tools used to create moving images and sequences through digital computation, including character animation, motion graphics, visual effects, and animated film production.","This category focuses specifically on animation creation across all methodologies and applications, whereas 3-D Graphics covers static three-dimensional modeling, Video Software handles post-production editing and playback, and Graphics Software encompasses broader image creation tools beyond animation."
611,602,Databases,Technology & Computing: Databases,Technology & Computing > Computing > Computer Software and Applications > Databases,4,True,0,"Content about software systems designed to store, organize, retrieve, and manage structured data through systematic data storage and query mechanisms.","This category focuses on database management systems and data organization tools, distinct from operating systems that manage computer resources, browsers that access web content, or specialized software like graphics, audio, or video applications that process media rather than organize data."
612,602,Desktop Publishing,Technology & Computing: Desktop Publishing,Technology & Computing > Computing > Computer Software and Applications > Desktop Publishing,4,True,0,"Desktop publishing software enables users to create, design, and layout professional documents combining text, images, and graphics for print or digital distribution.","This category differs from siblings by focusing on multi-page document composition and layout tools rather than pure image creation (Photo Editing, 3-D Graphics, Graphics Software), animation (Computer Animation, Video Software), audio production (Digital Audio), system-level functions (Operating Systems, Antivirus, Browsers), data management (Databases), or real-time communication (Web Conferencing)."
613,602,Digital Audio,Technology & Computing: Digital Audio,Technology & Computing > Computing > Computer Software and Applications > Digital Audio,4,True,0,"Digital audio software and applications designed for recording, editing, processing, mixing, and playback of sound files and music production.","This category focuses specifically on audio content creation and manipulation tools, distinguishing it from video software (which handles moving images), photo editing (which processes still images), graphics software (which creates visual designs), and web conferencing (which uses audio as a communication medium rather than a production tool)."
614,602,Graphics Software,Technology & Computing: Graphics Software,Technology & Computing > Computing > Computer Software and Applications > Graphics Software,4,True,0,"This category encompasses software applications designed to create, manipulate, and render visual content, including vector graphics editors, image creation tools, and general-purpose graphics applications that don't fit specialized subcategories.","This category is distinguished from its siblings by covering foundational graphics software that combines multiple visual capabilities, whereas 3-D Graphics focuses specifically on three-dimensional modeling, Photo Editing Software specializes in photographic manipulation, Computer Animation addresses motion and keyframe-based content, and Video Software handles temporal visual content."
615,602,Operating Systems,Technology & Computing: Operating Systems,Technology & Computing > Computing > Computer Software and Applications > Operating Systems,4,True,0,Operating systems are software platforms that manage hardware resources and provide essential services enabling other applications and users to function on computing devices.,"This category is distinguished from its siblings by focusing on foundational system software that controls device operations, rather than application-specific tools like graphics editing, web conferencing, antivirus protection, or specialized software categories that run on top of operating systems."
616,599,Data Storage and Warehousing,Technology & Computing: Data Storage and Warehousing,Technology & Computing > Computing > Data Storage and Warehousing,3,True,0,"This category encompasses technologies, systems, and practices for storing, organizing, managing, and retrieving large volumes of data, including databases, data warehouses, storage infrastructure, and related tools.","This category focuses specifically on where and how data is stored and accessed, distinguishing it from networking (data transmission), software/applications (data processing tools), security (data protection), and programming languages (data manipulation code)."
617,599,Desktops,Technology & Computing: Desktops,Technology & Computing > Computing > Desktops,3,True,0,"Desktop computers and their components, including towers, all-in-one machines, and integrated systems designed for stationary use in homes, offices, or professional environments.","This category covers stationary computing machines themselves, while Laptops encompasses portable computers, Computer Peripherals covers external devices like monitors and keyboards, and Computer Software addresses programs and applications that run on desktops."
618,599,Information and Network Security,Technology & Computing: Information and Network Security,Technology & Computing > Computing > Information and Network Security,3,True,0,"This category encompasses the practices, technologies, and strategies used to protect computer systems, networks, and data from unauthorized access, theft, damage, and disruption.","It focuses specifically on defensive measures and threat mitigation rather than the underlying network infrastructure (Computer Networking), hardware components (Computer Peripherals, Desktops, Laptops), software tools (Computer Software and Applications), data management systems (Data Storage and Warehousing), connectivity platforms (Internet), or code development (Programming Languages)."
619,599,Internet,Technology & Computing: Internet,Technology & Computing > Computing > Internet,3,False,10,"Content about the systems, protocols, services, and technologies that enable global digital communication and information exchange across interconnected networks.","This category focuses on internet infrastructure, online services, and web-based technologies, while Computer Networking covers the underlying network systems and hardware, Computer Software addresses applications and programs, and Information and Network Security handles cybersecurity specifically."
620,619,Cloud Computing,Technology & Computing: Cloud Computing,Technology & Computing > Computing > Internet > Cloud Computing,4,True,0,"Cloud Computing encompasses the delivery and use of computing resources—including servers, storage, databases, software, and analytics—over the internet on a pay-as-you-go basis rather than through local infrastructure.","This category is distinguished from its siblings by focusing specifically on remote infrastructure and platform services accessed via the internet, whereas Web Development addresses site creation, Web Hosting covers server space rental, Web Design addresses visual presentation, Email covers messaging systems, IoT connects physical devices, and IT Support addresses technical troubleshooting."
621,619,Web Development,Technology & Computing: Web Development,Technology & Computing > Computing > Internet > Web Development,4,True,0,"Web Development encompasses the creation, coding, and programming of web applications and dynamic websites using server-side and client-side technologies to build functional interactive experiences.","This category is distinguished from Web Design and HTML by focusing on the technical programming and application logic rather than visual design and markup structure, and from Web Hosting by addressing how websites are built rather than where they are deployed."
622,619,Web Hosting,Technology & Computing: Web Hosting,Technology & Computing > Computing > Internet > Web Hosting,4,True,0,"Web Hosting comprises services and infrastructure that provide storage, bandwidth, and server resources to make websites accessible on the internet.","Web Hosting is distinguished from its siblings by focusing on the backend server infrastructure and service providers that enable websites to exist online, rather than the design (Web Design), development (Web Development), cloud computing platforms (Cloud Computing), or other internet services like email and social networking."
623,619,Email,Technology & Computing: Email,Technology & Computing > Computing > Internet > Email,4,True,0,"Email systems, protocols, clients, and services that enable electronic message transmission and management between users and organizations.","Email is distinguished from its siblings by focusing specifically on asynchronous message communication systems, whereas Cloud Computing addresses scalable infrastructure, Web Development covers site creation, Web Hosting manages server deployment, Search handles information retrieval, and Social Networking emphasizes real-time interaction and community features."
624,619,Internet for Beginners,Technology & Computing: Internet for Beginners,Technology & Computing > Computing > Internet > Internet for Beginners,4,True,0,"This category contains introductory educational content about how the internet works, including basic concepts like networks, protocols, browsers, and connectivity fundamentals for users new to online technology.","It differs from its siblings by focusing on foundational internet concepts and mechanics rather than specialized applications like cloud services, web creation, email systems, IoT devices, technical support, search engines, social platforms, or web design."
625,619,Internet of Things,Technology & Computing: Internet of Things,Technology & Computing > Computing > Internet > Internet of Things,4,True,0,"Content covering networked physical devices embedded with sensors, software, and connectivity that collect, exchange, and act on data over the internet without human intervention.","This category focuses on smart connected devices and their systems, distinguishing it from Cloud Computing (data storage and processing infrastructure), Web Development (building websites and applications), Web Hosting (server infrastructure), and IT Support (troubleshooting and maintenance)."
626,619,IT and Internet Support,Technology & Computing: IT and Internet Support,Technology & Computing > Computing > Internet > IT and Internet Support,4,True,0,"Technical assistance, troubleshooting, and support services for internet connectivity, network infrastructure, and IT systems used by individuals and organizations.","This category covers reactive problem-solving and maintenance support for existing internet and IT systems, distinct from Cloud Computing (managed services platforms), Web Development (building applications), Web Hosting (server infrastructure provision), Web Design (visual interface creation), and Email (messaging systems)."
627,619,Search,Technology & Computing: Search,Technology & Computing > Computing > Internet > Search,4,True,0,"Content about search engines, search algorithms, search engine optimization (SEO), search functionality, search tools, and techniques for finding information online.","This category focuses specifically on how search systems work and how users find information, distinguishing it from Web Development (which builds websites), Web Design (which designs interfaces), Cloud Computing (which provides computing infrastructure), and Social Networking (which facilitates user connections)."
628,619,Social Networking,Technology & Computing: Social Networking,Technology & Computing > Computing > Internet > Social Networking,4,True,0,"Content about platforms, applications, and practices for creating, sharing, and exchanging information, ideas, and relationships through online communities and networks.","This category focuses specifically on interactive social platforms and user-generated connection tools, distinguishing it from Web Development (creation of websites), Web Design (visual presentation), Cloud Computing (infrastructure services), and Search (information retrieval)."
629,619,Web Design and HTML,Technology & Computing: Web Design and HTML,Technology & Computing > Computing > Internet > Web Design and HTML,4,True,0,"Web Design and HTML focuses on the visual creation and markup of web pages, including layout, aesthetics, and the foundational HTML code that structures content for display in browsers.","This category differs from Web Development (which encompasses broader programming and functionality) and Web Hosting (which deals with server infrastructure), while maintaining distinction from Cloud Computing and IT Support by specializing specifically in front-end page structure and design elements rather than backend systems or general computing resources."
630,599,Laptops,Technology & Computing: Laptops,Technology & Computing > Computing > Laptops,3,True,0,"This category encompasses portable personal computers designed for mobile computing, including their hardware components, specifications, performance characteristics, and usage across various computing needs.","Laptops differ from desktops by prioritizing portability and integrated components in a compact form factor, and from computer peripherals by being complete standalone computing devices rather than supplementary hardware accessories or input/output tools."
631,599,Programming Languages,Technology & Computing: Programming Languages,Technology & Computing > Computing > Programming Languages,3,True,0,Programming languages are formal systems of syntax and semantics designed to write instructions that computers execute to perform specific tasks or solve problems.,"This category focuses specifically on the languages, frameworks, and tools used to write code, distinguishing it from sibling categories that address networking infrastructure, physical hardware components, pre-built software applications, data management systems, and security protocols."
632,596,Consumer Electronics,Technology & Computing: Consumer Electronics,Technology & Computing > Consumer Electronics,2,False,5,"Consumer Electronics encompasses tangible devices designed for personal or household use that process, display, or enhance digital information and entertainment.","This category focuses on finished products for end-user consumption, distinct from foundational computing infrastructure (Computing), specialized emerging technologies (Artificial Intelligence, Augmented Reality, Virtual Reality, Robotics), and standalone software or theoretical systems."
633,632,Cameras and Camcorders,Technology & Computing: Cameras and Camcorders,Technology & Computing > Consumer Electronics > Cameras and Camcorders,3,True,0,"Content about devices designed primarily for capturing, recording, and storing still images or video footage, including digital cameras, film cameras, video camcorders, and their accessories.","This category focuses exclusively on dedicated image and video capture devices, distinguishing it from Smartphones (which include cameras as secondary features), Home Entertainment Systems (which playback rather than capture content), Tablets and E-readers (which are primarily for consumption), and Wearable Technology (which integrate cameras as minor components)."
634,632,Home Entertainment Systems,Technology & Computing: Home Entertainment Systems,Technology & Computing > Consumer Electronics > Home Entertainment Systems,3,True,0,"Content about devices and systems designed to deliver audio, video, and multimedia entertainment within residential settings, including televisions, projectors, sound systems, media players, and streaming devices.","This category focuses on stationary or semi-portable entertainment infrastructure for the home, distinguishing it from mobile devices like smartphones and tablets, body-worn technology, or image capture equipment like cameras."
635,632,Smartphones,Technology & Computing: Smartphones,Technology & Computing > Consumer Electronics > Smartphones,3,True,0,"Content covering mobile devices with cellular connectivity, touchscreen displays, and computing capabilities designed for portable personal communication and general computing tasks.","This category focuses on handheld phones with advanced computing features, distinguishing it from tablets (larger non-phone devices), wearables (smaller worn devices), cameras (single-purpose imaging), and home entertainment systems (stationary devices)."
636,632,Tablets and E-readers,Technology & Computing: Tablets and E-readers,Technology & Computing > Consumer Electronics > Tablets and E-readers,3,True,0,"This category encompasses portable computing devices with touch screens and e-ink display technologies designed for reading, browsing, and light computing tasks, including iPad-type tablets and dedicated e-readers like Kindle devices.","This category is distinguished from its siblings by focusing on larger, handheld screen-based devices optimized for content consumption rather than cameras for image capture, home-based entertainment systems, pocket-sized phones with calling capabilities, or body-worn smart devices."
637,632,Wearable Technology,Technology & Computing: Wearable Technology,Technology & Computing > Consumer Electronics > Wearable Technology,3,True,0,"Wearable technology encompasses electronic devices designed to be worn on the body or integrated into clothing and accessories to collect data, provide notifications, or enhance personal functionality.","Wearable Technology differs from its siblings by focusing on body-worn or body-integrated devices (smartwatches, fitness trackers, AR glasses, smart rings) rather than handheld devices like smartphones and tablets, stationary home systems, or dedicated photography equipment."
638,596,Robotics,Technology & Computing: Robotics,Technology & Computing > Robotics,2,True,0,"Robotics encompasses the design, development, manufacturing, and application of autonomous or semi-autonomous mechanical systems that perform physical tasks in the real world.","This category focuses on the physical hardware and mechanical systems that execute tasks, distinguishing it from Artificial Intelligence (which concerns computational intelligence), Augmented Reality and Virtual Reality (which involve digital overlays or simulated environments), Computing (which addresses general computational systems), and Consumer Electronics (which covers non-robotic electronic devices)."
639,596,Virtual Reality,Technology & Computing: Virtual Reality,Technology & Computing > Virtual Reality,2,True,0,"Content about immersive digital environments created through computer technology that completely replace the user's visual and sensory perception with a simulated world, including hardware, software, applications, and experiences.","This category focuses specifically on fully immersive, vision-replacing simulation technologies, distinguishing it from Augmented Reality (which overlays digital content onto the real world), Computing (general computational systems), Consumer Electronics (physical devices beyond VR-specific hardware), Artificial Intelligence (autonomous intelligent systems), and Robotics (physical machines that interact with the real world)."
640,,Television,Television: Television,Television,1,False,12,"Television content encompasses programs produced for broadcast or streaming distribution that entertain, inform, or educate audiences through moving images and sound.","Television is distinguished from Movies by its serialized or episodic format designed for recurring viewing, from Music and Audio by its visual component as the primary medium, and from other sibling categories by focusing specifically on the medium and industry of television programming rather than content about other subjects."
641,640,Animation TV,Television: Animation TV,Television > Animation TV,2,True,0,"Content featuring animated series and films produced for television broadcast, where characters and scenes are created through sequential illustration, computer graphics, or other animation techniques rather than live-action performance.","This category encompasses all animation regardless of target audience or genre, distinguishing it from live-action categories like Drama TV, Comedy TV, and Soap Opera TV, while remaining separate from Children's TV which focuses on age-specific content and Reality TV which documents non-fiction events."
642,640,Soap Opera TV,Television: Soap Opera TV,Television > Soap Opera TV,2,True,0,"Serialized dramatic television programs featuring continuing character arcs, multiple interwoven plotlines, and episodic storytelling that typically air multiple times per week over extended periods.","Soap Opera TV differs from Drama TV by emphasizing melodramatic storytelling and character relationships over plot resolution, and differs from other siblings by requiring ongoing narrative continuity rather than standalone episodes or non-fictional content."
643,640,Special Interest TV,Television: Special Interest TV,Television > Special Interest TV,2,True,0,"Content featuring television programming created for niche audiences with specific hobbies, lifestyles, or professional interests, such as cooking, fashion, home improvement, automotive, or wellness topics.","This category differs from its siblings by focusing on instructional or lifestyle content organized around viewer interests rather than narrative genres (Drama, Comedy), audience demographics (Children's), entertainment formats (Animation, Music, Reality), or content types (Sports, Factual, Soap Opera, Science Fiction, Holiday)."
644,640,Sports TV,Television: Sports TV,Television > Sports TV,2,True,0,"Content featuring live or recorded athletic competitions, sporting events, athletic training, sports commentary, and sports-related analysis and discussion across all professional, amateur, and recreational sports disciplines.","This category differs from Reality TV by focusing on competitive sports events and athletics rather than unscripted personal or social situations, and differs from Factual TV by centering specifically on sports content rather than broader documentary or educational subjects."
645,640,Children's TV,Television: Children's TV,Television > Children's TV,2,True,0,"Children's TV encompasses programming specifically designed for and targeted at viewers under 13 years of age, featuring age-appropriate content, themes, and educational or entertainment value suited to developing audiences.","This category is distinguished from its siblings by its primary audience demographic and developmental appropriateness rather than by genre or format, whereas Animation TV focuses on a specific medium, Soap Opera and Drama TV emphasize narrative structure, and other siblings are defined by subject matter or format."
646,640,Comedy TV,Television: Comedy TV,Television > Comedy TV,2,True,0,"Content featuring scripted or unscripted television programs primarily designed to entertain audiences through humor, including sitcoms, sketch comedy, stand-up comedy specials, and comedic talk shows.","This category differs from its siblings by emphasizing humor as the primary entertainment vehicle, distinguishing it from Drama TV (serious storytelling), Animation TV (format-based), Reality TV (unscripted non-comedy), and Special Interest TV (niche topics), while excluding children's programming regardless of comedic content."
647,640,Drama TV,Television: Drama TV,Television > Drama TV,2,True,0,"Television content featuring serialized or episodic narratives centered on character development, emotional conflict, and realistic or heightened interpersonal relationships, typically spanning genres like crime, medical, legal, family, or historical themes.","This category differs from its siblings by focusing on scripted, narrative-driven stories with dramatic tension and emotional depth, distinguishing it from Animation TV (form-based), Soap Opera TV (continuous daily serialization), Reality TV (unscripted), Comedy TV (humor-focused), Science Fiction TV (speculative settings), Sports TV (athletic competition), and other specialized formats like Music TV, Children's TV, Factual TV, Holiday TV, and Special Interest TV."
648,640,Factual TV,Television: Factual TV,Television > Factual TV,2,True,0,"Factual TV comprises non-fiction programs that present real events, information, and documented reality through educational, journalistic, or observational formats.","Factual TV differs from its siblings by prioritizing verifiable information and actual events over scripted narratives (Drama, Comedy, Soap Opera), animated storytelling (Animation), competitive entertainment (Sports, Reality), specialized hobby content (Special Interest), children's programming (Children's), imaginative speculation (Science Fiction), musical performance (Music), or seasonal themed content (Holiday)."
649,640,Holiday TV,Television: Holiday TV,Television > Holiday TV,2,True,0,"Holiday TV encompasses programming specifically created for or centered around holiday seasons and celebrations, featuring holiday-themed plots, characters, or settings as the primary content focus.","Holiday TV is distinguished from its siblings by its organizing principle of seasonal celebration rather than by genre (Comedy, Drama), audience (Children's), format (Reality, Factual), or subject matter (Sports, Music, Science Fiction), and it includes holiday content across all genres whereas siblings like Animation TV or Soap Opera TV organize by medium or narrative structure regardless of holiday context."
650,640,Music TV,Television: Music TV,Television > Music TV,2,True,0,"Content featuring music performances, music videos, artist interviews, music documentaries, concert broadcasts, and music-focused entertainment programs designed primarily around musical content and artists.","This category differs from its siblings by centering on music as the primary entertainment focus, distinguishing it from Drama TV (narrative storytelling), Sports TV (athletic competition), Reality TV (unscripted lifestyle documentation), and Comedy TV (humor-based entertainment)."
651,640,Reality TV,Television: Reality TV,Television > Reality TV,2,True,0,"Reality TV consists of unscripted or minimally scripted television programs that follow real people, events, or situations, emphasizing authentic (or seemingly authentic) behavior and real-world circumstances rather than fictional narratives.","Reality TV is distinguished from its siblings by its focus on actual people and unfolding events rather than animated characters (Animation TV), serialized fictional drama (Soap Opera TV, Drama TV), competitive sports (Sports TV), educational or documentary content (Factual TV), or other genre-specific formats like Comedy TV, Music TV, Science Fiction TV, Children's TV, Holiday TV, or Special Interest TV."
652,640,Science Fiction TV,Television: Science Fiction TV,Television > Science Fiction TV,2,True,0,"Television programs featuring speculative or futuristic narratives that explore scientific concepts, advanced technology, alternate realities, or otherworldly settings as central elements of their storytelling.","This category is distinguished from its siblings by its emphasis on scientific speculation and futuristic or fantastical premises, rather than focusing on animation style (Animation TV), serialized romantic drama (Soap Opera TV), specialized interests (Special Interest TV), athletic competition (Sports TV), audience age targeting (Children's TV), comedic tone (Comedy TV), general dramatic conflict (Drama TV), factual information (Factual TV), seasonal themes (Holiday TV), music performance (Music TV), or unscripted documentation (Reality TV)."
653,,Travel,Travel: Travel,Travel,1,False,4,"Content about planning, experiencing, and preparing for trips and journeys to destinations around the world, including guidance on accommodations, activities, and travel logistics.","Travel is distinguished from Events and Attractions by focusing on the broader journey experience rather than specific venues, and from Automotive by emphasizing destination-based experiences rather than vehicles themselves."
654,653,Travel Accessories,Travel: Travel Accessories,Travel > Travel Accessories,2,True,0,"Travel Accessories encompasses physical items and gear designed to enhance comfort, convenience, and functionality during trips, such as luggage, neck pillows, travel organizers, and portable chargers.","This category focuses on tangible products travelers carry or use, distinct from Travel Locations (destinations), Travel Preparation and Advice (planning guidance), and Travel Type (journey classifications)."
655,653,Travel Locations,Travel: Travel Locations,Travel > Travel Locations,2,False,7,This category encompasses content about specific geographic destinations and regions around the world where travelers can visit.,"This category focuses on where to travel, distinct from Travel Accessories (what to bring), Travel Preparation and Advice (how to prepare), and Travel Type (how to travel)."
656,655,Africa Travel,Travel: Africa Travel,Travel > Travel Locations > Africa Travel,3,True,0,"Content about planning trips to, visiting, or exploring countries and regions throughout the African continent, including accommodation, attractions, cultural experiences, and practical travel information.","This category focuses exclusively on African destinations, while sibling categories cover Asia, Europe, the Americas, Oceania, and polar regions as geographically distinct continental or subcontinental areas."
657,655,Asia Travel,Travel: Asia Travel,Travel > Travel Locations > Asia Travel,3,True,0,"Content about planning trips to, visiting destinations in, or experiencing countries and regions throughout the Asian continent, including Southeast Asia, East Asia, South Asia, Central Asia, and the Middle East.","This category encompasses the entire Asian continent and its sub-regions, distinguishing it from Africa, Australia/Oceania, Europe, the Americas, and Polar regions which represent other major geographic divisions of the world."
658,655,Australia and Oceania Travel,Travel: Australia and Oceania Travel,Travel > Travel Locations > Australia and Oceania Travel,3,True,0,"Content about planning trips to, visiting, or experiencing destinations within Australia, New Zealand, Pacific Island nations, and other Oceania regions.","This category focuses exclusively on the Australian continent and island nations of the Pacific and Indian Oceans, excluding the Asian mainland and its directly adjacent regions covered by Asia Travel."
659,655,Europe Travel,Travel: Europe Travel,Travel > Travel Locations > Europe Travel,3,True,0,"Content about planning trips to, visiting, or experiencing destinations, attractions, culture, and travel logistics within European countries and territories.","Europe Travel is distinguished from its siblings by its geographic focus on the European continent and associated regions, whereas Africa Travel, Asia Travel, Australia and Oceania Travel, North America Travel, Polar Travel, and South America Travel each cover their respective continental or polar areas."
660,655,North America Travel,Travel: North America Travel,Travel > Travel Locations > North America Travel,3,True,0,"Content about destinations, attractions, accommodations, transportation, and travel experiences within the countries and territories of North America, including Canada, the United States, Mexico, and Central American nations.","This category encompasses travel content specific to the North American continent and its regions, while sibling categories cover Africa, Asia, Australia and Oceania, Europe, the Polar regions, and South America as distinct geographic areas."
661,655,Polar Travel,Travel: Polar Travel,Travel > Travel Locations > Polar Travel,3,True,0,"Content about journeys, expeditions, tourism, and activities in the Arctic and Antarctic regions, including visits to polar ice sheets, arctic islands, and polar research stations.",Polar Travel is distinguished from other geographic travel categories by focusing exclusively on the extreme polar regions (Arctic and Antarctic) rather than specific continents or continental areas.
662,655,South America Travel,Travel: South America Travel,Travel > Travel Locations > South America Travel,3,True,0,"Content about planning trips to, visiting, or experiencing destinations within South American countries, including practical travel advice, attractions, accommodations, and cultural information specific to the region.","This category covers travel to South American countries and regions, distinguishing itself from its siblings by its geographic focus on the South American continent, while sibling categories each cover their respective continental or polar regions."
663,653,Travel Preparation and Advice,Travel: Travel Preparation and Advice,Travel > Travel Preparation and Advice,2,True,0,"Content providing guidance, tips, and practical information to help travelers plan, prepare for, and successfully execute trips before and during their journey.","This category focuses on the process and strategy of travel planning rather than specific destinations (Travel Locations), types of travel experiences (Travel Type), or physical items needed for travel (Travel Accessories)."
664,653,Travel Type,Travel: Travel Type,Travel > Travel Type,2,False,15,"Content describing the distinct categories and styles of travel experiences, characterized by their purpose, mode of transportation, duration, accommodation type, or defining activity.","This category is distinguished from its siblings by focusing on how people travel and what type of experience defines their journey, rather than what they bring (Travel Accessories), where they go (Travel Locations), or how they prepare (Travel Preparation and Advice)."
665,664,Adventure Travel,Travel: Adventure Travel,Travel > Travel Type > Adventure Travel,3,True,0,"Adventure Travel encompasses trips primarily focused on physically engaging activities, outdoor exploration, and experiences that involve elements of risk, challenge, or discovery in natural or exotic environments.","Adventure Travel is distinguished from its siblings by emphasizing active participation in demanding experiences (hiking, climbing, diving, trekking) rather than the trip's primary purpose being relaxation (Spas, Beach Travel), transportation method (Air Travel, Rail Travel, Cruises), traveler type (Family Travel, Business Travel), accommodation type (Hotels, Bed & Breakfasts), or budget level (Budget Travel)."
666,664,Family Travel,Travel: Family Travel,Travel > Travel Type > Family Travel,3,True,0,"Family Travel encompasses trips and vacations designed for groups traveling together with children, prioritizing activities, accommodations, and logistics that cater to multiple generations and varying ages.","Family Travel is distinguished from its siblings by its explicit focus on multi-generational groups with children, whereas Adventure Travel targets thrill-seekers, Honeymoons focuses on couples, and other siblings classify by transportation mode (Air Travel, Rail Travel, Road Trips), accommodation type (Hotels, Bed & Breakfasts, Spas), or specific travel style (Budget, Business, Camping, Cruises, Day Trips, Beach Travel)."
667,664,Honeymoons and Getaways,Travel: Honeymoons and Getaways,Travel > Travel Type > Honeymoons and Getaways,3,True,0,"Content that provides guidance, recommendations, or information about romantic trips taken by newly married couples or partners seeking intimate leisure experiences away from daily life.","This category focuses specifically on romantic couple-oriented travel experiences, distinguishing it from family travel (which includes children), adventure travel (which emphasizes physical activity and challenge), and other accommodation or transportation-specific categories that describe where or how to travel rather than the relational context or purpose of the journey."
668,664,Hotels and Motels,Travel: Hotels and Motels,Travel > Travel Type > Hotels and Motels,3,True,0,"Hotels and Motels is a category for content about lodging at commercial establishments that offer rooms for short-term stays, focusing on the properties, amenities, and experiences of these accommodation types themselves.","This category differs from its siblings by centering on the accommodation venue as the primary travel focus, rather than a travel mode (Air Travel, Rail Travel), trip style (Adventure Travel, Family Travel), destination type (Beach Travel), or alternative lodging types (Bed & Breakfasts, Camping, Spas, Cruises)."
669,664,Rail Travel,Travel: Rail Travel,Travel > Travel Type > Rail Travel,3,True,0,"Rail travel involves journeys taken primarily by train, including commuter rail, regional trains, high-speed rail, scenic railways, and overnight train services.","This category is distinguished from Road Trips by using train transportation instead of cars, from Air Travel by using ground-based rail instead of flights, and from Cruises by traveling on rails rather than water."
670,664,Road Trips,Travel: Road Trips,Travel > Travel Type > Road Trips,3,True,0,"Content about self-planned journeys primarily undertaken by vehicle on roads, highways, and scenic routes, emphasizing the driving experience, route planning, and stops along the way.","This category differs from its siblings by focusing on vehicle-based ground travel as the central journey method, rather than other transportation types (Air Travel, Rail Travel, Cruises), destination types (Beach Travel, Spas), traveler demographics (Family Travel, Business Travel), or journey duration (Day Trips)."
671,664,Spas,Travel: Spas,Travel > Travel Type > Spas,3,True,0,"Content about spa destinations, spa resorts, wellness retreats, and spa-focused travel experiences where relaxation and therapeutic treatments are the primary purpose.","This category focuses on trips organized around spa and wellness services, distinguishing it from general accommodation types like Hotels and Motels or Beach Travel, which may include spas as amenities but are not centered on them."
672,664,Air Travel,Travel: Air Travel,Travel > Travel Type > Air Travel,3,True,0,"Air travel encompasses content about flying via commercial airlines, private jets, helicopters, and other aircraft for transportation to destinations.","This category is distinguished from its siblings by focusing specifically on aviation-based transportation methods, whereas Adventure Travel describes experiential activities, Family/Honeymoon Travel target specific traveler demographics, Accommodations (Hotels, B&Bs, Spas) cover lodging, and other siblings (Rail, Road, Cruises, Camping) represent alternative transportation or trip types."
673,664,Beach Travel,Travel: Beach Travel,Travel > Travel Type > Beach Travel,3,True,0,"Beach vacations and trips focused on coastal destinations, seaside relaxation, and water-based recreation at beaches.","This category differs from Adventure Travel (active pursuits), Family Travel (multi-generational trips), Honeymoons (romantic occasions), Cruises (ocean voyages), and Spas (wellness facilities) by emphasizing the beach destination itself as the primary draw rather than the travel mode, trip purpose, or specific activities."
674,664,Bed & Breakfasts,Travel: Bed & Breakfasts,Travel > Travel Type > Bed & Breakfasts,3,True,0,"DEFINITION: Content about privately owned residential properties that offer overnight lodging and complimentary breakfast meals to guests seeking intimate, personalized accommodation experiences.","BOUNDARY: This category focuses specifically on bed and breakfast establishments as a lodging type, distinguishing it from Hotels and Motels (commercial properties with more extensive services), Spas (wellness-focused retreats), and other travel type categories that describe trip purposes or transportation methods rather than accommodation formats."
675,664,Budget Travel,Travel: Budget Travel,Travel > Travel Type > Budget Travel,3,True,0,"Budget Travel emphasizes cost-effective strategies, tips, and destinations for travelers seeking to minimize expenses while maximizing experiences.","This category differs from its siblings by prioritizing economical constraints and value-seeking approaches rather than travel mode (Air Travel, Rail Travel, Road Trips, Cruises), accommodation type (Hotels and Motels, Bed & Breakfasts), travel purpose (Business Travel, Honeymoons and Getaways), or activity focus (Adventure Travel, Beach Travel, Camping, Spas, Family Travel, Day Trips)."
676,664,Business Travel,Travel: Business Travel,Travel > Travel Type > Business Travel,3,True,0,"Travel undertaken primarily for work-related purposes, including conferences, meetings, client visits, training, and professional events.","This category focuses on work-driven travel logistics and experiences, distinguishing it from leisure-focused categories like Adventure Travel, Family Travel, and Honeymoons, and from accommodation or transportation-specific categories like Air Travel, Hotels, and Rail Travel."
677,664,Camping,Travel: Camping,Travel > Travel Type > Camping,3,True,0,"Outdoor recreational travel involving staying in tents, RVs, cabins, or other temporary accommodations in natural settings, typically emphasizing self-sufficiency and connection with nature.","Camping is distinguished from other travel types by its focus on non-commercial lodging in outdoor environments, whereas Adventure Travel encompasses any risky activity, Road Trips emphasize vehicular journeys regardless of accommodation, and other sibling categories specify either lodging type (Hotels, B&Bs), destination (Beach, Spas), or travel purpose (Business, Family, Honeymoons)."
678,664,Cruises,Travel: Cruises,Travel > Travel Type > Cruises,3,True,0,"This category covers information about cruise ship vacations, including cruise lines, destinations, booking, onboard amenities, and the cruise travel experience.","It is distinguished from sibling categories by its exclusive focus on ocean or river-based multi-day voyages with lodging aboard ships, rather than land-based accommodations, point-to-point transportation, or specific vacation themes like adventure or honeymoons."
679,664,Day Trips,Travel: Day Trips,Travel > Travel Type > Day Trips,3,True,0,"Content about excursions and outings from a home base or lodging that are completed and returned from within a single day, without requiring overnight accommodation.","This category focuses on same-day round-trip experiences, whereas Road Trips involve multi-day journeys with overnight stays, and other sibling categories address either specific accommodation types, travel modes, or trip purposes rather than the duration-based structure of day-trip travel."
680,,Video Gaming,Video Gaming: Video Gaming,Video Gaming,1,False,5,"Content focused on video games, gaming platforms, esports competitions, and gaming culture across all devices and formats.","Video Gaming is distinguished from its siblings by its exclusive focus on interactive digital games and gaming ecosystems, whereas Technology & Computing covers broader digital tools, Movies and Television address passive entertainment media, and Sports covers non-digital athletic competition."
681,680,Console Games,Video Gaming: Console Games,Video Gaming > Console Games,2,True,0,"Console Games encompasses video games designed and optimized for dedicated gaming hardware systems like PlayStation, Xbox, Nintendo, and Sega platforms.","This category is distinguished from its siblings by its focus on games played on fixed, connected hardware devices rather than competitive esports ecosystems, portable mobile devices, personal computers, or abstract genre classifications."
682,680,eSports,Video Gaming: eSports,Video Gaming > eSports,2,True,0,"Content covering competitive organized video gaming tournaments, professional players, teams, leagues, and the infrastructure supporting play at the highest skill levels across any platform.","This category focuses on the competitive gaming ecosystem and professional scene rather than the platforms themselves (Console, Mobile, PC Games) or the types of games played (Video Game Genres)."
683,680,Mobile Games,Video Gaming: Mobile Games,Video Gaming > Mobile Games,2,True,0,"Mobile Games encompasses games designed and optimized for play on smartphones and tablets, including both native applications and mobile-web versions.","This category is distinguished from its siblings by focusing specifically on games for handheld mobile devices, whereas Console Games targets dedicated gaming hardware, PC Games covers computer platforms, Video Game Genres organizes games by gameplay type regardless of platform, and eSports covers competitive gaming as a professional activity rather than game formats themselves."
684,680,PC Games,Video Gaming: PC Games,Video Gaming > PC Games,2,True,0,"Content covering games developed for or primarily played on personal computers, including both standalone titles and PC-exclusive releases across all genres and styles.","This category differs from Console Games by focusing exclusively on PC platform experiences, from Mobile Games by addressing desktop/laptop rather than handheld or touchscreen gaming, from eSports by covering gameplay and reviews rather than competitive play and tournaments, and from Video Game Genres by organizing by platform rather than by game type."
685,680,Video Game Genres,Video Gaming: Video Game Genres,Video Gaming > Video Game Genres,2,False,13,"This category encompasses the distinct styles and types of gameplay experiences that define how video games are played, characterized by their core mechanics, player objectives, and interactive design principles.","This category classifies games by their gameplay mechanics and design philosophy, whereas sibling categories organize games by their platform or competitive context (console hardware, professional competition, mobile devices, or PC systems)."
686,685,Action Video Games,Video Gaming: Action Video Games,Video Gaming > Video Game Genres > Action Video Games,3,True,0,"Action Video Games emphasize real-time combat, reflexes, and direct player control to overcome immediate physical challenges and opponents.","Action Video Games differ from their siblings by prioritizing moment-to-moment mechanical skill and combat engagement over narrative progression (Action-Adventure), strategic planning (Strategy), character development (Role-Playing), or other gameplay systems that serve as the primary focus."
687,685,Role-Playing Video Games,Video Gaming: Role-Playing Video Games,Video Gaming > Video Game Genres > Role-Playing Video Games,3,True,0,"Role-playing video games are games where players assume the roles of fictional characters and guide their development through narrative progression, character advancement, and decision-making within interactive worlds.","This category is distinguished from its siblings by its core focus on character progression systems, stat-based mechanics, and player agency in defining a protagonist's abilities and story choices, rather than emphasizing real-time combat (Action), environmental simulation (Simulation), competitive athletics (Sports), tactical planning (Strategy), cinematic action sequences (Action-Adventure), exploration-driven narratives (Adventure), or other primary design pillars."
688,685,Simulation Video Games,Video Gaming: Simulation Video Games,Video Gaming > Video Game Genres > Simulation Video Games,3,True,0,"Simulation video games are games designed to realistically model real-world systems, environments, or activities where players experience authentic mechanics and consequences of operating within those systems.","Simulation games differ from their siblings by prioritizing accurate representation of complex systems and physics over narrative progression (distinguishing them from Adventure and Action-Adventure), competitive sports mechanics (Sports), combat-focused gameplay (Action and Action-Adventure), character progression systems (Role-Playing), or turn-based tactical gameplay (Strategy)."
689,685,Sports Video Games,Video Gaming: Sports Video Games,Video Gaming > Video Game Genres > Sports Video Games,3,True,0,"Video games that simulate competitive athletic activities, sports competitions, or athletic training with mechanics focused on player skill in executing sport-specific actions and strategies.","Sports Video Games differ from Simulation Video Games by emphasizing competitive gameplay and athletic performance rather than comprehensive system management, from Action Video Games by centering mechanics around specific sports rules and objectives, and from Exercise and Fitness Video Games by prioritizing sport competition over physical activity tracking."
690,685,Strategy Video Games,Video Gaming: Strategy Video Games,Video Gaming > Video Game Genres > Strategy Video Games,3,True,0,"Strategy Video Games center on tactical decision-making, resource management, and long-term planning where player choices directly determine outcomes rather than reflexes or physical coordination.","Strategy Video Games differ from sibling categories by prioritizing turn-based or pausable real-time gameplay focused on planning and positioning, whereas Action games emphasize reflexive responses, Simulation games focus on realistic system modeling, RPGs prioritize character progression and narrative, and Sports games replicate athletic competition."
691,685,Action-Adventure Video Games,Video Gaming: Action-Adventure Video Games,Video Gaming > Video Game Genres > Action-Adventure Video Games,3,True,0,"Action-Adventure games blend real-time combat or physical challenges with exploration, narrative progression, and environmental puzzle-solving across interconnected worlds.","This category combines the immediate, skill-based gameplay of Action games with the story-driven exploration and item-based progression of Adventure games, distinguishing it from pure Action games that prioritize combat reflexes alone and from Adventure games that emphasize puzzles and narrative over combat intensity."
692,685,Adventure Video Games,Video Gaming: Adventure Video Games,Video Gaming > Video Game Genres > Adventure Video Games,3,True,0,"Adventure video games are games where players explore environments, solve puzzles, and progress through a narrative-driven story, with gameplay centered on discovery and problem-solving rather than combat or physical challenges.","Adventure games are distinguished from their siblings by their primary focus on environmental exploration and puzzle-solving as the core gameplay mechanic, whereas action games emphasize combat, RPGs emphasize character progression systems, strategy games emphasize tactical decision-making, and action-adventure games combine adventure exploration with significant action combat elements."
693,685,Casual Games,Video Gaming: Casual Games,Video Gaming > Video Game Genres > Casual Games,3,True,0,"Casual games encompass video games designed for easy accessibility and short play sessions, typically requiring minimal learning curves and focusing on simple, intuitive mechanics that appeal to broad audiences.","Casual games are distinguished from their siblings by prioritizing accessibility and entertainment value over complex narratives, mechanical depth, or competitive intensity, whereas action, RPG, simulation, sports, and strategy games demand specific skill sets or extended engagement, and music/party, puzzle, educational, and fitness games serve specialized purposes or genres."
694,685,Educational Video Games,Video Gaming: Educational Video Games,Video Gaming > Video Game Genres > Educational Video Games,3,True,0,"Educational video games are games designed primarily to teach academic subjects, develop cognitive skills, or impart specific knowledge through interactive gameplay mechanics.","Educational video games differ from their siblings by prioritizing learning outcomes and skill development as the core objective, whereas action games emphasize combat, strategy games focus on tactical decision-making, simulation games model real-world systems, and casual games prioritize accessibility and entertainment over instructional design."
695,685,Exercise and Fitness Video Games,Video Gaming: Exercise and Fitness Video Games,Video Gaming > Video Game Genres > Exercise and Fitness Video Games,3,True,0,DEFINITION: Exercise and Fitness Video Games are interactive games designed primarily to promote physical activity and health improvement by requiring players to perform real-world movements that are tracked and translated into gameplay mechanics.,"BOUNDARY: Unlike Sports Video Games which simulate competitive athletics, and unlike Music and Party Video Games which emphasize entertainment and coordination to rhythm, Exercise and Fitness Video Games are specifically engineered to serve as workout tools that measure physical exertion and provide fitness-based progression."
696,685,MMOs,Video Gaming: MMOs,Video Gaming > Video Game Genres > MMOs,3,True,0,"Massively Multiplayer Online games are persistent virtual worlds where hundreds or thousands of players interact simultaneously in real-time, typically requiring ongoing subscriptions or in-game purchases and featuring character progression across shared environments.","MMOs are distinguished from other genres by their requirement for continuous online connectivity with persistent shared servers and large concurrent player populations, whereas action, RPG, and strategy games can be played solo or in small groups, and simulation, sports, and casual games do not inherently emphasize multiplayer world persistence."
697,685,Music and Party Video Games,Video Gaming: Music and Party Video Games,Video Gaming > Video Game Genres > Music and Party Video Games,3,True,0,"Music-based games and party games are video games designed primarily around rhythm mechanics, musical performance, social multiplayer interaction, or competitive mini-games played with multiple players in a shared space.","This category is distinguished from its siblings by its focus on either rhythmic gameplay tied to music tracks or turn-based social competition, whereas Action games emphasize combat reflexes, Sports games simulate athletic competition, Party games emphasize social multiplayer fun, and Casual games encompass broader accessible experiences without these specific defining mechanics."
698,685,Puzzle Video Games,Video Gaming: Puzzle Video Games,Video Gaming > Video Game Genres > Puzzle Video Games,3,True,0,"Puzzle video games are games where the primary objective involves solving logic-based, pattern-matching, or spatial reasoning challenges that require player intelligence rather than reflexes or physical skill.","Puzzle games are distinguished from action games by emphasizing cerebral challenge over timing and reaction speed, from strategy games by focusing on discrete puzzles rather than resource management or tactical decision-making, and from casual games by requiring systematic problem-solving rather than minimal engagement mechanics."
1000,,Content Channel,Content Channel: Content Channel,Content Channel,1,False,9,Content distributed through specific digital or physical platforms and mediums where audiences consume information and engage with brands.,"This category classifies where content is delivered (channels like social media, email, or marketplaces), whereas sibling categories like ""Automotive"" or ""Food & Drink"" classify what the content is about, and siblings like ""Content Type"" or ""Content Media Format"" classify how content is structured or formatted."
1001,1000,Editorial/Professional,Content Channel: Editorial/Professional,Content Channel > Editorial/Professional,2,True,0,"Content published through established journalistic, professional publication, or credentialed expert platforms that prioritize editorial standards, fact-checking, and authoritative information delivery.","This category differs from siblings by requiring editorial gatekeeping and professional credibility standards, whereas Social allows user-generated content, Email is a direct communication format, Search/Listings aggregates varied sources, and Marketplace/eCommerce prioritizes transactions over information authority."
1002,1000,Email,Content Channel: Email,Content Channel > Email,2,True,0,"Email messages sent directly to users' inboxes by organizations, marketers, or individuals for communication, notifications, newsletters, or promotional purposes.","Email is distinguished from its siblings by being asynchronous, point-to-point communication delivered to personal inbox accounts rather than public platforms, marketplaces, search results, community spaces, interactive games, standalone tools, or voice interfaces."
1003,1000,Forum/Community,Content Channel: Forum/Community,Content Channel > Forum/Community,2,True,0,"Forum/Community content is published on platforms where users engage in threaded discussions, post questions, share experiences, and build communities around shared interests or topics.","This category differs from siblings by requiring direct user-to-user interaction and persistent discussion threads, distinguishing it from Editorial's one-way publishing, Email's direct messaging, Social's brief posts, and Marketplace's transaction focus."
1004,1000,Game,Content Channel: Game,Content Channel > Game,2,True,0,"Games and interactive entertainment experiences designed primarily for amusement, engagement, or competition, whether web-based, mobile, or embedded applications.","Game content differs from Social platforms (which facilitate user connection), Utility/Online Tools (which solve functional problems), and Marketplace channels (which facilitate transactions) by being created and distributed fundamentally for play, entertainment, or competitive engagement rather than communication, productivity, or commerce."
1005,1000,Marketplace/eCommerce,Content Channel: Marketplace/eCommerce,Content Channel > Marketplace/eCommerce,2,True,0,"Content intended for distribution and consumption through online platforms where goods, services, or digital products are bought, sold, or transacted directly by users.","This category excludes editorial or professional content sites, asynchronous communication channels, community discussions, gaming platforms, search results, social networks, productivity tools, and voice-activated assistants—focusing specifically on platforms built around commercial transactions and shopping functionality."
1006,1000,Search Engine/Listings,Content Channel: Search Engine/Listings,Content Channel > Search Engine/Listings,2,True,0,"Content delivered through search engine results pages, search engine marketing platforms, or business listing services where users discover information by querying or browsing categorized listings.","This category differs from siblings by focusing on discovery mechanisms where users actively search for information or browse curated business directories, rather than consuming editorially-selected content, community discussions, social feeds, or transactional marketplaces."
1007,1000,Social,Content Channel: Social,Content Channel > Social,2,True,0,"Social media platforms and networks where content is shared, discussed, and distributed through user profiles, feeds, posts, and direct messaging.","Social differs from Editorial/Professional (formal publishing), Email (direct messaging), Forum/Community (discussion-focused sites), Marketplace/eCommerce (transactional), and Utility/Online Tools (functional) by emphasizing user-generated content, social graphs, and algorithmic feed distribution rather than professional curation, commerce transactions, or tool functionality."
1008,1000,Utility/Online Tool,Content Channel: Utility/Online Tool,Content Channel > Utility/Online Tool,2,True,0,"An interactive digital platform or application that users access to accomplish a specific task, solve a problem, or perform a service without primarily seeking entertainment, social connection, or commercial transactions.","This category encompasses self-service platforms that enable users to execute defined functions or obtain tools—distinguishing it from Editorial content (informational only), Social channels (connection-focused), Marketplace platforms (transaction-focused), Forums (discussion-focused), Games (entertainment-focused), Search/Listings (discovery-focused), Email (messaging-focused), and Voice channels (voice-interaction-focused)."
1009,1000,Voice Activated Channels,Content Channel: Voice Activated Channels,Content Channel > Voice Activated Channels,2,True,0,"Voice Activated Channels content is delivered through audio-based interfaces where users interact via spoken commands or questions to receive information, perform tasks, or control devices.","This category is distinguished from siblings by its primary interaction method being voice input rather than text, visual, or written communication, making it unique among channels that rely on typing, reading, or traditional media consumption."
1010,,Content Type,Content Type: Content Type,Content Type,1,False,11,"Content that can be classified by its primary subject matter or topic domain, ranging from specialized fields like automotive and medical health to broad lifestyle categories like travel and entertainment.","This category distinguishes itself from its siblings by organizing content based on **what topic or subject it addresses**, whereas Content Channel focuses on distribution platform, Content Source on origin, Content Media Format on presentation method, Content Language on linguistic encoding, and Content Source Geo on geographic location."
1011,1010,Academic/ResearchConent,Content Type: Academic/ResearchConent,Content Type > Academic/ResearchConent,2,True,0,"Peer-reviewed articles, experimental data, methodological papers, and scholarly work that advances knowledge within academic disciplines and research fields.","This category differs from Educational Content by focusing on original research contributions and novel findings rather than teaching existing knowledge, and differs from Instructional Content by emphasizing theoretical inquiry and evidence-based discovery over practical how-to guidance."
1012,1010,Chat/IM/Comments,Content Type: Chat/IM/Comments,Content Type > Chat/IM/Comments,2,True,0,"Chat/IM/Comments content includes real-time or asynchronous conversational exchanges, direct messages, discussion threads, and user-generated comment sections across platforms like messaging apps, social media, forums, and comment threads.","This category is distinguished from siblings by its focus on informal, dialogue-based user interactions rather than formal knowledge sharing (Academic/Research, Educational, Instructional), entertainment media (Entertainment), curated information (News), evaluations (Review), structured data (Listings/Search Results), or platform-specific features and social feeds (Feature, General Social, Interactive Content)."
1013,1010,Educational Content,Content Type: Educational Content,Content Type > Educational Content,2,True,0,"Content designed to teach, explain, or increase understanding of concepts, subjects, or skills through structured presentation of information.","Educational Content differs from Academic/Research Content by focusing on learning and comprehension rather than original inquiry or scholarly contribution, and differs from Instructional Content by emphasizing conceptual understanding over step-by-step procedural guidance."
1014,1010,Entertainment Content,Content Type: Entertainment Content,Content Type > Entertainment Content,2,True,0,"Entertainment Content is material created primarily to amuse, engage, or provide leisure enjoyment to audiences through narrative, humor, performance, or spectacle.","This category excludes educational or instructional material designed to teach, news reporting focused on informing, reviews that critique products or services, and social conversation or comments that lack entertainment purpose, distinguishing it by prioritizing enjoyment over information delivery or knowledge transfer."
1015,1010,Feature,Content Type: Feature,Content Type > Feature,2,True,0,"Content that introduces, explains, or highlights a specific capability, product update, or notable aspect of a service in a dedicated, substantial piece of writing or media.","This category differs from its siblings by focusing on deep dives into particular offerings or updates rather than news reporting, educational instruction, academic rigor, user interaction, entertainment value, classified listings, reviews, or general social discussion."
1016,1010,General Social,Content Type: General Social,Content Type > General Social,2,True,0,"General Social content includes posts, updates, and messages shared on social platforms where users engage in casual conversation, share personal moments, or discuss topics of general interest without a specific professional, educational, or entertainment focus.","This category differs from its siblings by encompassing informal peer-to-peer communication and personal sharing, whereas Academic/Research focuses on scholarly work, Chat/IM/Comments captures direct messaging and threaded replies, Educational Content teaches specific skills, Entertainment provides leisure content, Features are curated articles, Instructional Content provides how-to guidance, Interactive Content requires active participation, Listings serve transactional purposes, News reports current events, and Reviews evaluate specific products or services."
1017,1010,Instructional Content,Content Type: Instructional Content,Content Type > Instructional Content,2,True,0,"Content that teaches specific skills, procedures, or knowledge through step-by-step guidance, tutorials, how-to guides, or training materials designed for direct practical application.","This category differs from Educational Content by focusing on actionable procedural learning rather than broad subject knowledge, and from Academic/Research Content by prioritizing practical application over theoretical analysis or original research findings."
1018,1010,Interactive Content,Content Type: Interactive Content,Content Type > Interactive Content,2,True,0,"Interactive Content is material designed to actively engage users in participation, manipulation, or response, requiring user input or action to deliver value or reveal information.","This category differs from its siblings by emphasizing user participation and bidirectional engagement, whereas Academic/Research Content prioritizes knowledge documentation, Educational Content focuses on structured learning, Instructional Content provides procedural guidance, News delivers information, and Entertainment Content offers passive enjoyment without requiring interaction for core value."
1019,1010,Listings/Classifieds/Product Listings/Search Results,Content Type: Listings/Classifieds/Product Listings/Search Results,Content Type > Listings/Classifieds/Product Listings/Search Results,2,True,0,"This category contains structured compilations of items, services, or products presented in organized formats (such as search results, classified advertisements, marketplace listings, or product catalogs) where users browse, filter, and compare multiple options.","It is distinguished from sibling categories by presenting aggregated, comparable items in standardized formats rather than original authored content (News, Feature), user discussions (Chat/IM/Comments, General Social), educational material (Educational Content, Instructional Content, Academic/Research Content), entertainment (Entertainment Content), evaluative analysis (Review), or interactive experiences (Interactive Content)."
1020,1010,News,Content Type: News,Content Type > News,2,True,0,"News consists of factual reporting about current events, recent developments, and timely information presented by journalistic sources or news organizations.","News is distinguished from its siblings by its focus on reporting recent factual events rather than providing analysis (Feature), entertainment (Entertainment Content), education (Educational Content), user-generated discussion (Chat/IM/Comments), academic research (Academic/Research Content), reviews of products or services (Review), practical how-to guidance (Instructional Content), or catalog-style information (Listings/Classifieds/Product Listings/Search Results)."
1021,1010,Review,Content Type: Review,Content Type > Review,2,True,0,"A Review is evaluative content that assesses and provides opinions about specific products, services, experiences, media, or establishments based on personal experience or analysis.","Review is distinguished from its siblings by its primary purpose of rendering judgment and recommendation on a particular subject, whereas News reports events, Entertainment provides amusement, Educational Content teaches concepts, Instructional Content teaches processes, and Academic/Research Content conducts scholarly investigation."
1215,,Content Source,Content Source: Content Source,Content Source,1,False,3,This category classifies content based on its origin or the entity responsible for creating or publishing it.,"This category differs from its siblings by focusing on *who produced the content* rather than its subject matter (like Automotive or Food & Drink), its format (like Content Media Format), or where it appears (like Content Channel)."
1216,1215,Professionally Produced,Content Source: Professionally Produced,Content Source > Professionally Produced,2,True,0,"Content created by established media organizations, production companies, or professional creators with editorial oversight, production budgets, and quality control standards.","This category differs from User Generated content by requiring professional creation infrastructure and editorial processes, and differs from Aggregated/Curated content by being original productions rather than collections of existing material from multiple sources."
1217,1215,User Generated,Content Source: User Generated,Content Source > User Generated,2,True,0,"Content created directly by individual users, community members, or non-professional contributors sharing their own experiences, opinions, or creations.",User Generated content originates from the audience themselves rather than being produced by professional creators or assembled from existing sources by curators.
1218,1215,Aggregated/Curated,Content Source: Aggregated/Curated,Content Source > Aggregated/Curated,2,True,0,"This category contains content that has been collected, compiled, and organized from multiple sources by editors, algorithms, or platforms rather than originally created by the publishing entity.","It differs from Professionally Produced content, which is created directly by the publishing organization, and from User Generated content, which originates from individual users and community members."
1022,,Content Media Format,Content Media Format: Content Media Format,Content Media Format,1,False,7,"Content that is organized and delivered in different technical formats such as audio, video, text, images, or interactive elements.","This category classifies content based on its delivery medium and technical presentation, while sibling categories classify content by subject matter (Movies, Sports), distribution channel (Content Channel), creation type (Content Type), or other metadata dimensions (Content Language, Content Source Geo)."
1023,1022,Audio,Content Media Format: Audio,Content Media Format > Audio,2,True,0,"Audio content includes podcasts, music, sound effects, audiobooks, voice recordings, and other material primarily experienced through listening.","Audio differs from Video by excluding visual components, from Textual by requiring auditory rather than written consumption, from Interactive by presenting linear playback without user-driven navigation, and from Images/Galleries, Mixed, and VR/AR by focusing solely on sound without visual or immersive elements."
1024,1022,Images/Galleries,Content Media Format: Images/Galleries,Content Media Format > Images/Galleries,2,True,0,"This category encompasses static visual content presented as individual images, photo collections, slideshows, or organized gallery displays.","It is distinguished from sibling categories by its reliance on non-moving visual representation, setting it apart from Video and VR/AR which incorporate motion or immersion, Audio which prioritizes sound, Interactive which requires user manipulation, Mixed which combines multiple formats equally, and Textual which centers on written language."
1025,1022,Interactive,Content Media Format: Interactive,Content Media Format > Interactive,2,True,0,"Content that requires active user participation or manipulation to consume, such as quizzes, games, simulations, calculators, or dynamic tools where the user's input directly influences the experience.","This category differs from its siblings by centering on user agency and responsiveness—while Audio, Images, Textual, and Video are consumed passively, and Mixed combines multiple passive formats, Interactive demands direct engagement to function or reveal its full value."
1026,1022,Mixed,Content Media Format: Mixed,Content Media Format > Mixed,2,True,0,"Content that combines two or more distinct media types (such as text with images, audio with video, or text with interactive elements) into a single integrated presentation.","Mixed content differs from single-format categories by requiring simultaneous use of multiple media modalities, whereas each sibling category contains content dominated by or exclusive to one primary media type."
1027,1022,Textual,Content Media Format: Textual,Content Media Format > Textual,2,True,0,"Content that communicates primarily through written words, including articles, blog posts, essays, transcripts, and written documentation.","Textual content relies exclusively on the written word for meaning, whereas Audio uses sound, Images/Galleries uses visual stills, Video uses moving visuals, Interactive requires user input, Mixed combines multiple formats equally, and VR/AR creates immersive spatial experiences."
1028,1022,Video,Content Media Format: Video,Content Media Format > Video,2,True,0,Video content is material presented as moving sequences of images with synchronized sound designed for visual and auditory consumption.,"Video is distinguished from Audio by its requirement for visual component, from Images/Galleries by its temporal dimension and motion, from Interactive by its passive viewing nature, from Mixed by being a single unified format rather than combined types, from Textual by using primarily visual narrative, and from VR/AR by existing in 2D fixed-perspective presentation."
1029,1022,VR/AR,Content Media Format: VR/AR,Content Media Format > VR/AR,2,True,0,Immersive digital experiences that use virtual reality or augmented reality technologies to overlay digital information onto physical environments or create fully simulated three-dimensional worlds for user interaction.,"This category differs from Interactive content by requiring specialized headsets or devices that fundamentally alter spatial perception, and from Mixed content by focusing specifically on VR/AR technologies rather than combining multiple standard media types."
1030,,Content Language,Content Language: Content Language,Content Language,1,False,184,Content is presented or written in a specific human language that determines how audiences access and understand the material.,"This category differs from its siblings by classifying content based on the linguistic medium of communication rather than subject matter (like Business or Sports), distribution channel (like Content Channel), structural format (like Content Type), or geographic origin (like Content Source Geo)."
1031,1030,Afar,Content Language: Afar,Content Language > Afar,2,True,0,"Afar is a Cushitic language spoken primarily by the Afar people in the Horn of Africa, particularly in Eritrea, Ethiopia, and Djibouti.","Afar is distinguished from its siblings by being a low-resource Cushitic language of the Horn of Africa region, whereas most siblings are either major languages with broader geographic distribution or belong to different language families entirely."
1032,1030,Abkhaz,Content Language: Abkhaz,Content Language > Abkhaz,2,True,0,"Content coded in Abkhaz, a Northwest Caucasian language primarily spoken in the Republic of Abkhazia and the diaspora.","Abkhaz is distinguished from its sibling categories by its classification as a Caucasian language with a unique phonological inventory, separate from the Indo-European, Afro-Asiatic, Austronesian, Sino-Tibetan, and other major language families represented among the siblings."
1033,1030,Avestan,Content Language: Avestan,Content Language > Avestan,2,True,0,"Avestan is an ancient Eastern Iranian language in which the Zoroastrian sacred texts, the Avesta, were composed and preserved.","Avestan is distinguished from its sibling categories by being an extinct ancient language rather than a modern spoken or literary language, and by its specific association with Zoroastrianism and pre-Islamic Persian religious traditions."
1034,1030,Afrikaans,Content Language: Afrikaans,Content Language > Afrikaans,2,True,0,"Afrikaans is a West Germanic language that evolved from Dutch dialects spoken in South Africa and Namibia, characterized by simplified grammar and vocabulary influenced by indigenous African languages and other European languages.","Afrikaans is distinguished from other Germanic languages (like Dutch, German, and English) by its origin in Southern Africa and its unique phonological and grammatical simplifications, and from other African languages by its Indo-European roots and structural classification as a Germanic tongue."
1035,1030,Akan,Content Language: Akan,Content Language > Akan,2,True,0,"Akan is a Kwa language spoken primarily in Ghana by the Akan people, including major dialect groups such as Twi and Fante.","Akan is distinguished from its siblings as the only Kwa language from West Africa in this taxonomy, whereas most siblings are either Indo-European, Sino-Tibetan, Niger-Congo languages from other regions, or constructed languages."
1036,1030,Amharic,Content Language: Amharic,Content Language > Amharic,2,True,0,"Amharic is a Semitic language spoken primarily in Ethiopia, written in the Ge'ez script, and serves as the official language of the Ethiopian state.","Amharic is distinguished from other languages in this taxonomy by its classification as an Ethio-Semitic language with unique phonological and grammatical features, setting it apart from Indo-European languages, Sino-Tibetan languages, Niger-Congo languages, and other language families represented in the sibling categories."
1037,1030,Aragonese,Content Language: Aragonese,Content Language > Aragonese,2,True,0,"Content written or transmitted in the Aragonese language, a Romance language spoken primarily in the Aragón region of northeastern Spain.","Aragonese is distinguished from other Romance languages (such as Catalan, Spanish, Occitan, and Galician) by its specific phonological, grammatical, and lexical features, and from other languages overall by being the native language of the Aragonese people rather than speakers of the sibling languages listed."
1038,1030,Arabic,Content Language: Arabic,Content Language > Arabic,2,True,0,"Arabic is a Semitic language spoken primarily across the Middle East and North Africa, with multiple regional dialects and a standardized written form (Modern Standard Arabic).","Arabic is distinguished from its sibling categories by its origin in the Semitic language family and its geographic concentration in the Arab world, whereas siblings represent diverse language families distributed across different global regions."
1039,1030,Assamese,Content Language: Assamese,Content Language > Assamese,2,True,0,"Content that is written in or primarily associated with the Assamese language, a Indo-Aryan language spoken in the Assam region of northeastern India.","Assamese is distinguished from its sibling categories by being the specific language of Assam and its speakers, rather than other languages from Africa, Europe, Asia, or other regions represented in the sibling list."
1040,1030,Avaric,Content Language: Avaric,Content Language > Avaric,2,True,0,Avaric is a Northeast Caucasian language spoken primarily by the Avar people in the Dagestan region of Russia.,"Avaric is distinguished from its sibling categories by being a non-Indo-European, agglutinative language from the Caucasus region, whereas most siblings are Indo-European languages or belong to other major language families."
1041,1030,Aymara,Content Language: Aymara,Content Language > Aymara,2,True,0,"Aymara is an indigenous language spoken primarily in the Andes region of Bolivia, Peru, and Chile, with approximately one million native speakers.","Aymara is distinguished from its sibling categories by being a Native American language of the Aymaran language family, whereas most siblings are either Indo-European, Afro-Asiatic, Niger-Congo, Austronesian, or Sino-Tibetan languages."
1042,1030,Azerbaijani,Content Language: Azerbaijani,Content Language > Azerbaijani,2,True,0,"Azerbaijani is a Turkic language spoken primarily in Azerbaijan and parts of Iran, Turkey, and Russia, with approximately 30 million native speakers.","Azerbaijani is distinguished from its siblings by being a northwestern Turkic language written in the Latin script (modern standard) or Cyrillic, whereas most sibling categories represent either unrelated language families (Indo-European, Afro-Asiatic, Sino-Tibetan, etc.) or other Turkic languages like Turkish, Kazakh, Kyrgyz, Turkmen, and Uyghur that differ in geographic origin and linguistic features."
1043,1030,Bashkir,Content Language: Bashkir,Content Language > Bashkir,2,True,0,Bashkir is a Turkic language spoken primarily by the Bashkir people in the Republic of Bashkortostan in Russia.,"Bashkir is distinguished from its sibling categories by being a Turkic language from the Volga-Ural region, whereas most siblings are either Indo-European languages, Afro-Asiatic languages, or Turkic languages from Central Asia or the Caucasus."
1044,1030,Belarusian,Content Language: Belarusian,Content Language > Belarusian,2,True,0,"This category contains content that is written, spoken, or otherwise expressed in Belarusian, the East Slavic language spoken primarily in Belarus.","Belarusian is distinguished from its sibling categories by being specifically the language of Belarus, separate from closely related Slavic languages like Russian, Ukrainian, Polish, and Bulgarian, and from all other world languages in the list."
1045,1030,Bulgarian,Content Language: Bulgarian,Content Language > Bulgarian,2,True,0,"Bulgarian is a South Slavic language spoken primarily in Bulgaria and by diaspora communities, characterized by its loss of grammatical case, use of the definite article suffix, and three-way aspectual system.","Bulgarian is distinguished from its sibling categories by being the sole representative of the South Slavic branch among languages that include other Slavic groups (East Slavic like Russian and Ukrainian, West Slavic like Polish and Czech) and non-Slavic language families."
1046,1030,Bihari,Content Language: Bihari,Content Language > Bihari,2,True,0,"Content in the Bihari language, a language of Indo-Aryan origin spoken primarily in the Bihar region of India and parts of Nepal.","Bihari is distinguished from its siblings as a specific Indo-Aryan language of eastern India, separate from related languages like Hindi, Urdu, Bengali, and Assamese that occupy different geographic and linguistic spaces."
1047,1030,Bislama,Content Language: Bislama,Content Language > Bislama,2,True,0,"Bislama is an English-based creole language spoken primarily in Vanuatu, developed from pidgin English used in colonial trade and labor contexts.","Bislama is distinguished from its sibling categories by being a creole language with English as its lexical base and simplified grammar, rather than a natural language that evolved organically within a speech community or an artificial/constructed language."
1048,1030,Bambara,Content Language: Bambara,Content Language > Bambara,2,True,0,Bambara is a Niger-Congo language spoken primarily in Mali and used as a lingua franca across West Africa.,"Bambara differs from its siblings as a Mandinka language of the Mande language family, whereas siblings represent languages from other families, unrelated language groups, or geographic regions outside Mali and the broader Mande sphere."
1049,1030,Bengali,Content Language: Bengali,Content Language > Bengali,2,True,0,"Content in this category is written in Bengali, an Indo-Aryan language primarily spoken in Bangladesh and the Indian state of West Bengal.","Bengali is distinguished from its sibling categories by its specific linguistic classification as an Indo-Aryan language with its own script system, grammar, and vocabulary, rather than being any of the other 200+ languages represented among the sibling categories."
1050,1030,Tibetan,Content Language: Tibetan,Content Language > Tibetan,2,True,0,"Content written in Tibetan, a Sino-Tibetan language primarily spoken in the Tibetan plateau region of Asia.","Tibetan is distinguished from its sibling categories by its unique script system, grammatical structure, and geographic association with the Tibetan cultural region, rather than by proximity to other Asian or European language families."
1051,1030,Breton,Content Language: Breton,Content Language > Breton,2,True,0,"Content in the Breton language, which is a Brythonic Celtic language spoken primarily in Brittany, France.","Breton is distinguished from its sibling categories by being a minority Celtic language of northwestern France, whereas siblings include major European languages, languages from other language families (Afro-Asiatic, Indo-Aryan, Sino-Tibetan, etc.), and other Celtic languages like Welsh, Irish, and Scottish Gaelic."
1052,1030,Bosnian,Content Language: Bosnian,Content Language > Bosnian,2,True,0,"Bosnian is a South Slavic language spoken primarily in Bosnia and Herzegovina, characterized by its use of the Latin alphabet and its position within the Serbo-Croatian language continuum.","Bosnian is distinguished from other Slavic languages (such as Serbian, Croatian, and Montenegrin) by its specific standardization, vocabulary choices, and status as an official language of Bosnia and Herzegovina, while differing from non-Slavic languages through its Slavic grammatical structure and linguistic features."
1053,1030,Catalan,Content Language: Catalan,Content Language > Catalan,2,True,0,"Content primarily created in or translated into Catalan, a Romance language spoken in Catalonia, Valencia, the Balearic Islands, and other regions in northeastern Spain and southern France.","Catalan is distinguished from other Romance languages in its sibling categories (such as Spanish, French, Italian, Portuguese, and Galician) by its specific phonological, grammatical, and lexical features, and from non-Romance languages by its linguistic family classification."
1054,1030,Chechen,Content Language: Chechen,Content Language > Chechen,2,True,0,"Content in Chechen language consists of text, audio, video, or other media where Chechen, a Northeast Caucasian language spoken primarily in the Chechen Republic, is the primary language of expression.","This category is distinguished from its siblings by identifying Chechen as the specific language used, whereas sibling categories each represent their own distinct natural or constructed language from the global linguistic inventory."
1055,1030,Chamorro,Content Language: Chamorro,Content Language > Chamorro,2,True,0,"Content in this category consists of works, documents, or media primarily composed in Chamorro, the Austronesian language native to the Mariana Islands and spoken by Chamorro people.","Chamorro is distinguished from its sibling categories by being the sole representative of the Mariana Islands language group, while siblings represent other distinct languages from Africa, Asia, Europe, the Pacific, and the Americas."
1056,1030,Corsican,Content Language: Corsican,Content Language > Corsican,2,True,0,"Content that is written in Corsican, a Romance language spoken primarily in Corsica and diaspora communities.","Corsican is distinguished from its sibling languages by being the specific Romance language of Corsica, separate from French, Italian, Sardinian, and other Romance languages in the taxonomy."
1057,1030,Cree,Content Language: Cree,Content Language > Cree,2,True,0,"Content primarily created in or translated into Cree, an Algonquian language spoken by Indigenous peoples in Canada.","Cree is distinguished from its sibling categories by being a specific North American Indigenous language, separate from the European, African, Asian, and other world languages represented in the sibling set."
1058,1030,Czech,Content Language: Czech,Content Language > Czech,2,True,0,"Content that is written, spoken, or otherwise expressed in the Czech language, a West Slavic language primarily used in the Czech Republic.","Czech is distinguished from other sibling language categories by its specific linguistic characteristics as a West Slavic language, including its grammar, phonetics, and vocabulary, rather than being grouped with Romance, Germanic, Indo-Aryan, or other language families represented among the siblings."
1059,1030,Old Church Slavonic,Content Language: Old Church Slavonic,Content Language > Old Church Slavonic,2,True,0,"Old Church Slavonic is an ancient liturgical language that served as the literary and ecclesiastical standard for medieval Slavic peoples, particularly in Orthodox Christian contexts from the 9th century onward.","Old Church Slavonic is distinguished from its siblings as a historical, primarily liturgical language no longer spoken natively, whereas most siblings are either modern living languages or historically attested languages with contemporary speaker communities."
1060,1030,Chuvash,Content Language: Chuvash,Content Language > Chuvash,2,True,0,"Chuvash is a Turkic language spoken primarily in the Chuvash Republic of Russia and by diaspora communities, characterized by unique phonological features including palatalization and vowel harmony distinct from other Turkic languages.","Chuvash is distinguished from other Turkic languages (Azerbaijani, Bashkir, Kazakh, Kyrgyz, Turkmen, Tatar, Turkish, Uyghur, Uzbek) by its specific sound system and grammatical structure, and from all non-Turkic sibling categories by its membership in the Turkic language family."
1061,1030,Welsh,Content Language: Welsh,Content Language > Welsh,2,True,0,"Welsh is a Celtic language spoken primarily in Wales, characterized by its distinctive phonology, grammar, and vocabulary rooted in the Brythonic branch of Celtic languages.","Welsh is distinguished from its sibling categories by being the sole representative of the Welsh language, whereas siblings represent other individual languages from diverse linguistic families across the world."
1062,1030,Danish,Content Language: Danish,Content Language > Danish,2,True,0,Danish is a North Germanic language primarily spoken in Denmark and parts of Greenland and the Faroe Islands.,"Danish is distinguished from its sibling categories by being the official language of Denmark, while other Germanic siblings like German, Swedish, Norwegian, and Faroese are associated with different Scandinavian and Germanic-speaking regions."
1063,1030,German,Content Language: German,Content Language > German,2,True,0,"German is a West Germanic language primarily spoken in Germany, Austria, Switzerland, and neighboring regions, characterized by its grammatical cases, gender-inflected nouns, and complex verb conjugation systems.","German is distinguished from other European languages by its specific phonological features, grammatical structure (including four cases and three genders), and its classification within the West Germanic branch rather than Romance, Slavic, or other language families represented in the sibling categories."
1064,1030,Divehi,Content Language: Divehi,Content Language > Divehi,2,True,0,"Divehi is an Indo-Aryan language spoken primarily in the Maldives and by diaspora communities, written in the Thaana script.","Divehi is distinguished from its siblings by being the official language of the Maldives and the only Indo-Aryan language in this set that uses the Thaana script rather than Latin, Devanagari, or other scripts common to related languages."
1065,1030,Dzongkha,Content Language: Dzongkha,Content Language > Dzongkha,2,True,0,"Dzongkha is the official language of Bhutan, a Sino-Tibetan language spoken primarily in the Bhutanese Himalayan region with its own unique script and linguistic features.","Dzongkha is distinguished from its siblings by being the sole representative of Bhutanese language content, whereas sibling categories each represent other individual languages from diverse linguistic families and geographic regions worldwide."
1066,1030,Ewe,Content Language: Ewe,Content Language > Ewe,2,True,0,"Content in the Ewe language, a Niger-Congo language spoken primarily in Ghana and Togo by the Ewe people.","Ewe is distinguished from its sibling categories by being a specific Kwa language of West Africa, rather than belonging to other language families such as Indo-European, Afro-Asiatic, Altaic, Dravidian, Sino-Tibetan, or other Niger-Congo branches."
1067,1030,Greek,Content Language: Greek,Content Language > Greek,2,True,0,"Content in the Greek language, including both Ancient Greek (Classical and Hellenistic periods) and Modern Greek as used in Greece, Cyprus, and Greek diaspora communities.","Greek is distinguished from other language categories by its unique alphabetic script, its Indo-European linguistic structure with distinct grammatical features, and its historical continuity spanning over 3,400 years while maintaining a recognizable linguistic identity separate from Romance, Germanic, Slavic, and other major language families represented in the sibling categories."
1068,1030,English,Content Language: English,Content Language > English,2,True,0,"Content that is written, spoken, or primarily presented in the English language, encompassing all varieties and dialects including British, American, Australian, and other regional forms.","English is distinguished from all other language categories by its specific linguistic system, grammar, vocabulary, and phonetic characteristics, rather than by geographical origin or historical period."
1069,1030,Esperanto,Content Language: Esperanto,Content Language > Esperanto,2,True,0,"Esperanto is an artificially constructed international auxiliary language created in 1887 by L.L. Zamenhof, designed to promote peace and understanding by providing a neutral means of communication between speakers of different natural languages.","Esperanto is distinguished from its sibling categories by being a planned/constructed language rather than a natural language that evolved organically within a speech community, and by its explicit purpose as an international auxiliary language rather than the primary language of any nation or ethnic group."
1070,1030,Spanish,Content Language: Spanish,Content Language > Spanish,2,True,0,"Spanish is content primarily written or spoken in the Spanish language, a Romance language with approximately 500 million native speakers originating from the Iberian Peninsula and widely spoken across Latin America and other regions.","Spanish is distinguished from other Romance languages (French, Italian, Portuguese, Romansh, Romanian, Galician, Catalan, Occitan) and all non-Romance language categories by its specific phonological, grammatical, and lexical features, including its characteristic use of the theta sound, subjunctive mood constructions, and distinctive vocabulary."
1071,1030,Estonian,Content Language: Estonian,Content Language > Estonian,2,True,0,"Content in this category is written in Estonian, a Finno-Ugric language spoken primarily in Estonia and characterized by its agglutinative grammar and vowel harmony.","Estonian is distinguished from its siblings as the official language of Estonia and the only Finno-Ugric language in this taxonomy besides Finnish, Hungarian, and a few others, making it unique among the predominantly Indo-European languages in this classification."
1072,1030,Basque,Content Language: Basque,Content Language > Basque,2,True,0,"Content written in or primarily spoken as Basque, an agglutinative language spoken in the Basque Country region of northern Spain and southwestern France.","Basque is distinguished from its sibling categories by being the only non-Indo-European language in this list, making it a language isolate unrelated to the Romance, Germanic, Slavic, or other language families represented by the other categories."
1073,1030,Farsi,Content Language: Farsi,Content Language > Farsi,2,True,0,"Content created, produced, or primarily presented in Farsi (also known as Persian), an Indo-European language spoken primarily in Iran, Afghanistan, and Tajikistan.","Farsi is distinguished from its sibling categories by its classification as a southwestern Iranian language using the Persian script, whereas siblings encompass all other world languages including other Iranian languages (Kurdish, Tajik, Pashto), neighboring languages (Arabic, Turkish, Urdu), and unrelated language families."
1074,1030,Fula,Content Language: Fula,Content Language > Fula,2,True,0,"Fula is a Niger-Congo language spoken primarily across West Africa by the Fulani people, with significant populations in Senegal, Guinea, Mali, Burkina Faso, and Nigeria.","Fula is distinguished from other African languages in this list by being a specifically Atlantic-Congo language of the Senegambian region, rather than being a Semitic language (like Arabic or Amharic), a Bantu language (like Swahili or Zulu), or an Afro-Asiatic language from the Horn of Africa (like Oromo or Tigrinya)."
1075,1030,Finnish,Content Language: Finnish,Content Language > Finnish,2,True,0,"Finnish is content written in the Finnish language, a Uralic language spoken primarily in Finland and characterized by its unique grammatical structure including extensive case systems and vowel harmony.","Finnish is distinguished from its sibling categories by being the official language of Finland, whereas the siblings represent other distinct natural languages from different language families (Indo-European, Afro-Asiatic, Sino-Tibetan, etc.) or artificial constructed languages."
1076,1030,Fijian,Content Language: Fijian,Content Language > Fijian,2,True,0,"Fijian is an Austronesian language spoken primarily in Fiji, characterized by Melanesian linguistic features and used as both an official and community language in the South Pacific island nation.","Fijian is distinguished from other languages in this category by being a Pacific Islander language specific to Fiji, whereas its siblings represent diverse language families and geographic regions spanning from African languages like Swahili and Yoruba to European languages like French and German to Asian languages like Japanese and Hindi."
1077,1030,Faroese,Content Language: Faroese,Content Language > Faroese,2,True,0,"Content in the Faroese language, which is a North Germanic language spoken primarily in the Faroe Islands and by diaspora communities.","Faroese is distinguished from other Germanic languages by being a North Germanic language most closely related to Icelandic and Old Norse, whereas its siblings include other Germanic branches (West Germanic like German, Dutch, English; North Germanic like Icelandic; and other language families entirely)."
1078,1030,French,Content Language: French,Content Language > French,2,True,0,"This category contains content that is written in or primarily presented in the French language, including modern standard French and its recognized variants.","French is distinguished from its sibling categories by its specific linguistic identity as a Romance language primarily spoken in France and other Francophone regions, rather than any of the other individual world languages represented as siblings."
1079,1030,Western Frisian,Content Language: Western Frisian,Content Language > Western Frisian,2,True,0,Western Frisian is a North Sea Germanic language spoken primarily in the province of Friesland in the Netherlands.,This category is distinguished from other Germanic languages by its specific geographic origin in the Frisian region and its linguistic features that place it between English and Dutch rather than being a dialect of either.
1080,1030,Irish,Content Language: Irish,Content Language > Irish,2,True,0,"Content that is written, spoken, or produced in Irish (Gaeilge), the Celtic language primarily used in Ireland.","Irish is distinguished from its sibling categories by being the official language of the Republic of Ireland and a Celtic language, whereas siblings include Romance languages (French, Spanish, Italian), Germanic languages (English, German, Dutch), Slavic languages (Russian, Polish, Czech), and many other language families from across the world."
1081,1030,Scottish Gaelic,Content Language: Scottish Gaelic,Content Language > Scottish Gaelic,2,True,0,"Content tagged with this category is primarily written in or spoken as Scottish Gaelic, a Goidelic language native to the Scottish Highlands and Islands.","Scottish Gaelic is distinguished from its sibling categories by being the Celtic language of Scotland, separate from Irish Gaelic, Welsh, Breton, and Cornish, and from all other non-Celtic languages in this taxonomy."
1082,1030,Galician,Content Language: Galician,Content Language > Galician,2,True,0,"Content that is written, spoken, or otherwise expressed in Galician, the Romance language spoken primarily in Galicia in northwestern Spain.","Galician is distinguished from other Romance languages (such as Spanish, Portuguese, Catalan, and Occitan) by its specific phonological, grammatical, and lexical features, and from other language categories by being explicitly designated as Galician rather than a related or neighboring language."
1083,1030,Guarani,Content Language: Guarani,Content Language > Guarani,2,True,0,"Content that is primarily written or spoken in Guarani, an indigenous language of South America spoken mainly in Paraguay, Argentina, and Brazil.","Guarani is distinguished from its sibling categories as the sole representative of the Tupian language family, whereas siblings represent languages from Indo-European, Afro-Asiatic, Sino-Tibetan, Austronesian, Dravidian, and other major language families."
1084,1030,Gujarati,Content Language: Gujarati,Content Language > Gujarati,2,True,0,"Gujarati is an Indo-Aryan language spoken primarily in the Gujarat state of India and by diaspora communities worldwide, characterized by its own distinct script and grammatical structure.","Gujarati is distinguished from its sibling categories by being specifically the language of Gujarat and its speakers, rather than any of the other individual natural languages or constructed languages in the broader Content Language taxonomy."
1085,1030,Manx,Content Language: Manx,Content Language > Manx,2,True,0,"Content expressed in Manx, a Goidelic language historically spoken on the Isle of Man.","Manx is distinguished from other language categories by being a Celtic language specific to the Isle of Man, separate from Irish, Scottish Gaelic, Welsh, Breton, and Cornish which represent other Celtic language traditions."
1086,1030,Hausa,Content Language: Hausa,Content Language > Hausa,2,True,0,Hausa is a Chadic language spoken primarily in Niger and Nigeria by millions of native speakers as a lingua franca across West Africa.,"Hausa is distinguished from its sibling categories by being the only Chadic language in this taxonomy, whereas its siblings represent other language families such as Niger-Congo, Indo-European, Afro-Asiatic, and Sino-Tibetan languages."
1087,1030,Hebrew,Content Language: Hebrew,Content Language > Hebrew,2,True,0,"Content in Hebrew language includes text, audio, video, and other media whose primary language is Hebrew, whether ancient, medieval, or modern standard Hebrew.","Hebrew is distinguished from other Semitic languages (Arabic, Amharic, Tigrinya) and other language categories by being the official language of Israel and the liturgical language of Judaism, with its own distinct writing system and linguistic characteristics."
1088,1030,Hindi,Content Language: Hindi,Content Language > Hindi,2,True,0,"Hindi is a language primarily spoken in India, belonging to the Indo-Aryan language family, and characterized as the official language of the Indian Union and a lingua franca across much of North India.","Hindi is distinguished from other Indo-Aryan languages in this taxonomy (such as Bengali, Punjabi, Marathi, Gujarati, and Urdu) by its specific phonological, grammatical, and lexical features, as well as its geographic and cultural association with the Hindi heartland of central and northern India."
1089,1030,Hiri Motu,Content Language: Hiri Motu,Content Language > Hiri Motu,2,True,0,"Hiri Motu is an Austronesian language spoken in Papua New Guinea, primarily used as a lingua franca in the central regions of the country.","Hiri Motu is distinguished from its siblings by being a Papuan language with Austronesian roots, whereas most siblings are either Indo-European languages, Sino-Tibetan languages, or other major language families from Africa, Asia, and Europe."
1090,1030,Croatian,Content Language: Croatian,Content Language > Croatian,2,True,0,"Croatian is a South Slavic language spoken primarily in Croatia, characterized by its use of the Latin alphabet and distinctive phonological and grammatical features including three genders and seven cases.","Croatian is distinguished from other Slavic languages (Bulgarian, Belarusian, Czech, Slovak, Slovene, Serbian, Ukrainian, Russian, Polish) by its specific phonemic inventory, accentuation system, and lexical features, and from non-Slavic siblings by its membership in the South Slavic branch."
1091,1030,Haitian,Content Language: Haitian,Content Language > Haitian,2,True,0,"Content written in Haitian Creole, a French-based creole language spoken primarily in Haiti and its diaspora communities.","Haitian is distinguished from its sibling categories by being a creole language derived from French and African languages, rather than a standard national or ethnic language."
1092,1030,Hungarian,Content Language: Hungarian,Content Language > Hungarian,2,True,0,"Content that is written, spoken, or produced in the Hungarian language, a Finno-Ugric language spoken primarily in Hungary and surrounding regions.","Hungarian is distinguished from its sibling categories by being the sole Finno-Ugric language in this taxonomy, whereas most siblings are Indo-European languages or represent other distinct language families."
1093,1030,Armenian,Content Language: Armenian,Content Language > Armenian,2,True,0,"Content written in Armenian, the Indo-European language primarily spoken in Armenia and by Armenian diaspora communities worldwide.","Armenian is distinguished from its sibling categories by its unique Indo-European language family classification and its use of the distinctive Armenian alphabet, separating it from the vast majority of sibling languages that belong to other language families or use different writing systems."
1094,1030,Herero,Content Language: Herero,Content Language > Herero,2,True,0,"Content in the Herero language, a Bantu language spoken primarily in Namibia and Botswana by the Herero people.","Herero is distinguished from its siblings as a Bantu language of southern Africa, whereas most siblings are either Indo-European languages, Afro-Asiatic languages, or other language families with different geographic distributions and linguistic structures."
1095,1030,Interlingua,Content Language: Interlingua,Content Language > Interlingua,2,True,0,"Interlingua is a constructed auxiliary language designed for international communication, created in 1951 by the International Auxiliary Language Association based on Romance language vocabulary and simplified grammar.",Interlingua is distinguished from its sibling categories by being a deliberately engineered interlanguage rather than a naturally evolved language with native speakers or distinct ethnic/regional origins.
1096,1030,Indonesian,Content Language: Indonesian,Content Language > Indonesian,2,True,0,"Content in Indonesian language comprises written or spoken material produced in Bahasa Indonesia, the official language of Indonesia and a lingua franca across the Indonesian archipelago.","This category is distinguished from its siblings by identifying content specifically in Indonesian rather than other world languages, including other Austronesian languages like Javanese, Sundanese, Tagalog, or Malay."
1097,1030,Interlingue,Content Language: Interlingue,Content Language > Interlingue,2,True,0,"Interlingue is an artificial auxiliary language created in 1922 designed to be a simplified, easy-to-learn international language based primarily on Romance and Germanic language elements.","Interlingue is distinguished from natural human languages and other constructed languages like Esperanto, Ido, and Volapük by its specific design principles emphasizing maximum intelligibility through systematic use of international vocabulary and regular grammatical patterns derived from major European languages."
1098,1030,Igbo,Content Language: Igbo,Content Language > Igbo,2,True,0,"Content that is written in or primarily uses the Igbo language, a Niger-Congo language spoken by the Igbo people of southeastern Nigeria.","Igbo is distinguished from its sibling categories by being a specific language of the Niger-Congo family from West Africa, rather than languages from other regions or language families represented in the siblings."
1099,1030,Nuosu,Content Language: Nuosu,Content Language > Nuosu,2,True,0,Nuosu is a Sino-Tibetan language spoken primarily by the Yi people in the Liangshan region of southwestern China.,"Nuosu is distinguished from its sibling categories by being the standardized literary form of the Yi language, whereas its siblings represent distinct natural languages from other language families and regions worldwide."
1100,1030,Inupiaq,Content Language: Inupiaq,Content Language > Inupiaq,2,True,0,Inupiaq is an Eskimo-Aleut language spoken by indigenous Inupiat peoples in northern Alaska and northwestern Canada.,"Inupiaq is distinguished from its siblings as a polysynthetic indigenous language of the Arctic region, separate from other Native American languages like Navajo, Cree, and Ojibwe by its linguistic family and distinct from other Inuit languages like Inuktitut and Kalaallisut by its specific regional dialect and speaker community."
1101,1030,Ido,Content Language: Ido,Content Language > Ido,2,True,0,"Ido is an artificial international auxiliary language created in 1907 as a reform of Esperanto, designed to be a neutral means of communication between speakers of different native languages.","Ido differs from its sibling categories by being a constructed language intentionally engineered for international communication, whereas sibling categories represent natural languages that evolved organically within specific speech communities."
1102,1030,Icelandic,Content Language: Icelandic,Content Language > Icelandic,2,True,0,"Content in this category is authored, published, or primarily presented in Icelandic, the official language of Iceland and a North Germanic language spoken by approximately 350,000 native speakers.","Icelandic is distinguished from its sibling categories by being the sole Nordic language in this list that preserved Old Norse grammatical structures and maintained relatively conservative phonological features, setting it apart from related languages like Faroese, Danish, Swedish, and Norwegian."
1103,1030,Italian,Content Language: Italian,Content Language > Italian,2,True,0,"Italian is a Romance language spoken primarily in Italy and among diaspora communities worldwide, used for content creation, communication, and documentation in Italian-speaking regions.","Italian is distinguished from other Romance languages (Spanish, French, Portuguese, Romanian) and non-Romance sibling categories by its specific linguistic features, geographic origin in the Italian peninsula, and distinct phonological and grammatical characteristics."
1104,1030,Inuktitut,Content Language: Inuktitut,Content Language > Inuktitut,2,True,0,"Content in Inuktitut language, the official language of Nunavut and a co-official language in the Northwest Territories and Nunatsiavut, consisting of multiple dialects spoken by Inuit peoples in the Canadian Arctic.","Inuktitut is distinguished from its sibling categories as the only Eskimo-Aleut language in this taxonomy, whereas all other siblings belong to language families spanning Africa, Asia, Europe, and other regions."
1105,1030,Japanese,Content Language: Japanese,Content Language > Japanese,2,True,0,"Japanese is the official language of Japan and a major East Asian language with over 125 million native speakers, characterized by a writing system combining hiragana, katakana, and kanji characters.","Japanese is distinguished from other Asian language siblings (such as Chinese, Korean, Thai, and Vietnamese) by its unique three-part writing system and grammatical structure, and from all other siblings by being the primary language of Japan rather than any other nation or region."
1106,1030,Javanese,Content Language: Javanese,Content Language > Javanese,2,True,0,"Content that is written in Javanese, the Austronesian language spoken primarily in Java, Indonesia.",This category is distinguished from its siblings by identifying content specifically in the Javanese language rather than any other of the world's natural or constructed languages listed.
1107,1030,Georgian,Content Language: Georgian,Content Language > Georgian,2,True,0,"Georgian is a South Caucasian language spoken primarily in the country of Georgia, with its own unique alphabet and grammatical structure.","Georgian is distinguished from its siblings by being the sole representative of the South Caucasian language family, whereas siblings represent languages from Indo-European, Afro-Asiatic, Niger-Congo, Austronesian, Sino-Tibetan, Dravidian, and other language families."
1108,1030,Kongo,Content Language: Kongo,Content Language > Kongo,2,True,0,"Content in the Kongo language, a Bantu language spoken by the Kongo people primarily in the Democratic Republic of the Congo, Republic of the Congo, and Angola.","Kongo is distinguished from its sibling categories by being a specific Bantu language of Central Africa, separate from other African languages like Swahili, Yoruba, and Hausa, and from all non-African languages in the sibling list."
1109,1030,Kikuyu,Content Language: Kikuyu,Content Language > Kikuyu,2,True,0,Kikuyu is a Bantu language spoken primarily by the Kikuyu people in the central highlands of Kenya.,"Kikuyu is distinguished from its sibling categories by being a Bantu language of East Africa, whereas siblings include languages from diverse language families (Indo-European, Afro-Asiatic, Sino-Tibetan, etc.) and geographic regions across the globe."
1110,1030,Kwanyama,Content Language: Kwanyama,Content Language > Kwanyama,2,True,0,Kwanyama is a Bantu language spoken primarily by the Kwanyama people in northern Namibia and southern Angola.,"Kwanyama is distinguished from its sibling categories by being a specific Bantu language of southwestern Africa, whereas siblings represent either distinct language families (Indo-European, Afro-Asiatic, Sino-Tibetan, etc.), other Bantu languages, or constructed/classical languages from different regions."
1111,1030,Kazakh,Content Language: Kazakh,Content Language > Kazakh,2,True,0,"Content that is primarily written, spoken, or produced in Kazakh, the official language of Kazakhstan and a Turkic language spoken across Central Asia.","Kazakh is distinguished from its siblings as a Turkic language primarily associated with Kazakhstan, whereas related Turkic languages like Azerbaijani, Kyrgyz, Turkish, Turkmen, and Uzbek are associated with different geographic regions and have distinct standardized forms."
1112,1030,Kalaallisut,Content Language: Kalaallisut,Content Language > Kalaallisut,2,True,0,"Kalaallisut is the official language of Greenland, an Eskimo-Aleut language spoken primarily in the Arctic regions of Greenland and used in government, education, and daily life.","Kalaallisut is distinguished from its sibling categories by being a Greenlandic Inuit language from the Arctic, whereas its siblings represent languages from diverse geographic regions and language families including African, European, Asian, and indigenous languages from around the world."
1113,1030,Khmer,Content Language: Khmer,Content Language > Khmer,2,True,0,"Khmer is the official language of Cambodia, spoken as a first language by approximately 16 million people and written in the Khmer script, a Southeast Asian abugida system.","Khmer is distinguished from its sibling categories by being the sole Austroasiatic language in this language taxonomy, whereas siblings represent various Indo-European, Sino-Tibetan, Afro-Asiatic, Niger-Congo, and other language families."
1114,1030,Kannada,Content Language: Kannada,Content Language > Kannada,2,True,0,"Content tagged with Kannada language is material written in or primarily expressed through Kannada, a Dravidian language spoken in the Indian state of Karnataka.","Kannada is distinguished from its sibling categories by being a South Indian Dravidian language, whereas most siblings are Indo-European languages (like Hindi, Bengali, or Sanskrit), Sino-Tibetan languages (like Chinese or Tibetan), Austronesian languages (like Javanese or Tagalog), or other language families entirely."
1115,1030,Korean,Content Language: Korean,Content Language > Korean,2,True,0,"Content in the Korean language, including text, documents, media, and other materials written or produced in Korean.","Korean is distinguished from its sibling categories as the language spoken primarily in North and South Korea, using the Hangul writing system, and is classified as a language isolate unrelated to Chinese, Japanese, or other East Asian language families represented among the siblings."
1116,1030,Kanuri,Content Language: Kanuri,Content Language > Kanuri,2,True,0,"Kanuri is a Saharan language spoken primarily in Niger, Nigeria, and Chad by the Kanuri people and their descendants.","Kanuri is distinguished from its siblings by being a Saharan language of Central Africa, whereas most siblings are either major European languages, widely-spoken Asian languages, or languages from other African language families like Niger-Congo or Afro-Asiatic."
1117,1030,Kashmiri,Content Language: Kashmiri,Content Language > Kashmiri,2,True,0,"Kashmiri is an Indo-Aryan language spoken primarily in the Kashmir Valley region of South Asia, serving as the native language of the Kashmiri people.","Kashmiri is distinguished from its siblings by being the specific language of the Kashmir region, rather than the broader languages of the Indian subcontinent (Hindi, Bengali, Urdu, Punjab, etc.) or other Indo-Aryan languages, and it occupies a unique linguistic position between Indic and Persian influences."
1118,1030,Kurdish,Content Language: Kurdish,Content Language > Kurdish,2,True,0,"Kurdish is a Northwestern Iranian language spoken primarily by Kurdish populations across the Middle East, with multiple dialects and written standards.","Kurdish is distinguished from its sibling categories by being a specific language from the Iranian branch of Indo-European languages, whereas its siblings represent distinct languages from various other language families and branches including Semitic, Turkic, Sino-Tibetan, Dravidian, and other language groups."
1119,1030,Komi,Content Language: Komi,Content Language > Komi,2,True,0,"Content that is written or expressed in Komi, a Uralic language spoken primarily in the Komi Republic and surrounding regions of northwestern Russia.","Komi is distinguished from its sibling language categories by its classification as a Uralic language native to the Russian Arctic, rather than Indo-European languages like Russian or neighboring Slavic tongues, or other language families represented in this taxonomy."
1120,1030,Cornish,Content Language: Cornish,Content Language > Cornish,2,True,0,"Content in this category is written in Cornish, a Celtic language historically spoken in Cornwall, England, and currently experiencing a revival as a minority and revitalized language.","Cornish is distinguished from its sibling categories by being the specific Celtic language of Cornwall, whereas other siblings represent either different language families (Germanic, Romance, Slavic, etc.), other Celtic languages (Welsh, Breton, Irish, Scottish Gaelic), or unrelated language groups."
1121,1030,Kyrgyz,Content Language: Kyrgyz,Content Language > Kyrgyz,2,True,0,Kyrgyz is a Turkic language spoken primarily in Kyrgyzstan and by diaspora communities across Central Asia and beyond.,"Kyrgyz is distinguished from its sibling categories by being the primary official language of Kyrgyzstan, whereas siblings represent the national or regional languages of other distinct territories and linguistic communities."
1122,1030,Latin,Content Language: Latin,Content Language > Latin,2,True,0,"Content in this category is written in Latin, the ancient Italic language spoken in the Roman Empire and used as a scholarly and ecclesiastical lingua franca throughout medieval and early modern Europe.","Latin is distinguished from its sibling categories as a dead classical language with no native speakers, whereas most siblings are modern spoken languages, and from Old Church Slavonic, Sanskrit, and Pali as Latin's primary domain was the Western Roman world rather than religious or South Asian contexts."
1123,1030,Luxembourgish,Content Language: Luxembourgish,Content Language > Luxembourgish,2,True,0,"Content written or produced in Luxembourgish, the official language of Luxembourg and a Moselle Franconian dialect spoken primarily in the Grand Duchy of Luxembourg.","Luxembourgish is distinguished from other Germanic languages (like German, Dutch, and Afrikaans) by its status as the national language of Luxembourg and its specific phonological and lexical features of the Moselle Franconian linguistic group."
1124,1030,Ganda,Content Language: Ganda,Content Language > Ganda,2,True,0,"Content in Ganda language comprises written, spoken, or multimedia materials produced in Ganda, the principal language of the Baganda people of Uganda with approximately 4 million native speakers.","Ganda is distinguished from its siblings as a Bantu language of East-Central Africa, whereas most siblings are either Indo-European languages, Sino-Tibetan languages, Afro-Asiatic languages, or other language families from different geographic regions."
1125,1030,Limburgish,Content Language: Limburgish,Content Language > Limburgish,2,True,0,"Limburgish is a Low Franconian language spoken in the Limburg region of the Netherlands, Belgium, and Germany, characterized by its own distinct phonological and grammatical features within the broader Germanic language family.","Limburgish is distinguished from other sibling categories by being a regional Low Franconian language of Western Europe, whereas siblings include other unrelated language families (such as Afro-Asiatic, Niger-Congo, or Sino-Tibetan) and distinct Romance, Celtic, Slavic, and other Germanic languages not classified as Low Franconian."
1126,1030,Lingala,Content Language: Lingala,Content Language > Lingala,2,True,0,"Lingala is a Bantu language spoken primarily in the Democratic Republic of the Congo and the Republic of the Congo, used as a lingua franca in trade, media, and daily communication across the region.","Lingala is distinguished from its sibling categories by being a C30 Bantu language of Central Africa, whereas siblings include unrelated language families from Europe (Romance, Germanic, Slavic), Asia (Sino-Tibetan, Indo-European, Dravidian), and other African regions (Semitic, Cushitic, Nilotic)."
1127,1030,Lao,Content Language: Lao,Content Language > Lao,2,True,0,"Content that is written in or primarily uses the Lao language, a Tai-Kadai language spoken in Laos and northeastern Thailand.","Lao is distinguished from its sibling categories by its specific linguistic identity as a tonal language of Southeast Asia, separate from other Tai languages like Thai and other regional languages in the taxonomy."
1128,1030,Lithuanian,Content Language: Lithuanian,Content Language > Lithuanian,2,True,0,"Lithuanian is a Baltic language spoken primarily in Lithuania, belonging to the Indo-European language family and characterized by its conservative grammatical structure and distinctive phonological features.","Lithuanian is distinguished from its sibling categories by being the sole representative of the Baltic language branch, whereas siblings include other Indo-European families (Romance, Germanic, Slavic, Celtic, Greek, Italic), Uralic languages (Finnish, Hungarian, Estonian), and languages from entirely different families (Afro-Asiatic, Sino-Tibetan, Dravidian, Altaic, Austronesian, and others)."
1129,1030,Luba-Katanga,Content Language: Luba-Katanga,Content Language > Luba-Katanga,2,True,0,Luba-Katanga is a Bantu language spoken primarily in the Katanga region of the Democratic Republic of the Congo.,"This category represents a specific regional Bantu language distinct from other African languages like Swahili, Kongo, Lingala, and Shona, which have different geographic distributions and linguistic characteristics."
1130,1030,Latvian,Content Language: Latvian,Content Language > Latvian,2,True,0,"This category contains content that is written in or primarily presented in Latvian, the official language of Latvia.","Latvian is distinguished from its sibling categories as a Baltic language spoken in Latvia, rather than being a language from other language families such as Slavic (Russian, Polish, Ukrainian), Romance (French, Spanish, Italian), Germanic (German, English, Swedish), or other language groups represented among the siblings."
1131,1030,Malagasy,Content Language: Malagasy,Content Language > Malagasy,2,True,0,"Malagasy is an Austronesian language spoken primarily in Madagascar and by diaspora communities, characterized by grammatical features including verb-initial word order and extensive use of affixes.","Malagasy is distinguished from its sibling categories by being the sole Austronesian language in this collection, while all other siblings represent languages from African, European, Asian, and other language families."
1132,1030,Marshallese,Content Language: Marshallese,Content Language > Marshallese,2,True,0,"Content in this category is written in or represents the Marshallese language, the Austronesian language spoken in the Marshall Islands.","Marshallese is distinguished from its siblings by being the primary language of the Marshall Islands, while other siblings represent distinct languages from different language families and geographic regions worldwide."
1133,1030,Māori,Content Language: Māori,Content Language > Māori,2,True,0,"Content in Māori language, including texts, documents, audio, video, and other media produced in or translated into the Polynesian language spoken primarily in New Zealand.","This category is distinguished from its siblings by representing Māori, the indigenous Austronesian language of New Zealand, rather than any of the other world languages listed as sibling categories."
1134,1030,Macedonian,Content Language: Macedonian,Content Language > Macedonian,2,True,0,"Content written or spoken in Macedonian, a South Slavic language primarily spoken in North Macedonia and diaspora communities.","Macedonian is distinguished from other Slavic languages (Bulgarian, Serbian, Croatian, Slovene, Slovak, Polish, Russian, Ukrainian, Belarusian, Czech) by its specific phonological, morphological, and lexical features, and from other South Slavic languages by its unique grammar and vocabulary."
1135,1030,Malayalam,Content Language: Malayalam,Content Language > Malayalam,2,True,0,"Malayalam is a Dravidian language spoken primarily in Kerala, India, and is written in its own distinct script.","Malayalam is distinguished from its siblings by being a South Indian Dravidian language with its unique script and grammatical structure, separate from the Indo-European languages (like Hindi, Tamil, Telugu) and other language families represented among the siblings."
1136,1030,Mongolian,Content Language: Mongolian,Content Language > Mongolian,2,True,0,"Mongolian is a Mongolic language spoken primarily in Mongolia and by Mongolic peoples across Central and East Asia, featuring agglutinative grammar and traditionally written in the Mongolian script or Cyrillic.","Mongolian is distinguished from its sibling categories by being a language of the Mongolic language family, whereas the siblings represent languages from other language families such as Indo-European, Afro-Asiatic, Niger-Congo, Sino-Tibetan, Austronesian, and others."
1137,1030,Marathi,Content Language: Marathi,Content Language > Marathi,2,True,0,"Content that is written, published, or produced in the Marathi language, a major Indo-Aryan language spoken primarily in Maharashtra state in India.","Marathi is distinguished from its sibling categories by its specific linguistic identity as an Indo-Aryan language of western India, separate from other Indian languages like Hindi, Gujarati, Kannada, Tamil, Telugu, Urdu, Punjabi, and Kashmiri in this list."
1138,1030,Malay,Content Language: Malay,Content Language > Malay,2,True,0,"Malay is an Austronesian language spoken primarily in Malaysia, Brunei, and Singapore, serving as the official language in these regions and as a lingua franca across Southeast Asia.","Malay is distinguished from its sibling categories by being the primary language of Malaysia and the official language of the Malay Sultanates, whereas other siblings represent either geographically distinct languages, languages of different language families, or languages with different primary geographic regions of use."
1139,1030,Maltese,Content Language: Maltese,Content Language > Maltese,2,True,0,"Maltese is a Semitic language spoken primarily in Malta, characterized by a unique blend of Semitic grammar with substantial Romance language vocabulary influence.",Maltese is distinguished from its sibling categories by being the official language of Malta and the only Semitic language among the Romance and Indo-European languages that dominate the sibling list.
1140,1030,Burmese,Content Language: Burmese,Content Language > Burmese,2,True,0,"Content tagged with Burmese language is material written in or primarily presented in the Myanmar language, the official language of Myanmar (formerly Burma) and spoken by the Burmese ethnic majority.","Burmese is distinguished from its sibling categories by its status as a Sino-Tibetan language specific to Myanmar and the Burmese people, rather than being a language of other Southeast Asian, South Asian, European, African, or other linguistic regions represented among the sibling categories."
1141,1030,Nauruan,Content Language: Nauruan,Content Language > Nauruan,2,True,0,Nauruan is an Austronesian language spoken as the official language of the island nation of Nauru in the central Pacific Ocean.,"Nauruan is distinguished from its sibling categories by being the sole language indigenous to Nauru, whereas the other siblings represent languages from diverse geographic regions and language families across Africa, Europe, Asia, and the Americas."
1142,1030,Norwegian Bokmal,Content Language: Norwegian Bokmal,Content Language > Norwegian Bokmal,2,True,0,"Norwegian Bokmål is a standardized written form of Norwegian that emerged in the 19th century as a Norwegianized version of Danish-Norwegian, and is one of two official written standards of the Norwegian language.","Norwegian Bokmål is distinguished from its sibling Norwegian Nynorsk by being the more widely used written standard based on eastern Norwegian dialects, while Nynorsk is a less common standard constructed from rural Norwegian dialects; it differs from Norwegian (which encompasses both standards) by representing specifically the Bokmål variant rather than the language as a whole."
1143,1030,Northern Ndebele,Content Language: Northern Ndebele,Content Language > Northern Ndebele,2,True,0,"Content in Northern Ndebele is written in or translated into Ndebele (Sindebele), a Bantu language spoken primarily in Zimbabwe and South Africa.","Northern Ndebele is distinguished from its sibling Southern Ndebele by geographic origin and linguistic classification, with Northern Ndebele being the language of the Ndebele people of Zimbabwe, while Southern Ndebele is spoken in South Africa."
1144,1030,Nepali,Content Language: Nepali,Content Language > Nepali,2,True,0,"Nepali is an Indo-Aryan language spoken primarily in Nepal and by diaspora communities, written in the Devanagari script.","Nepali is distinguished from its sibling categories by being the sole representative of the Nepali language, while siblings encompass other distinct languages ranging across Africa, Asia, Europe, and the Pacific regions."
1145,1030,Ndonga,Content Language: Ndonga,Content Language > Ndonga,2,True,0,Ndonga is a Bantu language spoken primarily in Namibia by the Ndonga people as their native language.,"Ndonga is distinguished from its sibling categories by being a southwestern Bantu language of the Ovambo group, whereas siblings include languages from other Bantu branches, Indo-European families, Afro-Asiatic, Austronesian, Sino-Tibetan, and other language families across the world."
1146,1030,Dutch,Content Language: Dutch,Content Language > Dutch,2,True,0,"Dutch is a West Germanic language spoken primarily in the Netherlands and Belgium, characterized by its grammatical structure and vocabulary derived from Germanic and Low Franconian roots.","Dutch is distinguished from its sibling categories by being a specific Germanic language with its own ISO 639-1 code (nl), separate from but related to languages like German, Afrikaans, and English."
1147,1030,Norwegian Nynorsk,Content Language: Norwegian Nynorsk,Content Language > Norwegian Nynorsk,2,True,0,"Content written in Norwegian Nynorsk, one of the two official written standards of the Norwegian language, characterized by its grammar, vocabulary, and orthographic conventions.","Norwegian Nynorsk is distinguished from Norwegian Bokmal and other Scandinavian languages by its specific standardized spelling, morphology, and lexical choices that reflect rural and western Norwegian dialects rather than the Danish-influenced urban Oslo standard."
1148,1030,Norwegian,Content Language: Norwegian,Content Language > Norwegian,2,True,0,"Content written primarily in Norwegian, a North Germanic language spoken in Norway.","This category is distinguished from Norwegian Bokmal and Norwegian Nynorsk by encompassing both written standards of Norwegian, while those sibling categories represent the specific standardized forms individually."
1149,1030,Southern Ndebele,Content Language: Southern Ndebele,Content Language > Southern Ndebele,2,True,0,"Southern Ndebele is a Bantu language spoken primarily in South Africa by the Southern Ndebele people, characterized by its distinctive phonological features and noun class system.",This category is distinguished from Northern Ndebele (spoken in Zimbabwe) and other Bantu languages by its specific geographic distribution in the Mpumalanga and Limpopo provinces of South Africa and its particular dialect features.
1150,1030,Navajo,Content Language: Navajo,Content Language > Navajo,2,True,0,"Content primarily produced in, translated into, or specifically about the Navajo language, an Athabaskan language spoken by Navajo people in the southwestern United States.","Navajo is distinguished from its sibling categories by being a Native American language of the Athabaskan family, whereas siblings include major world languages (English, Mandarin, Spanish), European languages (French, German, Polish), African languages (Swahili, Hausa, Yoruba), and other language families and regions globally."
1151,1030,Chichewa,Content Language: Chichewa,Content Language > Chichewa,2,True,0,Chichewa is a Bantu language spoken primarily in Malawi and neighboring regions of Zambia and Mozambique.,"Chichewa is distinguished from its siblings as a Bantu language of Southern Africa, whereas most siblings are either non-Bantu languages, Bantu languages from other regions, or constructed/classical languages."
1152,1030,Occitan,Content Language: Occitan,Content Language > Occitan,2,True,0,"Occitan is a Romance language historically spoken in southern France and parts of Spain, Italy, and Monaco, characterized by its distinctive phonology and grammatical features distinct from French and other regional Romance languages.","Occitan is distinguished from its sibling categories by being a specific Romance language with its own standardized orthography and literary tradition, rather than being another major European or world language, and by its geographic and linguistic position between French and Catalan."
1153,1030,Ojibwe,Content Language: Ojibwe,Content Language > Ojibwe,2,True,0,"This category contains content that is written in or primarily presented in the Ojibwe language, an Anishinaupic Algonquian language spoken by Ojibwe peoples in North America.","Ojibwe is distinguished from its sibling categories by being a Native American language of the Great Lakes and northern plains regions, rather than a language of Europe, Asia, Africa, or other world regions represented among the sibling categories."
1154,1030,Oromo,Content Language: Oromo,Content Language > Oromo,2,True,0,"Content written in Oromo, a Cushitic language spoken primarily in Ethiopia and Kenya.","Oromo is distinguished from its sibling categories by being a Cushitic language of the Afro-Asiatic family, whereas most siblings are from different language families (Indo-European, Sino-Tibetan, Niger-Congo, Austronesian, etc.) or represent other Afro-Asiatic branches like Semitic (Arabic, Hebrew, Amharic) or Berber languages."
1155,1030,Oriya,Content Language: Oriya,Content Language > Oriya,2,True,0,"Content is written in or translated into Oriya (also known as Odia), a Indo-Aryan language spoken primarily in the Indian state of Odisha.","Oriya is distinguished from its sibling categories by its specific linguistic identity as an Eastern Indo-Aryan language, separate from other Indian languages like Hindi, Bengali, Assamese, and Telugu that are represented among the siblings."
1156,1030,Ossetian,Content Language: Ossetian,Content Language > Ossetian,2,True,0,"Content in the Ossetian language, spoken by Ossetian peoples primarily in the North Caucasus region of Russia and South Ossetia.","Ossetian is distinguished from its siblings as an Indo-European language of the Iranian branch, whereas most siblings are from Afro-Asiatic, Sino-Tibetan, Niger-Congo, Austronesian, or other language families."
1157,1030,Punjabi,Content Language: Punjabi,Content Language > Punjabi,2,True,0,"Content in the Punjabi language, including text, audio, and video primarily composed in Punjabi as spoken and written in Punjab and Punjabi diaspora communities.","Punjabi is distinguished from its sibling categories as the only category representing the Indo-Aryan language historically and primarily associated with the Punjab region, using its own script systems (Gurmukhi or Shahmukhi)."
1158,1030,Pali,Content Language: Pali,Content Language > Pali,2,True,0,"Pali is an ancient Indo-Aryan language primarily used as the liturgical and scholarly language of Theravada Buddhism, in which the earliest Buddhist texts and scriptures were composed and transmitted.",Pali is distinguished from its sibling categories by being an extinct classical language of historical and religious significance rather than a modern living language spoken as a primary means of communication by contemporary populations.
1159,1030,Polish,Content Language: Polish,Content Language > Polish,2,True,0,Polish is a language primarily spoken in Poland and represents the West Slavic branch of the Indo-European language family.,"Polish is distinguished from its sibling categories by its specific linguistic classification as a West Slavic language, differentiating it from other Slavic languages (such as Russian, Ukrainian, Czech, Slovak) and all non-Slavic languages in the list."
1160,1030,Pashto,Content Language: Pashto,Content Language > Pashto,2,True,0,"Content in Pashto language, a member of the Indo-Iranian language family primarily spoken in Afghanistan and Pakistan.","Pashto is distinguished from its siblings by being an Indo-Iranian language with a distinct phonological system and vocabulary, whereas sibling categories encompass languages from diverse language families including Sino-Tibetan, Afro-Asiatic, Niger-Congo, Altaic, and Germanic families."
1161,1030,Portuguese,Content Language: Portuguese,Content Language > Portuguese,2,True,0,"Portuguese is a Romance language primarily spoken in Portugal, Brazil, Angola, and other former Portuguese colonies, characterized by its phonetic and grammatical features distinct from other Iberian languages.","Portuguese is distinguished from its sibling categories by its unique phonological system, verb conjugation patterns, and lexical inventory, separating it from Spanish, Galician, and other Romance languages within this language taxonomy."
1162,1030,Quechua,Content Language: Quechua,Content Language > Quechua,2,True,0,"Content in Quechua language is text, audio, video, or other media primarily composed in or translated into Quechua, an indigenous language family spoken in the Andes region of South America.","Quechua is distinguished from its sibling categories by being an indigenous Amerindian language of South America, rather than a European, African, Asian, or other language family represented in the broader Content Language taxonomy."
1163,1030,Romansh,Content Language: Romansh,Content Language > Romansh,2,True,0,"Content in the Romansh language, a Rhaeto-Romance language spoken primarily in the Graubünden region of southeastern Switzerland.","Romansh is distinguished from its siblings by being a minority Romance language of Switzerland with approximately 40,000 speakers, separate from the larger Romance languages like French, Italian, Spanish, and Romanian, and from other regional European languages in this comprehensive language taxonomy."
1164,1030,Kirundi,Content Language: Kirundi,Content Language > Kirundi,2,True,0,"Content in this category is specifically written in or presented in the Kirundi language, a Bantu language primarily spoken in Burundi and parts of Rwanda and the Democratic Republic of Congo.","Kirundi is distinguished from its sibling categories by being the sole category designated for this particular Bantu language, while siblings represent other distinct languages from various language families across Africa, Europe, Asia, and the Pacific."
1165,1030,Romanian,Content Language: Romanian,Content Language > Romanian,2,True,0,"Romanian is a Romance language spoken primarily in Romania and Moldova, characterized by Latin roots with Slavic, Greek, and Turkish influences.","Romanian is distinguished from other Romance languages (Italian, French, Spanish, Portuguese, Catalan, Sardinian, Romansh, Galician, Occitan) by its Eastern European geographic location, distinctive phonological features, and unique preservation of Latin case systems among Romance languages."
1166,1030,Russian,Content Language: Russian,Content Language > Russian,2,True,0,"Content written or expressed primarily in the Russian language, a Slavic language spoken as a native language by Russians and as a lingua franca across much of the former Soviet Union.","Russian is distinguished from other Slavic sibling categories (Belarusian, Bulgarian, Old Church Slavonic, Chuvash, Czech, Ukrainian, Polish, Slovak, Slovene, Serbian, Croatian, Bosnian) by its specific grammatical structures, phonology, and vocabulary, as well as from all other language categories by its use of Cyrillic script and Eastern Slavic linguistic features."
1167,1030,Kinyarwanda,Content Language: Kinyarwanda,Content Language > Kinyarwanda,2,True,0,Kinyarwanda is a Bantu language spoken primarily in Rwanda and among Rwandan diaspora communities as a first and official language.,"Kinyarwanda is distinguished from its siblings by being the primary indigenous language of Rwanda and belonging to the Bantu language family, whereas most siblings are either from different language families (Indo-European, Sino-Tibetan, Afro-Asiatic) or are Bantu languages of different regions (Kikuyu, Lingala, Swahili, Zulu)."
1168,1030,Sanskrit,Content Language: Sanskrit,Content Language > Sanskrit,2,True,0,"Sanskrit is an ancient Indo-European language of India that was the primary literary and scholarly language of classical Hindu, Buddhist, and Jain texts and continues to be used in religious and academic contexts.","Sanskrit is distinguished from its sibling categories by being an ancient, primarily literary language of South Asian origin that belongs to the Indo-European family, whereas siblings represent either modern spoken languages, constructed languages, or languages from other geographic regions and language families."
1169,1030,Sardinian,Content Language: Sardinian,Content Language > Sardinian,2,True,0,"Content written in Sardinian, a Romance language spoken primarily in Sardinia, Italy.","Sardinian is distinguished from other Romance languages by its specific phonological, morphological, and lexical features characteristic of the Sardinian language, and from non-Romance languages by its classification within the Romance language family."
1170,1030,Sindhi,Content Language: Sindhi,Content Language > Sindhi,2,True,0,"Content in Sindhi language, a language spoken primarily in the Sindh region of Pakistan and among Sindhi diaspora communities.","Sindhi is distinguished from its sibling categories by being an Indo-Aryan language of the Sindh region, rather than languages from other geographic regions, language families, or broader linguistic groupings represented among the siblings."
1171,1030,Northern Sami,Content Language: Northern Sami,Content Language > Northern Sami,2,True,0,"Northern Sami is a Uralic language spoken primarily in northern Scandinavia, particularly in northern Norway, Sweden, and Finland.","Northern Sami is distinguished from its siblings by being a Sámi language with significant use in the Sápmi region, whereas most siblings are either major national languages, widely spoken international languages, or languages from different language families entirely."
1172,1030,Sango,Content Language: Sango,Content Language > Sango,2,True,0,"Sango is a Ubangian language spoken primarily in the Central African Republic, serving as a lingua franca and one of the nation's official languages.","Sango is distinguished from its siblings by being the primary language of Central Africa, whereas its sibling categories represent languages from other African regions (Swahili, Yoruba, Zulu), European regions (French, German, English), Asian regions (Japanese, Hindi, Arabic), and constructed languages (Esperanto, Interlingua)."
1173,1030,Sinhala,Content Language: Sinhala,Content Language > Sinhala,2,True,0,"Sinhala is the official language of Sri Lanka, primarily spoken by the Sinhalese people and written in the Sinhala script.","Sinhala is distinguished from its sibling categories by being an Indo-Aryan language specific to Sri Lanka, whereas siblings include other language families (Semitic, Sino-Tibetan, Afro-Asiatic) and broader geographic distributions across Africa, Europe, Asia, and beyond."
1174,1030,Slovak,Content Language: Slovak,Content Language > Slovak,2,True,0,Slovak is a West Slavic language primarily spoken in Slovakia and serves as the official language of that country.,"Slovak is distinguished from other Slavic languages (such as Czech, Polish, Russian, Ukrainian, and Slovene) by its specific phonological, grammatical, and lexical features, and from non-Slavic languages by its membership in the Slavic language family."
1175,1030,Slovene,Content Language: Slovene,Content Language > Slovene,2,True,0,Slovene is a South Slavic language spoken primarily in Slovenia and by Slovenian diaspora communities worldwide.,"Slovene is distinguished from other Slavic siblings (Bulgarian, Belarusian, Russian, Ukrainian, Polish, Czech, Slovak, Serbian, Croatian, Bosnian) by its specific phonological, grammatical, and lexical features characteristic of the South Slavic branch, and from non-Slavic siblings by its classification within the Slavic language family."
1176,1030,Samoan,Content Language: Samoan,Content Language > Samoan,2,True,0,"Samoan is an Austronesian language spoken primarily in Samoa and American Samoa, with significant diaspora communities in New Zealand, Australia, and the United States.","Samoan is distinguished from its sibling categories by being a Polynesian language from the South Pacific, whereas most siblings are either Indo-European languages, Sino-Tibetan languages, or languages from African and Asian continental regions."
1177,1030,Shona,Content Language: Shona,Content Language > Shona,2,True,0,"Content primarily composed in Shona, a Bantu language spoken mainly in Zimbabwe and parts of Mozambique and Botswana.","Shona is distinguished from other language categories by its classification as a Bantu language of Southern Africa, separate from other African languages like Swahili, Yoruba, or Hausa, and from non-African languages in this taxonomy."
1178,1030,Somali,Content Language: Somali,Content Language > Somali,2,True,0,"Content primarily produced in, spoken as a native language in, or linguistically belonging to the Somali language, a Cushitic language spoken in Somalia and surrounding regions.","Somali is distinguished from its sibling categories by being a Cushitic Afro-Asiatic language specific to the Horn of Africa, whereas siblings span unrelated language families across all global regions and include Indo-European, Sino-Tibetan, Niger-Congo, and other distinct linguistic groups."
1179,1030,Albanian,Content Language: Albanian,Content Language > Albanian,2,True,0,"Content written in Albanian, the official language of Albania and a co-official language in Kosovo, North Macedonia, and Serbia.","Albanian is distinguished from other languages by its status as the only surviving member of its own Indo-European language branch, with no particularly close relatives among the sibling categories."
1180,1030,Serbian,Content Language: Serbian,Content Language > Serbian,2,True,0,"Content expressed, published, or composed in the Serbian language, a South Slavic language spoken primarily in Serbia and the region of the former Yugoslavia.","Serbian is distinguished from other Slavic languages (Russian, Polish, Bulgarian, Croatian, Slovene, etc.) by its specific phonological, grammatical, and lexical features, and from its closest relative Croatian by standardized differences in vocabulary, pronunciation, and writing conventions."
1181,1030,Swati,Content Language: Swati,Content Language > Swati,2,True,0,"Content expressed in Swati, a Bantu language spoken primarily in Eswatini and South Africa.","Swati is distinguished from other languages by its specific phonological system, grammar, and vocabulary characteristic of the Swati language (ISO 639-1 code: ss), rather than other Bantu, African, or world languages in this taxonomy."
1182,1030,Southern Sotho,Content Language: Southern Sotho,Content Language > Southern Sotho,2,True,0,"Southern Sotho is a Bantu language spoken primarily in Lesotho and South Africa, belonging to the Sotho-Tswana language group.","This category is distinguished from its siblings by representing a specific Bantu language of southern Africa, separate from other regional languages like Tswana, Xhosa, Zulu, and Swati, and from unrelated language families represented in the broader taxonomy."
1183,1030,Sundanese,Content Language: Sundanese,Content Language > Sundanese,2,True,0,"Content that is written in or primarily uses the Sundanese language, a Western Austronesian language spoken by approximately 40 million people in West Java, Indonesia.","Sundanese is distinguished from its sibling categories by being a specific Austronesian language of Indonesia, separate from related Indonesian languages like Javanese and from unrelated language families represented among the siblings."
1184,1030,Swedish,Content Language: Swedish,Content Language > Swedish,2,True,0,"Content that is primarily written, spoken, or produced in Swedish, the North Germanic language spoken predominantly in Sweden and parts of Finland.","Swedish is distinguished from other Scandinavian and Germanic languages (Danish, Norwegian, German, etc.) by its specific phonological features, grammar rules, and vocabulary derived from North Germanic linguistic traditions."
1185,1030,Swahili,Content Language: Swahili,Content Language > Swahili,2,True,0,"Swahili is a Bantu language spoken primarily in East Africa, particularly in Kenya, Tanzania, and Uganda, and serves as a lingua franca across the region.","Swahili is distinguished from its sibling categories by being a major East African language with significant Bantu linguistic roots, rather than languages from other geographic regions or language families such as Indo-European, Semitic, Sino-Tibetan, or other Afro-Asiatic languages."
1186,1030,Tamil,Content Language: Tamil,Content Language > Tamil,2,True,0,"Tamil is a Dravidian language primarily spoken in southern India, Sri Lanka, and by diaspora communities worldwide, used for content creation, communication, and cultural expression.","Tamil is distinguished from its sibling categories by being a language of the Dravidian language family with its own distinct script and grammar system, separate from the Indo-European, Sino-Tibetan, Afro-Asiatic, Austronesian, and other language families represented among the siblings."
1187,1030,Telugu,Content Language: Telugu,Content Language > Telugu,2,True,0,"Telugu is a Dravidian language spoken primarily in the Indian state of Andhra Pradesh and Telangana, used for content creation, communication, and documentation in that language.","Telugu is distinguished from its sibling categories by being a South Indian Dravidian language with its own distinct script and grammatical structure, separate from Indo-European languages and other language families represented among the siblings."
1188,1030,Tajik,Content Language: Tajik,Content Language > Tajik,2,True,0,"Tajik is a Persian-based language spoken primarily in Tajikistan and parts of Afghanistan and Uzbekistan, written in Cyrillic script.","Tajik differs from its sibling categories as the only Tajik-specific language option, distinct from other Persian varieties (Farsi) and Central Asian Turkic languages (Uzbek, Turkmen, Kyrgyz) also represented in this taxonomy."
1189,1030,Thai,Content Language: Thai,Content Language > Thai,2,True,0,"Thai is a tonal language spoken primarily in Thailand, belonging to the Tai-Kadai language family and written in the Thai script.","Thai is distinguished from its sibling categories by being the official language of Thailand with a unique tonal system and distinct script, separate from other Southeast Asian languages like Lao, Khmer, and Vietnamese, and from all other language families represented in the sibling categories."
1190,1030,Tigrinya,Content Language: Tigrinya,Content Language > Tigrinya,2,True,0,"Tigrinya is a Semitic language spoken primarily in Eritrea and the Tigray region of Ethiopia, characterized by a unique script (Ge'ez) and distinct phonological features within the Semitic language family.","Tigrinya is distinguished from its sibling categories by being the only Semitic language from the Horn of Africa in this taxonomy that serves as an official language in Eritrea, whereas related Semitic languages like Amharic and Arabic represent different geographic and political regions."
1191,1030,Turkmen,Content Language: Turkmen,Content Language > Turkmen,2,True,0,"Content in the Turkmen language, a Turkic language primarily spoken in Turkmenistan and by diaspora communities in Central Asia and the Middle East.","Turkmen is distinguished from sibling categories by being a Turkic language written in the Cyrillic, Latin, or Arabic scripts, while sibling categories encompass all other world languages from various linguistic families and regions."
1192,1030,Tagalog,Content Language: Tagalog,Content Language > Tagalog,2,True,0,"Content tagged with Tagalog language, the official language of the Philippines primarily spoken in the Manila region and used as a lingua franca across the archipelago.","Tagalog is distinguished from other content languages by being specifically the Philippine language standardized as Filipino, rather than other Austronesian languages like Indonesian, Javanese, or Malay, or any of the non-Austronesian languages in the sibling set."
1193,1030,Tswana,Content Language: Tswana,Content Language > Tswana,2,True,0,"Tswana is a Bantu language spoken primarily in Botswana and South Africa, used as both an official and community language by millions of native speakers.","This category is distinguished from its siblings by representing specifically the Tswana language, rather than other African languages like Zulu or Xhosa, or non-African languages like English or Mandarin Chinese in the broader Content Language taxonomy."
1194,1030,Tonga,Content Language: Tonga,Content Language > Tonga,2,True,0,"Content in the Tonga language, which is primarily spoken in the Kingdom of Tonga and by diaspora communities in the Pacific region and beyond.","Tonga is distinguished from its sibling language categories by being a Austronesian language specific to Tongan speakers, rather than languages from African, European, Asian, or other geographic and linguistic families represented in the siblings list."
1195,1030,Turkish,Content Language: Turkish,Content Language > Turkish,2,True,0,"Turkish is a Turkic language primarily spoken in Turkey and Cyprus, characterized by agglutinative grammar and vowel harmony.","Turkish is distinguished from its sibling categories as a Turkic language using the Latin alphabet, separate from other Turkic languages like Azerbaijani, Turkmen, Kazakh, Kyrgyz, and Uzbek, and from non-Turkic languages across other language families represented in the siblings list."
1196,1030,Tsonga,Content Language: Tsonga,Content Language > Tsonga,2,True,0,"Tsonga is a Bantu language spoken primarily in southern Africa, particularly in Mozambique, South Africa, and Eswatini.","Tsonga is distinguished from its sibling categories by being a Bantu language of the S.50 group, whereas most siblings are either Indo-European languages, Sino-Tibetan languages, Niger-Congo languages from non-Bantu groups, or constructed/auxiliary languages."
1197,1030,Tatar,Content Language: Tatar,Content Language > Tatar,2,True,0,"Content in this category consists of text, media, or resources primarily composed in or translated into Tatar, a Turkic language spoken predominantly in Russia's Tatarstan region and diaspora communities.","Tatar is distinguished from its sibling categories by being a Turkic language with Cyrillic orthography, whereas its siblings represent diverse language families including Romance, Germanic, Slavic, Semitic, Sino-Tibetan, Indo-Aryan, Afro-Asiatic, and other linguistic groups with their respective writing systems."
1198,1030,Twi,Content Language: Twi,Content Language > Twi,2,True,0,"Content is primarily composed of text, audio, video, or multimedia materials created in or translated into the Twi language, which is a major language of the Akan group spoken primarily in Ghana.","Twi is distinguished from its sibling categories by its specific linguistic identity as an Akan language with distinct phonology, grammar, and orthography, separate from other African, European, Asian, and constructed languages in the broader Content Language taxonomy."
1199,1030,Tahitian,Content Language: Tahitian,Content Language > Tahitian,2,True,0,"Content written or produced in the Tahitian language, the Austronesian language native to Tahiti and other islands in French Polynesia.","Tahitian is distinguished from its sibling categories by being a Polynesian language spoken in the South Pacific, whereas siblings are languages from other geographic regions and language families such as African, European, Asian, or constructed languages."
1200,1030,Uyghur,Content Language: Uyghur,Content Language > Uyghur,2,True,0,"This category contains content written in Uyghur, a Turkic language primarily spoken in the Xinjiang region of China and diaspora communities.","Uyghur is distinguished from its sibling language categories by being a Turkic language with its own distinct phonology, grammar, and script tradition (historically Arabic script, currently Cyrillic and Latin variants), rather than belonging to other language families represented in the sibling list such as Sino-Tibetan, Indo-European, Afro-Asiatic, or Niger-Congo families."
1201,1030,Ukrainian,Content Language: Ukrainian,Content Language > Ukrainian,2,True,0,"Ukrainian is a content category for textual, audiovisual, or multimedia resources produced in or translated into the Ukrainian language, which is the official language of Ukraine and belongs to the East Slavic language family.","Ukrainian is distinguished from its sibling categories by its specific linguistic identity as an East Slavic language, separate from other Slavic languages like Russian, Polish, Bulgarian, and Czech, and from all non-Slavic languages in the broader language taxonomy."
1202,1030,Urdu,Content Language: Urdu,Content Language > Urdu,2,True,0,"Urdu is an Indo-Aryan language primarily spoken in Pakistan and parts of India, characterized by Persian and Arabic influences in its vocabulary and written in the Perso-Arabic script.","Urdu is distinguished from its sibling categories by being the official language of Pakistan and a scheduled language of India, rather than being the primary or official language of other nations or regions represented in the sibling set."
1203,1030,Uzbek,Content Language: Uzbek,Content Language > Uzbek,2,True,0,"Content written in or translated into Uzbek, a Turkic language spoken primarily in Uzbekistan and surrounding regions.","This category is distinguished from sibling language categories by specifically identifying Uzbek as the language of the content, rather than any other of the 200+ languages represented in the Content Language taxonomy."
1204,1030,Venda,Content Language: Venda,Content Language > Venda,2,True,0,"Content that is written in Venda, a Bantu language primarily spoken in the Limpopo province of South Africa and parts of Zimbabwe.","Venda is distinguished from other sibling language categories by being a Bantu language of southern Africa, separate from other African languages like Swahili, Yoruba, and Igbo, and from non-African languages in the sibling set."
1205,1030,Vietnamese,Content Language: Vietnamese,Content Language > Vietnamese,2,True,0,"Vietnamese is a tonal, monosyllabic language spoken primarily in Vietnam and by diaspora communities, written in the Latin script with diacritical marks.","Vietnamese is distinguished from its siblings by being the primary language of Vietnam, characterized by its tonal phonology and use of the Latin alphabet rather than logographic or other script systems used by geographically or linguistically related languages."
1206,1030,Volapuk,Content Language: Volapuk,Content Language > Volapuk,2,True,0,"Volapük is a constructed international auxiliary language created in 1879 by Johann Martin Schleyer, designed to be easy to learn and promote peace through universal communication.","Volapük differs from its sibling categories as the only completely artificial, systematically invented language, whereas all siblings are natural languages that evolved organically within human communities."
1207,1030,Walloon,Content Language: Walloon,Content Language > Walloon,2,True,0,"Content in Walloon consists of text, media, or other materials created in or translated into Walloon, a Romance language spoken primarily in the Wallonia region of Belgium.","This category is distinguished from its siblings by encompassing only resources in Walloon rather than other individual languages like French, Dutch, German, or other Romance and non-Romance languages listed."
1208,1030,Wolof,Content Language: Wolof,Content Language > Wolof,2,True,0,"Wolof is a Niger-Congo language spoken primarily in Senegal and Gambia, belonging to the Senegambian branch of the Atlantic language family.","Wolof is distinguished from its sibling categories as the sole representative of the Senegambian language group, whereas siblings represent other distinct languages from diverse families across Africa, Europe, Asia, and beyond."
1209,1030,Xhosa,Content Language: Xhosa,Content Language > Xhosa,2,True,0,"Xhosa is a Bantu language spoken primarily by the Xhosa people in South Africa, characterized by its click consonants and tonal phonology.","Xhosa is distinguished from its sibling categories by being a specific Bantu language from southern Africa, separate from other African languages like Zulu, Swahili, and Yoruba, and from all non-African languages in the list."
1210,1030,Yiddish,Content Language: Yiddish,Content Language > Yiddish,2,True,0,"Yiddish is a Germanic language historically spoken by Ashkenazi Jewish communities, incorporating Hebrew, Aramaic, and Slavic elements into a German linguistic base and written in Hebrew script.","Yiddish is distinguished from its sibling categories by its unique fusion of Germanic grammar with Semitic and Slavic vocabulary, its use of the Hebrew alphabet, and its cultural identity as the vernacular language of Ashkenazi Jews rather than a language associated with a specific geographic nation-state."
1211,1030,Yoruba,Content Language: Yoruba,Content Language > Yoruba,2,True,0,"Content in the Yoruba language, a Niger-Congo language spoken primarily in Nigeria and Benin with approximately 45 million native speakers.","Yoruba is distinguished from its siblings as a tonal language from the Volta-Niger branch of Niger-Congo, whereas sibling categories include Indo-European languages (English, Spanish, French), Sino-Tibetan languages (Chinese, Tibetan), Afro-Asiatic languages (Arabic, Amharic), and other African language families like Bantu (Swahili, Zulu)."
1212,1030,Zhuang,Content Language: Zhuang,Content Language > Zhuang,2,True,0,"Content that is written in or primarily uses the Zhuang language, a Tai language spoken by the Zhuang people in southern China.","Zhuang is distinguished from other sibling language categories by being a Tai-Kadai language from China, separate from Chinese, Vietnamese, and other Asian languages in this list."
1213,1030,Chinese,Content Language: Chinese,Content Language > Chinese,2,True,0,"Content in Chinese language, encompassing Mandarin, Cantonese, and all other varieties and dialects of the Chinese language family.","This category is distinguished from all sibling categories as the only category representing languages from the Sino-Tibetan language family and the only category for content originating from mainland China, Taiwan, and Chinese-speaking communities worldwide."
1214,1030,Zulu,Content Language: Zulu,Content Language > Zulu,2,True,0,"Content written or produced in the Zulu language, a Bantu language spoken primarily in South Africa.","This category is distinguished from its siblings by encompassing specifically Zulu-language content, whereas each sibling category represents a different individual language from the global language taxonomy."
1219,,Content Source Geo,Content Source Geo: Content Source Geo,Content Source Geo,1,False,5,"Content that originates from or is primarily focused on a specific geographic location, region, or territory.","This category differs from its siblings by organizing content exclusively by the geographic source or subject area, whereas other sibling categories organize by subject matter (Automotive, Food & Drink), format (Content Channel, Content Media Format), or other dimensions (Content Language, Content Type)."
1220,1219,Continent,Content Source Geo: Continent,Content Source Geo > Continent,2,False,7,Content that originates from or is primarily associated with one of Earth's seven continental landmasses as the most granular geographic origin point.,"This category differs from its siblings by representing the largest land-based geographic divisions, encompassing multiple countries and regions, whereas Country specifies individual nations, Region/State indicates subdivisions within countries, Metro denotes metropolitan areas, and City identifies individual urban centers."
1221,1220,Asia,Content Source Geo: Asia,Content Source Geo > Continent > Asia,3,True,0,"Content that originates from or is primarily associated with countries and territories located on the Asian continent, including East Asia, Southeast Asia, South Asia, Central Asia, and Western Asia.","Asia is distinguished from its sibling continents by its geographic location spanning from the eastern Mediterranean to the Pacific Ocean and from the Arctic to the Indian Ocean, containing the world's largest population and greatest cultural diversity."
1222,1220,Africa,Content Source Geo: Africa,Content Source Geo > Continent > Africa,3,True,0,"Content created by, produced in, published from, or primarily about African nations, regions, territories, and peoples.","This category encompasses the entire African continent and distinguishes itself from other continental source geographies by its geographic boundaries, including all 54 recognized African nations while excluding content sourced from Asia, Europe, North America, South America, and Antarctica."
1223,1220,North America,Content Source Geo: North America,Content Source Geo > Continent > North America,3,True,0,"Content about or originating from the North American continent, including the United States, Canada, Mexico, and Central American countries, along with their territories and dependencies.","This category encompasses all North American geographic origin and subject matter, distinct from Asian, African, South American, European, and Antarctic content sources."
1224,1220,South America,Content Source Geo: South America,Content Source Geo > Continent > South America,3,True,0,"This category encompasses all digital content, media, publications, and data originating from or primarily produced within the South American continent, including the 12 independent nations and associated territories located south of Central America.","This category is distinguished from its siblings by geographic origin within South America's borders, whereas Asia, Africa, North America, and Europe each encompass content from their respective continents, and Antarctica contains content from that polar region."
1225,1220,Antarctica,Content Source Geo: Antarctica,Content Source Geo > Continent > Antarctica,3,True,0,"Antarctica is the southernmost continent, characterized by its ice sheets, polar climate, and lack of permanent human settlements, serving as a location marker for content originating from or primarily about this region.","Antarctica is distinguished from other continents by its absence of recognized sovereign nations, lack of indigenous human populations, and exclusive focus on the Antarctic continent and its immediate surrounding waters, whereas sibling continents contain established countries and diverse human societies."
1226,1220,Europe,Content Source Geo: Europe,Content Source Geo > Continent > Europe,3,True,0,"Europe comprises countries and regions geographically located on the European continent, including both mainland areas and adjacent islands that are politically or culturally considered part of Europe.","Europe is distinguished from its sibling continents by its specific geographic boundaries (primarily the Ural Mountains to the east and the Mediterranean Sea to the south) and includes culturally European nations like Russia (partially), Turkey (partially), and island nations, whereas Asia, Africa, and the Americas represent entirely different continental landmasses."
1227,1220,Antarctica,Content Source Geo: Antarctica,Content Source Geo > Continent > Antarctica,3,True,0,"Content that originates from, is produced in, or primarily concerns activities, research, organizations, or events physically located on the Antarctic continent and its surrounding waters.","Antarctica is distinguished from its sibling continents by being the only category representing a polar region without permanent human settlements, defined by its geographic position south of 60°S latitude, and characterized by international governance under the Antarctic Treaty System rather than national sovereignty."
1228,1219,Country,Content Source Geo: Country,Content Source Geo > Country,2,False,249,"Content classified by the sovereign or internationally recognized country where the material originates, is produced, or is primarily distributed.","This category identifies individual nation-states and territories as distinct geographic units, positioned between broader continental/regional classifications and smaller administrative subdivisions like states, metros, or cities."
1229,1228,Afghanistan,Content Source Geo: Afghanistan,Content Source Geo > Country > Afghanistan,3,True,0,"Content originating from or produced within the geographic boundaries of Afghanistan, a landlocked country in South Asia.","Afghanistan is distinguished from its sibling categories by its specific sovereign territory and borders, separate from neighboring countries such as Pakistan, Iran, Tajikistan, Uzbekistan, Turkmenistan, and China."
1230,1228,Aland Islands,Content Source Geo: Aland Islands,Content Source Geo > Country > Aland Islands,3,True,0,"Content originating from or related to the Åland Islands, an autonomous region consisting of an archipelago of Swedish-speaking islands located in the Baltic Sea between Finland and Sweden.","Åland Islands is distinguished from its sibling countries by being a specific autonomous territory with its own distinct political status, rather than a sovereign nation-state or dependent territory of another country listed separately."
1231,1228,Albania,Content Source Geo: Albania,Content Source Geo > Country > Albania,3,True,0,"This category encompasses content that originates from or is primarily associated with Albania, a country located in Southeast Europe on the Balkan Peninsula.","Albania is distinguished from its sibling country categories by its specific geographic location and political sovereignty as an independent nation-state in the Balkans, rather than being any other recognized country or territory in the world."
1232,1228,Algeria,Content Source Geo: Algeria,Content Source Geo > Country > Algeria,3,True,0,"Algeria is the geographic origin point for content created, produced, published, or primarily sourced from the North African nation located on the Mediterranean coast and Sahara Desert.","Algeria is distinguished from its sibling countries by its specific sovereign territory, which encompasses the Maghreb region bounded by the Mediterranean Sea to the north, Morocco and Western Sahara to the west, Tunisia and Libya to the east, and Mali and Niger to the south."
1233,1228,American Samoa,Content Source Geo: American Samoa,Content Source Geo > Country > American Samoa,3,True,0,"This category contains content that originates from or is primarily associated with American Samoa, a United States unincorporated territory in the South Pacific Ocean.","American Samoa is distinguished from its sibling countries and territories by its specific geographic location in the South Pacific, its status as a U.S. unincorporated territory (rather than an independent nation or different type of territory), and its distinct political and cultural identity separate from the independent nation of Samoa."
1234,1228,Andorra,Content Source Geo: Andorra,Content Source Geo > Country > Andorra,3,True,0,"Content that originates from or is primarily about the Principality of Andorra, a small sovereign state located in the eastern Pyrenees between France and Spain.","Andorra is distinguished from its sibling countries by its specific geographic location and political sovereignty as an independent nation-state, separate from all other countries in the world."
1235,1228,Angola,Content Source Geo: Angola,Content Source Geo > Country > Angola,3,True,0,"Angola is a country located on the southwestern coast of Africa, and this category captures content originating from or specifically about Angola as a geographic source.","Angola is distinguished from its sibling categories by being a single, sovereign nation-state in Southern Africa, whereas siblings encompass all other individual countries, territories, and dependencies across the globe with their own distinct geographic boundaries and political sovereignty."
1236,1228,Anguilla,Content Source Geo: Anguilla,Content Source Geo > Country > Anguilla,3,True,0,"Content originating from or primarily focused on Anguilla, a British Overseas Territory in the eastern Caribbean Sea.","Anguilla is distinguished from its sibling countries by being a small island territory located in the northeastern Caribbean, separate from larger island nations like Antigua and Barbuda or Saint Kitts and Nevis that are geographically nearby."
1237,1228,Antarctica,Content Source Geo: Antarctica,Content Source Geo > Country > Antarctica,3,True,0,"DEFINITION: Content originating from or primarily focused on Antarctica, the southernmost continent and its territories, including research stations, indigenous populations, and activities conducted on the continent and surrounding waters.","BOUNDARY: Antarctica is distinguished from all other country/territory categories by being a continent designated under the Antarctic Treaty System as a territory of scientific interest with no single sovereign nation, whereas all sibling categories represent internationally recognized sovereign states or dependent territories under specific national governance."
1238,1228,Antigua and Barbuda,Content Source Geo: Antigua and Barbuda,Content Source Geo > Country > Antigua and Barbuda,3,True,0,"This category contains content that originates from or is produced in Antigua and Barbuda, a twin-island nation located in the eastern Caribbean Sea.","Antigua and Barbuda is distinguished from its sibling categories by being a specific sovereign state comprising two main islands in the Lesser Antilles, rather than any other country, territory, or geographic region."
1239,1228,Argentina,Content Source Geo: Argentina,Content Source Geo > Country > Argentina,3,True,0,"Content from media, news, websites, broadcasts, or other sources that originate from or are produced within Argentina.","Argentina is distinguished from its sibling country categories by representing only the nation-state of Argentina in South America, rather than any other individual country, territory, or region globally."
1240,1228,Armenia,Content Source Geo: Armenia,Content Source Geo > Country > Armenia,3,True,0,"Content originating from or produced within Armenia, the sovereign nation located in the South Caucasus region of Western Asia.","Armenia is distinguished from its sibling country categories by its specific geographic location and political boundaries, separate from all other nations in the taxonomy."
1241,1228,Aruba,Content Source Geo: Aruba,Content Source Geo > Country > Aruba,3,True,0,"Content originating from Aruba, a constituent country of the Kingdom of the Netherlands located in the southern Caribbean Sea off the coast of Venezuela.","Aruba is distinguished from its sibling country categories by its specific geographic location as a small island nation in the Caribbean with its own distinct political status within the Dutch Kingdom, rather than being part of a larger continental or regional landmass."
1242,1228,Australia,Content Source Geo: Australia,Content Source Geo > Country > Australia,3,True,0,"Content from media organizations, publishers, broadcasters, or other sources physically located in or primarily serving Australia.","Australia is distinguished from other countries by its geographic location in the Southern Hemisphere and Oceania region, encompassing the mainland continent and associated territories like Tasmania."
1243,1228,Austria,Content Source Geo: Austria,Content Source Geo > Country > Austria,3,True,0,"Content in this category originates from or is primarily associated with Austria, a landlocked country in central Europe.","Austria is distinguished from its siblings as the specific Alpine nation bordered by eight countries including Germany, Czech Republic, and Hungary, rather than any other sovereign state or territory."
1244,1228,Azerbaijan,Content Source Geo: Azerbaijan,Content Source Geo > Country > Azerbaijan,3,True,0,"Content that originates from or is produced within the borders of Azerbaijan, a transcontinental country located at the crossroads of Eastern Europe and Western Asia.","Azerbaijan is distinguished from its neighboring countries (Armenia, Georgia, Iran, Russia, and Turkey) and all other sovereign nations by its specific geographic boundaries and political sovereignty as an independent state."
1245,1228,Bahrain,Content Source Geo: Bahrain,Content Source Geo > Country > Bahrain,3,True,0,"Content originating from or produced within the Kingdom of Bahrain, an island nation in the Persian Gulf located off the eastern coast of the Arabian Peninsula.","Bahrain is distinguished from all other country categories by its specific geographic location and political sovereignty as an independent nation-state in the Middle East, separate from neighboring countries like Qatar, Saudi Arabia, and the United Arab Emirates."
1246,1228,Bangladesh,Content Source Geo: Bangladesh,Content Source Geo > Country > Bangladesh,3,True,0,"Content that originates from or is primarily associated with Bangladesh, a South Asian nation located in the eastern part of the Indian subcontinent.","Bangladesh is distinguished from its sibling countries by its specific geographic location and political sovereignty, separating it from neighboring nations like India and Pakistan as well as all other countries worldwide."
1247,1228,Barbados,Content Source Geo: Barbados,Content Source Geo > Country > Barbados,3,True,0,"Content originating from or associated with Barbados, an island nation in the Caribbean region of the Americas.","This category identifies content specifically sourced from Barbados, distinguishing it from other Caribbean nations (such as Antigua and Barbuda, Saint Lucia, or Trinidad and Tobago) and all other countries worldwide."
1248,1228,Belarus,Content Source Geo: Belarus,Content Source Geo > Country > Belarus,3,True,0,"Content that originates from or is primarily associated with Belarus, a sovereign nation located in Eastern Europe bordered by Russia, Ukraine, Poland, Lithuania, and Latvia.","Belarus is distinguished from other country-level categories by its specific geographic and political boundaries as an independent nation-state, rather than being a region, territory, or subdivision of another country."
1249,1228,Belgium,Content Source Geo: Belgium,Content Source Geo > Country > Belgium,3,True,0,"This category contains content that originates from or is primarily associated with Belgium, a Western European nation located between France, the Netherlands, and Germany.","Belgium is distinguished from its sibling country categories by its specific geographic location, political sovereignty, and ISO 3166-1 country code, rather than by any characteristics of the content itself."
1250,1228,Belize,Content Source Geo: Belize,Content Source Geo > Country > Belize,3,True,0,"This category contains content that originates from or is primarily associated with Belize, a Central American nation located on the Caribbean coast between Mexico and Guatemala.","Belize is distinguished from its sibling country categories by its specific geographic location in Central America and its unique status as the only English-speaking country in the region, separating it from neighboring Spanish-speaking nations like Guatemala, Honduras, and Mexico."
1251,1228,Benin,Content Source Geo: Benin,Content Source Geo > Country > Benin,3,True,0,"Content that originates from or is produced within the country of Benin, located in West Africa on the Gulf of Guinea.","Benin is distinguished from its sibling countries by its specific geographic boundaries and political sovereignty as an independent nation-state in West Africa, bordered by Togo, Burkina Faso, Niger, Nigeria, and the Atlantic Ocean."
1252,1228,Bermuda,Content Source Geo: Bermuda,Content Source Geo > Country > Bermuda,3,True,0,"Content originating from or associated with Bermuda, a British Overseas Territory located in the North Atlantic Ocean east of the United States.","Bermuda is distinguished from its sibling countries by being a specific island territory in the Atlantic region, rather than a continental nation, mainland country, or other geographic territory."
1253,1228,Bhutan,Content Source Geo: Bhutan,Content Source Geo > Country > Bhutan,3,True,0,"Content that originates from, is produced in, or is primarily about Bhutan, the kingdom located in the eastern Himalayas between China and India.","Bhutan is distinguished from its sibling countries by its specific geographic location in South Asia, its status as an independent kingdom with unique cultural and political characteristics, and its position between India and China on the Asian continent."
1254,1228,Bolivarian Republic of Venezuela,Content Source Geo: Bolivarian Republic of Venezuela,Content Source Geo > Country > Bolivarian Republic of Venezuela,3,True,0,"Content that originates from or is primarily associated with the Bolivarian Republic of Venezuela, located on the northern coast of South America.","This category is distinguished from its sibling countries by Venezuela's specific geographic location, political sovereignty, and national boundaries, separate from other nations such as Colombia, Guyana, and Brazil that border or neighbor it."
1255,1228,Bolivia,Content Source Geo: Bolivia,Content Source Geo > Country > Bolivia,3,True,0,"Content in this category originates from or is primarily associated with Bolivia, a landlocked country located in central South America.","Bolivia is distinguished from its sibling countries by its specific geographic location and political sovereignty, sharing borders with Brazil, Peru, Chile, Argentina, and Paraguay while maintaining its own distinct national identity and jurisdiction."
1256,1228,"Bonaire, Sint Eustatius and Saba","Content Source Geo: Bonaire, Sint Eustatius and Saba","Content Source Geo > Country > Bonaire, Sint Eustatius and Saba",3,True,0,"Content originating from Bonaire, Sint Eustatius and Saba, three Caribbean islands that form a special municipality of the Kingdom of the Netherlands.","This category is distinguished from other country-level geographic sources by its specific identification of these three Dutch Caribbean islands, separate from other Caribbean nations and territories that appear as individual sibling categories."
1257,1228,Bosnia and Herzegovina,Content Source Geo: Bosnia and Herzegovina,Content Source Geo > Country > Bosnia and Herzegovina,3,True,0,"Content originating from or produced within the borders of Bosnia and Herzegovina, a country located in Southeast Europe on the Balkan Peninsula.","This category is distinguished from its siblings by identifying content specifically from Bosnia and Herzegovina rather than from any other country, territory, or geographic region in the world."
1258,1228,Botswana,Content Source Geo: Botswana,Content Source Geo > Country > Botswana,3,True,0,"Content originating from or primarily focused on Botswana, including news, media, publications, and information sources produced within or about this southern African nation.","Botswana is distinguished from its sibling countries by its specific geographic location in southern Africa, bordered by South Africa, Namibia, Zimbabwe, and Zambia, and is the only country in this taxonomy assigned this particular nation designation."
1259,1228,Bouvet Island,Content Source Geo: Bouvet Island,Content Source Geo > Country > Bouvet Island,3,True,0,"Content originating from or associated with Bouvet Island, an uninhabited Norwegian territory located in the South Atlantic Ocean.","Bouvet Island is distinguished from its sibling countries by being a remote, ice-covered volcanic island with no permanent human population, whereas all other siblings are either inhabited territories or island nations with established populations and governance structures."
1260,1228,Brazil,Content Source Geo: Brazil,Content Source Geo > Country > Brazil,3,True,0,"Content from Brazil includes material originating from, produced in, or specifically about this South American country, regardless of the language or medium of publication.","Brazil is distinguished from its sibling countries by its geographic location in South America and its unique cultural, political, and economic context separate from other nations in the Americas and worldwide."
1261,1228,British Virgin Islands,Content Source Geo: British Virgin Islands,Content Source Geo > Country > British Virgin Islands,3,True,0,"This category contains content originating from or associated with the British Virgin Islands, a Caribbean archipelago comprising Tortola, Virgin Gorda, Anegada, and Jost Van Dyke as primary islands.","British Virgin Islands is distinguished from its sibling countries by being a specific British Overseas Territory located in the eastern Caribbean, separate from the adjacent U.S. Virgin Islands and other Caribbean nations in this taxonomy."
1262,1228,Brunei Darussalam,Content Source Geo: Brunei Darussalam,Content Source Geo > Country > Brunei Darussalam,3,True,0,"Content originating from or primarily associated with Brunei Darussalam, a sovereign state on the island of Borneo in Southeast Asia.","This category is distinguished from its sibling countries by its specific geographic location and political sovereignty, separate from all other nations including nearby Malaysia and Indonesia."
1263,1228,Bulgaria,Content Source Geo: Bulgaria,Content Source Geo > Country > Bulgaria,3,True,0,"Content in this category originates from or is produced in Bulgaria, a country located in Southeast Europe on the eastern Balkans Peninsula.","Bulgaria is distinguished from its sibling country categories by being specifically the sovereign state with capital in Sofia, bordered by Romania, Serbia, North Macedonia, Greece, Turkey, and the Black Sea, rather than any other nation or territory."
1264,1228,Burkina Faso,Content Source Geo: Burkina Faso,Content Source Geo > Country > Burkina Faso,3,True,0,"Content originating from or produced within Burkina Faso, a landlocked West African nation.","This category is distinguished from its sibling countries by geographic boundaries and political sovereignty, capturing content specific to Burkina Faso rather than any other nation-state listed."
1265,1228,Burundi,Content Source Geo: Burundi,Content Source Geo > Country > Burundi,3,True,0,"Content originating from or attributed to Burundi, a landlocked country in East-Central Africa bordered by Rwanda, Tanzania, and the Democratic Republic of the Congo.",This category is distinguished from its sibling categories by identifying content specifically associated with Burundi rather than any other individual nation or territory globally.
1266,1228,Cabo Verde,Content Source Geo: Cabo Verde,Content Source Geo > Country > Cabo Verde,3,True,0,"Content originating from or related to Cabo Verde, an island nation located off the west coast of Africa in the Atlantic Ocean.","Cabo Verde is distinguished from its sibling countries by its specific geographic location as an archipelago in the Atlantic Ocean and its distinct national identity, separate from other African nations, island territories, and overseas dependencies."
1267,1228,Cambodia,Content Source Geo: Cambodia,Content Source Geo > Country > Cambodia,3,True,0,"Content originating from or produced within the geographical boundaries and jurisdiction of the Kingdom of Cambodia, a Southeast Asian nation.","Cambodia is distinguished from its sibling country categories by its specific sovereign territory in Southeast Asia, bordered by Thailand, Laos, and Vietnam, making it distinct from all other nations in the geographical taxonomy."
1268,1228,Cameroon,Content Source Geo: Cameroon,Content Source Geo > Country > Cameroon,3,True,0,"Content originating from or related to the Central African country of Cameroon, located on the west coast of Central Africa bordering the Atlantic Ocean.","Cameroon is distinguished from its sibling countries by its unique geographic position in Central Africa and its specific national borders, rather than by any characteristics it shares with other African or global nations."
1269,1228,Canada,Content Source Geo: Canada,Content Source Geo > Country > Canada,3,True,0,"Content originating from or primarily associated with Canada, including media, publications, broadcasts, and digital content produced within Canadian borders or by Canadian entities.","Canada is distinguished from its sibling categories by representing the sovereign nation located in North America north of the United States, separate from other countries and territories regardless of geographic proximity or political affiliation."
1270,1228,Chad,Content Source Geo: Chad,Content Source Geo > Country > Chad,3,True,0,Content originating from or produced within the landlocked Sahel nation of Chad in Central Africa.,"Chad is distinguished from its siblings by its specific geographic location as a sovereign nation in the Sahel region, bordered by Libya, Niger, Nigeria, Cameroon, Central African Republic, and Sudan, rather than being any other country or territory."
1271,1228,Chile,Content Source Geo: Chile,Content Source Geo > Country > Chile,3,True,0,"Content in this category originates from or is primarily associated with Chile, a South American nation located along the western coast of the continent.","Chile is distinguished from its sibling country categories by representing a specific sovereign nation with defined geographic and political boundaries, rather than regions, territories, or other geopolitical entities."
1272,1228,China,Content Source Geo: China,Content Source Geo > Country > China,3,True,0,"Content originating from or distributed by sources within the People's Republic of China, including mainland territories under the Chinese government's administration.","China is distinguished from its geographically proximate siblings Taiwan (Province of China), Hong Kong, and Macao by encompassing only mainland Chinese territory and sources directly controlled by the central government in Beijing."
1273,1228,Christmas Island,Content Source Geo: Christmas Island,Content Source Geo > Country > Christmas Island,3,True,0,"Content sourced from or produced within Christmas Island, an Australian external territory located in the Indian Ocean southeast of Indonesia.","Christmas Island is distinguished from its siblings as a specific geopolitical entity and territory, separate from mainland Australia and other nations or dependent territories in the geographic hierarchy."
1274,1228,Colombia,Content Source Geo: Colombia,Content Source Geo > Country > Colombia,3,True,0,"Content in this category originates from or is produced within the country of Colombia, located in northwestern South America.","Colombia is distinguished from its sibling countries by its specific geographic location and political boundaries, making it distinct from all other nations in the taxonomy including its South American neighbors like Ecuador, Peru, and Venezuela."
1275,1228,Costa Rica,Content Source Geo: Costa Rica,Content Source Geo > Country > Costa Rica,3,True,0,"Content from Costa Rica belongs in this category, including material produced, published, or primarily relevant to the Central American nation of Costa Rica.",This category is distinguished from its siblings by identifying content specifically associated with Costa Rica rather than any other country or territory in the world.
1276,1228,Cote d'Ivoire,Content Source Geo: Cote d'Ivoire,Content Source Geo > Country > Cote d'Ivoire,3,True,0,"Content originating from or primarily focused on Côte d'Ivoire, a West African nation on the Gulf of Guinea.","This category is distinguished from sibling countries by its specific geographic boundaries and political sovereignty as an independent nation-state in West Africa, separate from neighboring countries like Ghana, Liberia, Mali, Burkina Faso, and Guinea."
1277,1228,Croatia,Content Source Geo: Croatia,Content Source Geo > Country > Croatia,3,True,0,"Content in this category originates from or is primarily associated with Croatia, a country located in Southeast Europe on the Balkan Peninsula and along the Adriatic Sea coast.","Croatia is distinguished from its sibling countries by its specific geographic location and political sovereignty as an independent nation-state in the Balkans, separate from neighboring countries such as Bosnia and Herzegovina, Serbia, Slovenia, and Hungary."
1278,1228,Cuba,Content Source Geo: Cuba,Content Source Geo > Country > Cuba,3,True,0,"Content that originates from or is produced in Cuba, the Caribbean island nation located approximately 90 miles south of Florida.","Cuba is distinguished from its sibling country categories by its specific geographic location as an independent island nation in the Caribbean, rather than being any other country in the world."
1279,1228,Curaçao,Content Source Geo: Curaçao,Content Source Geo > Country > Curaçao,3,True,0,"Content that originates from or is associated with Curaçao, an island nation in the southern Caribbean Sea that is an autonomous country within the Kingdom of the Netherlands.","Curaçao is distinguished from its sibling countries by its specific geographic location as a Caribbean island off the coast of Venezuela and its political status as a constituent country of the Kingdom of the Netherlands, rather than being an independent nation or territory of another sovereign state."
1280,1228,Cyprus,Content Source Geo: Cyprus,Content Source Geo > Country > Cyprus,3,True,0,"Content from this category consists of material that originates from or is primarily associated with Cyprus, an island nation in the Eastern Mediterranean Sea.","This category is distinguished from its siblings by identifying Cyprus specifically, rather than any other sovereign nation or territory in the world."
1281,1228,Czechia,Content Source Geo: Czechia,Content Source Geo > Country > Czechia,3,True,0,"Content originating from or produced within the geographic boundaries of the Czech Republic, a Central European nation.","Czechia is distinguished from its siblings as a specific sovereign country in Central Europe, separate from neighboring countries like Slovakia, Poland, Austria, and Germany, and distinct from all other nations in the world by its unique political jurisdiction and borders."
1282,1228,Denmark,Content Source Geo: Denmark,Content Source Geo > Country > Denmark,3,True,0,"Content sourced from within the borders of Denmark, a Nordic country in Northern Europe comprising the Jutland Peninsula and numerous islands, including Greenland and the Faroe Islands as constituent territories.",Denmark is distinguished from other European countries by its specific geographic location in Scandinavia and is distinguished from its non-Nordic and non-European sibling categories by its unique position as a Nordic EU member state with autonomous overseas territories.
1283,1228,Djibouti,Content Source Geo: Djibouti,Content Source Geo > Country > Djibouti,3,True,0,"Content that originates from or is produced within the country of Djibouti, located in the Horn of Africa at the intersection of the Red Sea and Gulf of Aden.","Djibouti is distinguished from its sibling countries by its specific geographic location, sovereignty, and borders, rather than by content type, language, or regional grouping."
1284,1228,Dominica,Content Source Geo: Dominica,Content Source Geo > Country > Dominica,3,True,0,"Content originating from or produced in Dominica, the island nation located in the Caribbean region.","Dominica is distinguished from its sibling countries by being a specific sovereign state in the Eastern Caribbean, separate from other island nations like Grenada, Saint Lucia, and Montserrat that occupy different Caribbean locations."
1285,1228,Ecuador,Content Source Geo: Ecuador,Content Source Geo > Country > Ecuador,3,True,0,"Content that originates from or is primarily associated with Ecuador, a country located on the northwestern coast of South America straddling the equator.","Ecuador is distinguished from its neighboring South American countries (Colombia, Peru) and all other geographies by its specific national boundaries and sovereign territory."
1286,1228,Egypt,Content Source Geo: Egypt,Content Source Geo > Country > Egypt,3,True,0,"Content from Egypt includes material originated, produced, published, or primarily distributed within the geographical boundaries of the Arab Republic of Egypt, including its terrestrial and maritime territories.","Egypt is distinguished from its sibling country categories by its specific geographic location in North Africa at the intersection of Africa and the Middle East, bordered by Libya to the west, Sudan to the south, and the Mediterranean and Red Seas to the north and east."
1287,1228,El Salvador,Content Source Geo: El Salvador,Content Source Geo > Country > El Salvador,3,True,0,"Content originating from or geographically associated with El Salvador, a Central American nation located between Guatemala and Honduras on the Pacific coast.","El Salvador is distinguished from its sibling countries by its specific geographic location in Central America and its unique national boundaries, rather than being identified with any other sovereign nation in the world."
1288,1228,Equatorial Guinea,Content Source Geo: Equatorial Guinea,Content Source Geo > Country > Equatorial Guinea,3,True,0,"Content originating from or specifically about Equatorial Guinea, a Central African nation located on the west coast of the continent with both mainland and island territories.","This category is distinguished from its siblings by identifying Equatorial Guinea as the specific geographic source, rather than any of the other 249 countries and territories listed."
1289,1228,Eritrea,Content Source Geo: Eritrea,Content Source Geo > Country > Eritrea,3,True,0,"Content originating from or produced within the geographic boundaries and jurisdictions of Eritrea, a sovereign nation located in the Horn of Africa on the Red Sea coast.","Eritrea is distinguished from its sibling countries by its specific territorial sovereignty and borders, separate from neighboring nations such as Ethiopia, Djibouti, and Sudan."
1290,1228,Estonia,Content Source Geo: Estonia,Content Source Geo > Country > Estonia,3,True,0,"Content originating from or primarily associated with Estonia, a Baltic nation in Northern Europe on the eastern shore of the Baltic Sea.","Estonia is distinguished from its sibling countries by its specific geographic location and political sovereignty, with its boundaries defined by international recognition as an independent nation-state rather than a territory, region, or dependency of another country."
1291,1228,Ethiopia,Content Source Geo: Ethiopia,Content Source Geo > Country > Ethiopia,3,True,0,"Content that originates from, is produced in, or is primarily about Ethiopia, a country located in the Horn of Africa in East Africa.","Ethiopia is distinguished from its neighboring African countries (Kenya, Uganda, Somalia, Djibouti, Eritrea, and Sudan) and all other geographically distant nations by its specific national borders and political sovereignty."
1292,1228,Federated States of Micronesia,Content Source Geo: Federated States of Micronesia,Content Source Geo > Country > Federated States of Micronesia,3,True,0,"Content originating from or produced within the Federated States of Micronesia, an independent island nation in the western Pacific Ocean comprising four states: Chuuk, Kosrae, Pohnpei, and Yap.","This category is distinguished from its sibling countries by identifying content specifically sourced from the Federated States of Micronesia rather than from other Pacific island nations (such as Palau, Marshall Islands, Kiribati, or Nauru) or any other country globally."
1293,1228,Fiji,Content Source Geo: Fiji,Content Source Geo > Country > Fiji,3,True,0,"Content originating from or produced in the Republic of Fiji, a sovereign island nation in the South Pacific Ocean comprising more than 300 islands.","Fiji is distinguished from other island nations by its specific geographic location in the South Pacific (as opposed to Caribbean islands like Barbados or Jamaica, or other Pacific islands like Samoa or Tonga) and its status as an independent nation with defined political boundaries."
1294,1228,Finland,Content Source Geo: Finland,Content Source Geo > Country > Finland,3,True,0,"Content from Finland belongs in this category when the source, origin, or primary geographic focus of the content is associated with Finland, including its territory, institutions, and residents.","Finland is distinguished from its sibling countries by its specific national borders and sovereignty, occupying a distinct position in Northern Europe between Sweden and Russia, separate from all other countries listed."
1295,1228,France,Content Source Geo: France,Content Source Geo > Country > France,3,True,0,"Content sourced from, produced in, or primarily associated with the French nation-state, including materials created by French organizations, entities, or individuals operating within France's territorial borders.","France is distinguished from other European countries (such as Germany, Spain, or Belgium) and from French-speaking territories outside mainland France (such as French Guiana, Guadeloupe, or Reunion) by its status as a sovereign European nation with defined borders in Western Europe."
1296,1228,French Guiana,Content Source Geo: French Guiana,Content Source Geo > Country > French Guiana,3,True,0,"Content originating from or primarily associated with French Guiana, an overseas collectivity of France located on the northeastern coast of South America.","French Guiana is distinguished from its neighboring countries Suriname and Guyana by its status as a French territory, and from other French overseas territories by its specific geographic location in mainland South America."
1297,1228,French Polynesia,Content Source Geo: French Polynesia,Content Source Geo > Country > French Polynesia,3,True,0,"Content originating from or attributed to French Polynesia, an overseas collectivity of France located in the South Pacific Ocean comprising five archipelagos including the Society Islands, Marquesas, and Tuamotu Archipelago.","French Polynesia is distinguished from other Pacific island nations and territories by its status as a French overseas collectivity and by its specific geographic location and constituent island groups, rather than by being an independent sovereign state like Samoa or Fiji, or by being a different overseas territory like New Caledonia or Wallis and Futuna."
1298,1228,Gabon,Content Source Geo: Gabon,Content Source Geo > Country > Gabon,3,True,0,"Content that originates from or is primarily associated with Gabon, a Central African country located on the Atlantic coast between Cameroon and the Republic of the Congo.",This category is distinguished from its sibling country categories by applying exclusively to content sourced from Gabon rather than from any other sovereign nation or territory in the world.
1299,1228,Georgia,Content Source Geo: Georgia,Content Source Geo > Country > Georgia,3,True,0,"Content originating from or geographically associated with Georgia, a country located at the intersection of Western Asia and Eastern Europe in the South Caucasus region.","Georgia is distinguished from its sibling countries by its specific geographic location in the South Caucasus between the Black Sea and the Caspian Sea, bordered by Russia to the north and Turkey and Armenia to the south."
1300,1228,Germany,Content Source Geo: Germany,Content Source Geo > Country > Germany,3,True,0,"Content originating from or produced within the sovereign nation of Germany, located in Central Europe and a member state of the European Union.","Germany is distinguished from other European countries by its specific geographic borders, political jurisdiction, and national identity, separating it from neighboring nations such as Austria, France, Poland, and Denmark, as well as all non-European countries in the taxonomy."
1301,1228,Ghana,Content Source Geo: Ghana,Content Source Geo > Country > Ghana,3,True,0,"Content originating from or primarily associated with Ghana, a West African nation on the Gulf of Guinea.","Ghana is distinguished from its neighboring African countries (Cote d'Ivoire, Burkina Faso, Togo, Benin) and all other geographies by its specific national borders and sovereign territory."
1302,1228,Gibraltar,Content Source Geo: Gibraltar,Content Source Geo > Country > Gibraltar,3,True,0,"Content sourced from or originating in Gibraltar, a British Overseas Territory located on the southern tip of the Iberian Peninsula at the entrance to the Mediterranean Sea.","Gibraltar is distinguished from its sibling countries by being a specific British Overseas Territory with its own distinct governance and identity, rather than an independent sovereign nation or other type of geopolitical entity."
1303,1228,Greece,Content Source Geo: Greece,Content Source Geo > Country > Greece,3,True,0,"Content in this category originates from Greece, a country in southeastern Europe on the Balkan Peninsula and various Greek islands in the Mediterranean and Aegean Seas.","This category is distinguished from its siblings by being specific to Greece alone, whereas sibling categories each represent different individual sovereign nations or territories with their own distinct geographic boundaries and jurisdictions."
1304,1228,Greenland,Content Source Geo: Greenland,Content Source Geo > Country > Greenland,3,True,0,"Content originating from or related to Greenland, the Danish autonomous territory located in the North Atlantic between the Arctic and Atlantic Oceans.","Greenland is distinguished from its sibling countries and territories by its specific geographic location in the North Atlantic, its status as an autonomous territory of Denmark, and its Arctic geography."
1305,1228,Grenada,Content Source Geo: Grenada,Content Source Geo > Country > Grenada,3,True,0,"Content originating from or relating to the island nation of Grenada, located in the southeastern Caribbean Sea.","Grenada is distinguished from its sibling countries by being a specific sovereign state in the Caribbean region, whereas siblings include all other individual nations and territories across Africa, Asia, Europe, Americas, and Oceania."
1306,1228,Guadeloupe,Content Source Geo: Guadeloupe,Content Source Geo > Country > Guadeloupe,3,True,0,"Content originating from or produced within Guadeloupe, an archipelago in the Caribbean that is an overseas department of France.","Guadeloupe is distinguished from other Caribbean nations and territories by its status as a French overseas department and its specific geographic location in the Lesser Antilles, rather than being an independent nation, another European territory, or located in a different region."
1307,1228,Guam,Content Source Geo: Guam,Content Source Geo > Country > Guam,3,True,0,"Content originating from or directly related to Guam, an unincorporated territory of the United States located in the western Pacific Ocean.","Guam is distinguished from other Pacific island territories and nations by its specific political status as a U.S. territory and its geographic location in Micronesia, separate from independent Pacific island nations like Fiji or Samoa and from other U.S. territories like American Samoa or the Northern Mariana Islands."
1308,1228,Guatemala,Content Source Geo: Guatemala,Content Source Geo > Country > Guatemala,3,True,0,"Content belonging to this category originates from or is primarily associated with Guatemala, a Central American nation bordered by Mexico, Belize, Honduras, and El Salvador.","Guatemala is distinguished from its siblings by its specific geographic location and political boundaries as an independent nation-state in Central America, separate from other countries in the region such as Honduras, El Salvador, and Belize."
1309,1228,Guernsey,Content Source Geo: Guernsey,Content Source Geo > Country > Guernsey,3,True,0,"Content originating from or attributed to the island territory of Guernsey, a British Crown Dependency located in the English Channel between Great Britain and France.","Guernsey is distinguished from other jurisdictions by being a specific Crown Dependency with its own government and legal system, separate from the United Kingdom and other Channel Islands like Jersey, while also being distinct from all other sovereign nations and territories listed as sibling categories."
1310,1228,Guinea,Content Source Geo: Guinea,Content Source Geo > Country > Guinea,3,True,0,"Content originating from or related to the West African nation of Guinea, including media, publications, broadcasts, and digital content produced within its borders or by its citizens and institutions.","Guinea is distinguished from its neighboring West African countries (Guinea-Bissau, Senegal, Mali, Côte d'Ivoire, Liberia, and Sierra Leone) and from Equatorial Guinea, which is a separate Central African nation with a different colonial history and language."
1311,1228,Guinea-Bissau,Content Source Geo: Guinea-Bissau,Content Source Geo > Country > Guinea-Bissau,3,True,0,"Content originating from or primarily related to Guinea-Bissau, a West African nation located on the Atlantic coast between Senegal and Guinea.",Guinea-Bissau is distinguished from its neighboring African countries by its specific geographic boundaries and distinct political jurisdiction as an independent nation-state.
1312,1228,Guyana,Content Source Geo: Guyana,Content Source Geo > Country > Guyana,3,True,0,"Content originating from or produced by organizations, media outlets, or creators based in Guyana, a South American nation on the Atlantic coast.","Guyana is distinguished from its siblings by being a specific sovereign nation-state, separate from other Caribbean and South American countries like Suriname, French Guiana, and Venezuela, as well as island nations and territories in the Caribbean region."
1313,1228,Haiti,Content Source Geo: Haiti,Content Source Geo > Country > Haiti,3,True,0,"Content originating from or related to the Caribbean nation of Haiti, including media, publications, broadcasts, and other materials produced by Haitian sources or primarily distributed within Haiti.","Haiti is distinguished from its neighboring Caribbean island nations (such as The Dominican Republic, Jamaica, Cuba, and others in the region) by its specific geographic location on the western third of Hispaniola and its unique cultural, linguistic, and historical identity."
1314,1228,Heard Island and McDonald Islands,Content Source Geo: Heard Island and McDonald Islands,Content Source Geo > Country > Heard Island and McDonald Islands,3,True,0,"Content from Heard Island and McDonald Islands, an Australian external territory in the southern Indian Ocean, belongs in this category.",This category is distinguished from its siblings by representing a specific uninhabited subantarctic island territory rather than a sovereign nation or more populous dependent territory.
1315,1228,Honduras,Content Source Geo: Honduras,Content Source Geo > Country > Honduras,3,True,0,"Content originating from or primarily associated with Honduras, a Central American nation bordered by Guatemala, El Salvador, and Nicaragua.","Honduras is distinguished from its neighboring Central American countries (Guatemala, El Salvador, Nicaragua, Belize, Costa Rica, and Panama) and from all other sovereign nations by its specific geographic and political boundaries as an independent state in the region."
1316,1228,Hong Kong,Content Source Geo: Hong Kong,Content Source Geo > Country > Hong Kong,3,True,0,"Content originating from or primarily associated with Hong Kong, the special administrative region of China located on the southern coast of the Pearl River Delta.","Hong Kong is distinguished from China and Macao by its separate political status as a special administrative region, and from other Asian countries by its specific geographic location and territorial boundaries."
1317,1228,Hungary,Content Source Geo: Hungary,Content Source Geo > Country > Hungary,3,True,0,"Content originating from or produced within the borders of Hungary, a Central European nation located in the Carpathian Basin.","Hungary is distinguished from its sibling countries by its specific geographic location in Central Europe and its national boundaries, separate from neighboring nations such as Austria, Slovakia, Romania, Serbia, Croatia, Slovenia, and Ukraine."
1318,1228,Iceland,Content Source Geo: Iceland,Content Source Geo > Country > Iceland,3,True,0,Content from Iceland belongs in this category when it originates from or is specifically about this island nation located in the North Atlantic Ocean.,"Iceland is distinguished from its sibling countries by its specific geographic location, sovereign political status, and unique cultural and linguistic identity as a Nordic island nation."
1319,1228,India,Content Source Geo: India,Content Source Geo > Country > India,3,True,0,"Content originating from or produced within the geographical boundaries of the Republic of India, a sovereign nation in South Asia.","India is distinguished from its sibling country categories by its specific geopolitical borders, which exclude neighboring nations like Pakistan, Bangladesh, Nepal, and Bhutan, while encompassing the Indian subcontinent's distinct political jurisdiction."
1320,1228,Indonesia,Content Source Geo: Indonesia,Content Source Geo > Country > Indonesia,3,True,0,"DEFINITION: Content that originates from or is primarily associated with Indonesia, a Southeast Asian archipelago nation comprising thousands of islands spanning from the Indian Ocean to the Pacific Ocean.","BOUNDARY: This category is distinguished from its sibling countries by capturing content specific to Indonesia's geography, culture, politics, and economy, while excluding content from other sovereign nations listed as siblings, including neighboring countries like Malaysia, the Philippines, and Papua New Guinea."
1321,1228,Iraq,Content Source Geo: Iraq,Content Source Geo > Country > Iraq,3,True,0,"Content originating from or produced within the geographical boundaries of Iraq, a Western Asian country in the Fertile Crescent region.","Iraq is distinguished from its sibling country categories by its specific geographic location in Western Asia, bordered by Turkey, Iran, Kuwait, Saudi Arabia, Jordan, and Syria, rather than any other sovereign nation's territory."
1322,1228,Ireland,Content Source Geo: Ireland,Content Source Geo > Country > Ireland,3,True,0,"Content originating from or primarily associated with the Republic of Ireland, located on the island of Ireland in Northwestern Europe.","Ireland is distinguished from the United Kingdom by its status as an independent sovereign nation, and from Northern Ireland by its separate political jurisdiction and governance structure."
1323,1228,Islamic Republic of Iran,Content Source Geo: Islamic Republic of Iran,Content Source Geo > Country > Islamic Republic of Iran,3,True,0,"Content originating from or produced within the territorial boundaries and jurisdictional authority of the Islamic Republic of Iran, including media, publications, broadcasts, and digital materials created by Iranian entities.","This category is distinguished from its siblings by identifying Iran specifically as the geographic source, rather than any other sovereign nation or territory listed in the complete country taxonomy."
1324,1228,Isle of Man,Content Source Geo: Isle of Man,Content Source Geo > Country > Isle of Man,3,True,0,"Content created, published, or primarily distributed by media organizations, publishers, broadcasters, or digital platforms based in or operating from the Isle of Man.","Isle of Man is distinguished from other jurisdictions by its status as a self-governing British Crown Dependency located in the Irish Sea between Great Britain and Ireland, rather than as a sovereign nation, British Overseas Territory, or constituent country of the United Kingdom."
1325,1228,Israel,Content Source Geo: Israel,Content Source Geo > Country > Israel,3,True,0,"Content from Israel includes material originating from, produced in, or primarily associated with the State of Israel, including its territories and regions.","Israel is distinguished from its sibling countries by its specific geographic location in Western Asia and its unique geopolitical boundaries, separate from neighboring countries such as Palestine, Jordan, Lebanon, Syria, and Egypt."
1326,1228,Italy,Content Source Geo: Italy,Content Source Geo > Country > Italy,3,True,0,"Content originating from or primarily associated with Italy, a Southern European country located on the Mediterranean peninsula, including materials produced within its borders or by Italian entities.","Italy is distinguished from its sibling countries by its specific geographic location in Southern Europe, its distinct political boundaries as a sovereign nation-state, and its unique cultural and administrative jurisdiction separate from neighboring countries like France, Switzerland, Austria, and Slovenia."
1327,1228,Jamaica,Content Source Geo: Jamaica,Content Source Geo > Country > Jamaica,3,True,0,"Content originating from or primarily associated with Jamaica, the Caribbean island nation located south of Cuba and west of Haiti.",Jamaica is distinguished from its sibling countries by its specific geographic location and political sovereignty as an independent nation-state in the Caribbean region.
1328,1228,Japan,Content Source Geo: Japan,Content Source Geo > Country > Japan,3,True,0,"Content originating from or primarily associated with Japan, including media, publications, broadcasts, and digital content produced by Japanese creators, organizations, or entities within Japanese territory.","Japan is distinguished from all other country categories by its specific geographic and political boundaries as an island nation in East Asia, separate from neighboring countries such as China, South Korea, and Russia."
1329,1228,Jersey,Content Source Geo: Jersey,Content Source Geo > Country > Jersey,3,True,0,"Content from Jersey includes material created, published, or primarily distributed by sources located in the Channel Islands territory of Jersey.","Jersey is distinguished from other countries as a British Crown Dependency with its own legal system and governance, separate from The United Kingdom and other nearby territories like Guernsey and Isle of Man."
1330,1228,Jordan,Content Source Geo: Jordan,Content Source Geo > Country > Jordan,3,True,0,"Content originating from or produced within the geographical boundaries of the Hashemite Kingdom of Jordan, a Middle Eastern nation located in Western Asia.","Jordan is distinguished from its sibling country categories by its specific geographic location in the Levant region, bordered by Saudi Arabia, Iraq, Syria, Palestine, and Israel, making it categorically distinct from all other sovereign nations and territories in this comprehensive geographical taxonomy."
1331,1228,Kazakhstan,Content Source Geo: Kazakhstan,Content Source Geo > Country > Kazakhstan,3,True,0,"Content from Kazakhstan belongs in this category when its origin, creation, publication, or primary relevance is traced to the sovereign nation of Kazakhstan in Central Asia.","This category is distinguished from its siblings by being specific to Kazakhstan alone, whereas neighboring countries like Kyrgyzstan, Uzbekistan, Turkmenistan, and China are classified separately despite geographic proximity."
1332,1228,Kenya,Content Source Geo: Kenya,Content Source Geo > Country > Kenya,3,True,0,"Content sourced, produced, or distributed from Kenya, the East African nation located on the Indian Ocean coast.","Kenya is distinguished from its sibling countries by its specific geographic location in East Africa, bordered by Tanzania, Uganda, South Sudan, Ethiopia, and Somalia, and is the only sibling category representing this particular sovereign nation."
1333,1228,Kiribati,Content Source Geo: Kiribati,Content Source Geo > Country > Kiribati,3,True,0,"Content originating from or produced in Kiribati, an island nation in the central Pacific Ocean comprising 33 coral atolls and islands.","Kiribati is distinguished from its sibling countries by its specific geographic location in the Pacific Ocean's Gilbert Islands region and its status as an independent island nation, separate from other Pacific island nations like Fiji, Samoa, or Tonga, and from all non-Pacific countries."
1334,1228,Kuwait,Content Source Geo: Kuwait,Content Source Geo > Country > Kuwait,3,True,0,"Content from Kuwait belongs in this category when it originates from or is primarily associated with the country of Kuwait, located on the Arabian Peninsula in Western Asia.","Kuwait is distinguished from its sibling countries by its specific geographic location and sovereign nation status, separate from other Middle Eastern nations like Saudi Arabia, Iraq, Iran, Qatar, Bahrain, Oman, and the United Arab Emirates."
1335,1228,Kyrgyzstan,Content Source Geo: Kyrgyzstan,Content Source Geo > Country > Kyrgyzstan,3,True,0,"Content originating from or produced within the borders of the Kyrgyz Republic, a Central Asian nation located in the Tian Shan mountain range between Kazakhstan, Uzbekistan, Tajikistan, and China.","Kyrgyzstan is distinguished from its sibling countries by its specific geographic location in Central Asia, its mountainous terrain, and its political sovereignty as an independent nation-state distinct from neighboring countries like Kazakhstan, Tajikistan, and Uzbekistan."
1336,1228,Latvia,Content Source Geo: Latvia,Content Source Geo > Country > Latvia,3,True,0,"Content originating from or primarily associated with Latvia, a Baltic state in Northern Europe, including media, publications, and other materials produced within its borders or by Latvian entities.","Latvia is distinguished from its sibling countries by its specific geographic location in the Baltic region and its sovereign nation status, separate from neighboring countries such as Lithuania, Estonia, and Belarus."
1337,1228,Lebanon,Content Source Geo: Lebanon,Content Source Geo > Country > Lebanon,3,True,0,"Content that originates from, is produced in, or is primarily about Lebanon, a country located on the eastern coast of the Mediterranean Sea in Western Asia.","Lebanon is distinguished from its neighboring countries (Syria, Iraq, Israel, Palestine, Jordan) and all other nations by its specific geographic and political borders as an independent sovereign state in the Levant region."
1338,1228,Lesotho,Content Source Geo: Lesotho,Content Source Geo > Country > Lesotho,3,True,0,"Content originating from or produced within the geographic boundaries of Lesotho, a landlocked country in southern Africa surrounded by South Africa.","Lesotho is distinguished from its sibling countries by its specific geographic location as an independent nation-state in the southern African region, separate from all other countries in the global taxonomy of content source geographies."
1339,1228,Liberia,Content Source Geo: Liberia,Content Source Geo > Country > Liberia,3,True,0,"Content originating from or produced within the West African nation of Liberia, including media, publications, broadcasts, and digital content created by Liberian sources or about Liberian subjects.","Liberia is distinguished from its sibling countries by its specific geographic location on the west coast of Africa, bordered by Sierra Leone and Guinea, and by its unique historical identity as a nation founded by freed American slaves."
1340,1228,Libya,Content Source Geo: Libya,Content Source Geo > Country > Libya,3,True,0,"Content created, published, or sourced from Libya, a North African country located on the Mediterranean coast.","Libya is distinguished from its sibling countries by its specific geographic location and political sovereignty, separate from neighboring nations like Tunisia, Algeria, Egypt, and Sudan."
1341,1228,Liechtenstein,Content Source Geo: Liechtenstein,Content Source Geo > Country > Liechtenstein,3,True,0,"Content originating from or attributed to Liechtenstein, a small sovereign state located in the Alpine region between Switzerland and Austria in Central Europe.","Liechtenstein is distinguished from its sibling categories by being a specific Alpine microstate with a population under 40,000, rather than a larger European nation, island territory, or non-European country."
1342,1228,Lithuania,Content Source Geo: Lithuania,Content Source Geo > Country > Lithuania,3,True,0,Content from Lithuania belongs in this category when the source or origin of the information is specifically located within Lithuania's borders.,"Lithuania is distinguished from its sibling country categories by representing the specific geographic jurisdiction of Lithuania, a Baltic nation in Northern Europe, rather than any other sovereign state or territory."
1343,1228,Luxembourg,Content Source Geo: Luxembourg,Content Source Geo > Country > Luxembourg,3,True,0,"Content source originating from or produced within Luxembourg, a small Western European country and member of the European Union located between Belgium, France, and Germany.","Luxembourg is distinguished from its siblings by its specific geographic location and sovereignty as an independent nation-state, rather than being any other country, territory, or geographic region in the world."
1344,1228,Macao,Content Source Geo: Macao,Content Source Geo > Country > Macao,3,True,0,"Content originating from or produced in Macao, a special administrative region of China located on the southern coast of the Pearl River Delta.","Macao is distinguished from China and Hong Kong as a separate Special Administrative Region with its own governance structure, and from all other geographic locations by its specific territorial boundaries and political status."
1345,1228,Madagascar,Content Source Geo: Madagascar,Content Source Geo > Country > Madagascar,3,True,0,"Content originating from or related to Madagascar, the island nation located off the southeastern coast of Africa in the Indian Ocean.",Madagascar is distinguished from its sibling countries by its unique geographic location as an island nation and its position as the world's fourth-largest island with distinct biodiversity and cultural characteristics separate from mainland African and other regional countries.
1346,1228,Malawi,Content Source Geo: Malawi,Content Source Geo > Country > Malawi,3,True,0,"Content that originates from or is primarily about the country of Malawi, located in southeastern Africa.","Malawi is distinguished from its sibling countries by its specific geographic location and political boundaries, with Mozambique, Zambia, and Tanzania as its neighboring nations."
1347,1228,Malaysia,Content Source Geo: Malaysia,Content Source Geo > Country > Malaysia,3,True,0,"Content from Malaysia includes media, information, products, or services that originate from, are produced in, or are primarily distributed within Malaysia.","Malaysia is distinguished from its sibling countries by its specific geographic location in Southeast Asia, bordered by Thailand and encompassing the Malay Peninsula and the northern portion of Borneo island."
1348,1228,Maldives,Content Source Geo: Maldives,Content Source Geo > Country > Maldives,3,True,0,"Content originating from or specifically about the Maldives, an island nation in the Indian Ocean consisting of 26 atolls located southwest of India and Sri Lanka.","Maldives is distinguished from its sibling country categories by its specific geographic location as a sovereign island nation in South Asia, rather than any other country or territory in the world."
1349,1228,Mali,Content Source Geo: Mali,Content Source Geo > Country > Mali,3,True,0,"Content originating from or produced in Mali, a West African nation, belongs in this category.","Mali is distinguished from its sibling countries by its specific geographic location in West Africa, bordered by Mauritania, Senegal, Guinea, Côte d'Ivoire, Burkina Faso, and Niger."
1350,1228,Malta,Content Source Geo: Malta,Content Source Geo > Country > Malta,3,True,0,"Content sourced from or originating in Malta, a Mediterranean island nation located south of Sicily, is classified in this category.",Malta is distinguished from its sibling countries by its specific geographic location and national identity as an independent island state in the central Mediterranean Sea.
1351,1228,Martinique,Content Source Geo: Martinique,Content Source Geo > Country > Martinique,3,True,0,"Content originating from or specifically about Martinique, a Caribbean island and overseas collectivity of France located in the Lesser Antilles archipelago.",Martinique is distinguished from other Caribbean nations and territories by its status as a French overseas collectivity and its specific geographic location in the eastern Caribbean between Dominica and Saint Lucia.
1352,1228,Mauritania,Content Source Geo: Mauritania,Content Source Geo > Country > Mauritania,3,True,0,"Content originating from or produced within the Islamic Republic of Mauritania, a West African nation located on the Atlantic coast between Senegal and Western Sahara.","This category is distinguished from its sibling countries by Mauritania's specific geographic location in northwest Africa, its unique political status as an Islamic republic, and its distinct cultural, linguistic, and administrative boundaries."
1353,1228,Mauritius,Content Source Geo: Mauritius,Content Source Geo > Country > Mauritius,3,True,0,"This category contains content that originates from or is primarily associated with Mauritius, an island nation located in the Indian Ocean off the coast of East Africa.","Mauritius is distinguished from its sibling countries by its specific geographic location as an independent island nation in the Indian Ocean, separate from continental African nations like Mozambique and South Africa and from other Indian Ocean island nations like Seychelles and Madagascar."
1354,1228,Mayotte,Content Source Geo: Mayotte,Content Source Geo > Country > Mayotte,3,True,0,Mayotte is a French overseas department and region located in the Comoros Archipelago in the Indian Ocean off the coast of East Africa.,"Mayotte is distinguished from its siblings as a specific country or territorial jurisdiction, whereas sibling categories each represent distinct sovereign nations or officially recognized overseas territories with their own governance structures."
1355,1228,Mexico,Content Source Geo: Mexico,Content Source Geo > Country > Mexico,3,True,0,"Content from Mexico includes material produced in, sourced from, or primarily associated with Mexico as a geographic location.","Mexico is distinguished from its sibling countries by its specific geographic boundaries and sovereign nation status, occupying the territory between the United States to the north and Central America to the south."
1356,1228,Monaco,Content Source Geo: Monaco,Content Source Geo > Country > Monaco,3,True,0,"Content from Monaco encompasses material sourced from or primarily associated with the Principality of Monaco, a sovereign city-state located on the French Riviera in Western Europe.","Monaco is distinguished from its sibling countries by being a specific European microstate bordered by France and the Mediterranean Sea, rather than any other nation, territory, or overseas possession."
1357,1228,Mongolia,Content Source Geo: Mongolia,Content Source Geo > Country > Mongolia,3,True,0,Content from Mongolia belongs in this category when it originates from or is specifically about the East Asian country located between Russia and China.,"Mongolia is distinguished from its sibling countries by its unique geographic position in Central/East Asia, its historical and cultural identity as a distinct nation-state, and its ISO 3166-1 country code."
1358,1228,Montenegro,Content Source Geo: Montenegro,Content Source Geo > Country > Montenegro,3,True,0,"Content from media, news, websites, or other sources originating from or primarily focused on Montenegro, a country located in the Balkans in southeastern Europe.","Montenegro is distinguished from its sibling countries by its specific geographic location on the Adriatic coast in the southern Balkans, bordered by Serbia, Bosnia and Herzegovina, Albania, Kosovo, and Croatia."
1359,1228,Montserrat,Content Source Geo: Montserrat,Content Source Geo > Country > Montserrat,3,True,0,"Content originating from or produced by sources located in Montserrat, a Caribbean island territory that is an overseas territory of the United Kingdom.","Montserrat is distinguished from its sibling countries by being a specific Caribbean island nation with its own distinct geographic and political identity, separate from other island territories and mainland countries in the taxonomy."
1360,1228,Morocco,Content Source Geo: Morocco,Content Source Geo > Country > Morocco,3,True,0,"Content from sources physically located in or primarily serving the North African country of Morocco, including media outlets, organizations, and digital platforms based within its borders.","Morocco is distinguished from its neighboring North African countries (Algeria, Tunisia, Mauritania, Western Sahara) and all other global nations by its specific geographic location and national sovereignty as defined by internationally recognized boundaries."
1361,1228,Mozambique,Content Source Geo: Mozambique,Content Source Geo > Country > Mozambique,3,True,0,"Content originating from or geographically located within the southeastern African nation of Mozambique, bordered by Tanzania, Malawi, Zambia, Zimbabwe, South Africa, and Eswatini, with the Indian Ocean to its east.","Mozambique is distinguished from its sibling countries by its specific geographic location in southeastern Africa and its unique political, cultural, and economic characteristics as a sovereign nation-state."
1362,1228,Myanmar,Content Source Geo: Myanmar,Content Source Geo > Country > Myanmar,3,True,0,"Content from Myanmar includes material originating in, produced in, or primarily associated with the Southeast Asian nation of Myanmar (also known as Burma).","Myanmar is distinguished from its siblings as a specific sovereign country with defined borders, rather than a region, territory, island, or other geopolitical entity."
1363,1228,Namibia,Content Source Geo: Namibia,Content Source Geo > Country > Namibia,3,True,0,"Content originating from or produced in Namibia, a country located on the southwestern coast of Africa.","This category is distinguished from its sibling country categories by capturing only content with a Namibian geographic source, rather than content from any other sovereign nation or territory."
1364,1228,Nauru,Content Source Geo: Nauru,Content Source Geo > Country > Nauru,3,True,0,"This category contains content that originates from or is primarily associated with Nauru, a small island nation in Oceania located in the central Pacific Ocean.","Nauru is distinguished from its sibling countries by being a specific sovereign state with defined borders, rather than a region, territory, or grouping of multiple nations."
1365,1228,Nepal,Content Source Geo: Nepal,Content Source Geo > Country > Nepal,3,True,0,"Content from Nepal belongs in this category when it originates from or is primarily associated with the South Asian nation of Nepal, located in the Himalayas between India and China.","Nepal is distinguished from its sibling categories by its specific geographic boundaries as an independent sovereign state in South Asia, rather than being any other country or territory in the world."
1366,1228,New Caledonia,Content Source Geo: New Caledonia,Content Source Geo > Country > New Caledonia,3,True,0,"Content originating from or produced in New Caledonia, a French special collectivity located in the South Pacific Ocean east of Australia.","New Caledonia is distinguished from its siblings by being a non-independent territory of France in the Pacific region, rather than a sovereign nation or other type of territory."
1367,1228,New Zealand,Content Source Geo: New Zealand,Content Source Geo > Country > New Zealand,3,True,0,"Content originating from or produced within the geographical boundaries of New Zealand, an island nation in the southwestern Pacific Ocean.","This category specifically identifies content sourced from New Zealand, distinguishing it from neighboring Pacific island nations (such as Fiji, Samoa, and Australia) and all other countries globally by explicit geographic origin."
1368,1228,Nicaragua,Content Source Geo: Nicaragua,Content Source Geo > Country > Nicaragua,3,True,0,"Content originating from or geographically associated with Nicaragua, a Central American nation bordered by Honduras and Costa Rica.","Nicaragua is distinguished from its siblings by its specific geographic location in Central America, rather than being any other individual country in the world."
1369,1228,Nigeria,Content Source Geo: Nigeria,Content Source Geo > Country > Nigeria,3,True,0,"Content originating from or primarily associated with Nigeria, a West African nation located on the Gulf of Guinea with a population exceeding 200 million people.","Nigeria is distinguished from its sibling countries by its specific geographic location, political boundaries, and sovereignty as an independent nation-state, rather than being any other country, territory, or island."
1370,1228,Niue,Content Source Geo: Niue,Content Source Geo > Country > Niue,3,True,0,"Content from Niue, a self-governing in free association with New Zealand, including material produced by, about, or distributed from this South Pacific island nation.","Niue is distinguished from other Pacific island nations by its specific geographic location, sovereign status, and relationship with New Zealand, making it distinct from neighboring countries like Samoa, Tonga, and the Cook Islands."
1371,1228,Norfolk Island,Content Source Geo: Norfolk Island,Content Source Geo > Country > Norfolk Island,3,True,0,"Content that originates from or is primarily associated with Norfolk Island, an Australian external territory located in the South Pacific Ocean.",Norfolk Island is distinguished from its sibling countries and territories by its specific geographic location in the South Pacific and its status as an external territory of Australia rather than an independent nation or territory of another country.
1372,1228,Norway,Content Source Geo: Norway,Content Source Geo > Country > Norway,3,True,0,"Content from Norwegian sources, publications, broadcasts, or organizations, or content specifically produced for and distributed within Norway.","Norway is distinguished from its sibling countries by its specific geographic location in Northern Europe and sovereignty as an independent nation-state, separate from other Nordic countries like Sweden, Finland, and Denmark, and from all other world nations listed."
1373,1228,Oman,Content Source Geo: Oman,Content Source Geo > Country > Oman,3,True,0,"Content from Oman encompasses material originating from, produced in, or primarily focused on the Sultanate of Oman, a Middle Eastern nation located on the southeastern coast of the Arabian Peninsula.","Oman is distinguished from its sibling country categories by its specific geographic location in the Middle East and Arabian Peninsula region, bordered by Saudi Arabia, the United Arab Emirates, and Yemen, rather than belonging to any other geographic region represented by the sibling categories."
1374,1228,Pakistan,Content Source Geo: Pakistan,Content Source Geo > Country > Pakistan,3,True,0,"Content originating from or produced within the Islamic Republic of Pakistan, including media, publications, broadcasts, and digital content created by Pakistani individuals, organizations, and institutions.","Pakistan is distinguished from its neighboring countries (Afghanistan, India, Iran) and all other nations by its specific geographic boundaries and sovereign territory as an independent nation-state in South Asia."
1375,1228,Palau,Content Source Geo: Palau,Content Source Geo > Country > Palau,3,True,0,"Content originating from or geographically associated with the Republic of Palau, an island nation in the western Pacific Ocean.","Palau is distinguished from its sibling countries by its specific sovereign territory and geographic location in Oceania, separate from other Pacific island nations like Fiji, Samoa, or Kiribati."
1376,1228,Panama,Content Source Geo: Panama,Content Source Geo > Country > Panama,3,True,0,"This category contains content that originates from or is primarily associated with Panama, a Central American nation located on the isthmus connecting North and South America.","Panama is distinguished from its sibling countries by its unique geographic location, sovereignty, and geopolitical characteristics, including its role as the location of the Panama Canal and its position as a bridge between two continents."
1377,1228,Papua New Guinea,Content Source Geo: Papua New Guinea,Content Source Geo > Country > Papua New Guinea,3,True,0,"Content originating from Papua New Guinea, a nation located in the southwestern Pacific Ocean comprising the eastern half of the island of New Guinea and numerous surrounding islands.","This category captures sources specific to Papua New Guinea and is distinguished from neighboring Pacific island nations (Solomon Islands, Vanuatu, Fiji) and the nearby country of Indonesia by Papua New Guinea's distinct political boundaries and sovereignty."
1378,1228,Paraguay,Content Source Geo: Paraguay,Content Source Geo > Country > Paraguay,3,True,0,"Content that originates from or is primarily associated with Paraguay, a landlocked country in South America located between Argentina, Brazil, and Bolivia.","Paraguay is distinguished from its sibling countries by its specific geographic location in central South America and its unique national identity, separated from neighboring nations like Argentina, Brazil, Bolivia, Uruguay, and other countries across different continents and regions."
1379,1228,Peru,Content Source Geo: Peru,Content Source Geo > Country > Peru,3,True,0,"Content from sources physically located in, headquartered in, or primarily serving Peru, a country in western South America bordered by Ecuador, Colombia, Brazil, Bolivia, and Chile.","Peru is distinguished from its sibling countries by its specific geographic location and political boundaries in South America, separate from all other nations in the global taxonomy."
1380,1228,Pitcairn,Content Source Geo: Pitcairn,Content Source Geo > Country > Pitcairn,3,True,0,"Content originating from or produced in Pitcairn, a British Overseas Territory consisting of a small archipelago in the South Pacific Ocean.","Pitcairn is distinguished from its sibling countries and territories by being a specific British Overseas Territory with a unique geographic location in the remote South Pacific, separate from other island nations and dependent territories categorized in this taxonomy."
1381,1228,Poland,Content Source Geo: Poland,Content Source Geo > Country > Poland,3,True,0,"Content originating from or primarily associated with Poland, a Central European nation located between Germany and Ukraine on the Baltic Sea coast.","Poland is distinguished from its sibling countries by its specific geographic location, sovereignty, and borders, as each sibling category represents a unique sovereign nation or territory with its own distinct political jurisdiction and geographic boundaries."
1382,1228,Portugal,Content Source Geo: Portugal,Content Source Geo > Country > Portugal,3,True,0,"Content originating from or geographically associated with Portugal, a country located on the Iberian Peninsula in southwestern Europe.","Portugal is distinguished from its sibling categories by being a specific sovereign nation with defined borders, whereas siblings include other individual countries, territories, islands, and overseas dependencies across all continents and regions."
1383,1228,Puerto Rico,Content Source Geo: Puerto Rico,Content Source Geo > Country > Puerto Rico,3,True,0,"Content created in, produced by, or primarily associated with Puerto Rico as a geographic source location.",Puerto Rico is distinguished from other Caribbean territories and U.S. possessions by its specific status as an unincorporated territory of the United States located in the northeastern Caribbean Sea.
1384,1228,Qatar,Content Source Geo: Qatar,Content Source Geo > Country > Qatar,3,True,0,"Content that originates from or is primarily associated with Qatar, a sovereign nation located on the Arabian Peninsula in Western Asia.","Qatar is distinguished from its sibling countries by its specific geographic location and political sovereignty, separate from all other recognized nations in this taxonomy."
1385,1228,Reunion,Content Source Geo: Reunion,Content Source Geo > Country > Reunion,3,True,0,"Content originating from or produced in Reunion, an overseas department of France located in the Indian Ocean east of Madagascar.",Reunion is distinguished from its sibling countries by being a French territory in the Indian Ocean rather than an independent nation or territory elsewhere in the world.
1386,1228,Romania,Content Source Geo: Romania,Content Source Geo > Country > Romania,3,True,0,"Content that originates from or is primarily associated with Romania, a country in Southeastern Europe bordered by Hungary, Serbia, Bulgaria, and the Black Sea.","Romania is distinguished from its sibling country categories by its specific geographic location in Eastern Europe and its unique cultural, linguistic, and historical identity separate from neighboring nations like Hungary, Bulgaria, Serbia, and Moldova."
1387,1228,Rwanda,Content Source Geo: Rwanda,Content Source Geo > Country > Rwanda,3,True,0,"Content that originates from or is produced in Rwanda, a country located in East-Central Africa.","Rwanda is distinguished from its sibling countries by its specific geographic location and political sovereignty, making it the sole category for content sourced from within Rwanda's borders rather than from any other nation-state or territory."
1388,1228,Saint Barthelemy,Content Source Geo: Saint Barthelemy,Content Source Geo > Country > Saint Barthelemy,3,True,0,"Content that originates from or is primarily associated with Saint Barthelemy, a Caribbean island collectivity of France located in the Lesser Antilles.","Saint Barthelemy is distinguished from its sibling countries and territories by its specific geographic location as a small French island in the eastern Caribbean, separate from nearby territories such as Saint Martin, Guadeloupe, and other regional entities."
1389,1228,"Saint Helena, Ascension and Tristan da Cunha","Content Source Geo: Saint Helena, Ascension and Tristan da Cunha","Content Source Geo > Country > Saint Helena, Ascension and Tristan da Cunha",3,True,0,"Content originating from or relating to Saint Helena, Ascension Island, and Tristan da Cunha, a British Overseas Territory in the South Atlantic Ocean comprising three remote volcanic island groups.","This category is distinguished from its siblings by representing specifically these three linked South Atlantic island territories, rather than any other individual country or geographic jurisdiction."
1390,1228,Saint Kitts and Nevis,Content Source Geo: Saint Kitts and Nevis,Content Source Geo > Country > Saint Kitts and Nevis,3,True,0,"Content originating from or produced within Saint Kitts and Nevis, a two-island Caribbean nation comprising the islands of Saint Kitts and Nevis.","This category is distinguished from other country-level geo categories by representing only the specific geographic territory and political jurisdiction of Saint Kitts and Nevis, separate from other Caribbean nations like Antigua and Barbuda, Saint Lucia, or Dominica."
1391,1228,Saint Lucia,Content Source Geo: Saint Lucia,Content Source Geo > Country > Saint Lucia,3,True,0,"Content originating from or produced in Saint Lucia, an island nation located in the eastern Caribbean Sea between Martinique and Saint Vincent and the Grenadines.","Saint Lucia is distinguished from its sibling countries by its specific geographic location in the Caribbean archipelago and its status as an independent nation-state, separate from other Caribbean territories like Dominica, Grenada, and Saint Vincent and the Grenadines."
1392,1228,Saint Martin,Content Source Geo: Saint Martin,Content Source Geo > Country > Saint Martin,3,True,0,"Content from Saint Martin includes material originating from, produced in, or primarily focused on this Caribbean island nation shared between France and the Netherlands.","Saint Martin is distinguished from its sibling categories by its specific geographic location as a single shared island territory in the eastern Caribbean, separate from nearby islands like Sint Maarten, Saint Barthelemy, and other Caribbean nations."
1393,1228,Saint Pierre and Miquelon,Content Source Geo: Saint Pierre and Miquelon,Content Source Geo > Country > Saint Pierre and Miquelon,3,True,0,"This category contains content originating from Saint Pierre and Miquelon, a French territorial archipelago located in the North Atlantic Ocean off the coast of Newfoundland.","Saint Pierre and Miquelon is distinguished from its sibling countries by its status as a French overseas collectivity rather than a sovereign nation, and by its specific geographic location in the western Atlantic rather than other continental or insular regions."
1394,1228,Saint Vincent and the Grenadines,Content Source Geo: Saint Vincent and the Grenadines,Content Source Geo > Country > Saint Vincent and the Grenadines,3,True,0,"Content originating from or associated with Saint Vincent and the Grenadines, a Caribbean island nation comprising the main island of Saint Vincent and the Grenadines archipelago.",This category is distinguished from its sibling country categories by representing specifically the geographic territory and jurisdiction of Saint Vincent and the Grenadines rather than any other sovereign nation or territory.
1395,1228,Samoa,Content Source Geo: Samoa,Content Source Geo > Country > Samoa,3,True,0,"Content originating from or specifically attributed to the Independent State of Samoa, a sovereign island nation in the South Pacific Ocean.","Samoa is distinguished from its neighboring Pacific island nations (such as American Samoa, Fiji, Tonga, and Kiribati) by its status as an independent country and its specific geographic location in Polynesia west of the International Date Line."
1396,1228,San Marino,Content Source Geo: San Marino,Content Source Geo > Country > San Marino,3,True,0,"Content originating from or produced within San Marino, a microstate located on the Italian peninsula in Southern Europe.","San Marino is distinguished from its sibling countries by its specific geographic location, political sovereignty, and territorial boundaries as an independent European nation-state."
1397,1228,Sao Tome and Principe,Content Source Geo: Sao Tome and Principe,Content Source Geo > Country > Sao Tome and Principe,3,True,0,"Content originating from or produced in Sao Tome and Principe, a small island nation located in the Gulf of Guinea off the west coast of Central Africa.","This category is distinguished from its siblings by representing specifically the geographic origin of content from Sao Tome and Principe, rather than any of the other 249 individual countries and territories in the Content Source Geo classification."
1398,1228,Saudi Arabia,Content Source Geo: Saudi Arabia,Content Source Geo > Country > Saudi Arabia,3,True,0,"Content originating from or produced within the geographic boundaries of the Kingdom of Saudi Arabia, including material from its various regions, cities, and territories.","This category specifically identifies Saudi Arabia as the source location, distinguishing it from other Middle Eastern and global countries in the Content Source Geo taxonomy through its unique national borders and jurisdiction."
1399,1228,Senegal,Content Source Geo: Senegal,Content Source Geo > Country > Senegal,3,True,0,"Content from Senegal includes material originating from, produced in, or primarily focused on this West African nation located on the Atlantic coast.","Senegal is distinguished from its sibling countries by its specific geographic location in West Africa, bordered by Mauritania, Mali, Guinea-Bissau, Guinea, and The Gambia, and by its particular cultural, political, and economic context."
1400,1228,Serbia,Content Source Geo: Serbia,Content Source Geo > Country > Serbia,3,True,0,"Content originating from or produced within the geographical boundaries of the Republic of Serbia, a country located in Southeast Europe on the Balkan Peninsula.","Serbia is distinguished from its sibling country categories by its specific geographic location in the central Balkans, bordered by Hungary, Romania, Bulgaria, North Macedonia, Kosovo, Albania, Bosnia and Herzegovina, Croatia, and Montenegro."
1401,1228,Seychelles,Content Source Geo: Seychelles,Content Source Geo > Country > Seychelles,3,True,0,"Content from or originating in the Republic of Seychelles, an island nation in the Indian Ocean off the east coast of Africa, is classified in this category.","This category is distinguished from its siblings by focusing exclusively on Seychelles, rather than any other sovereign nation or territory in the world."
1402,1228,Sierra Leone,Content Source Geo: Sierra Leone,Content Source Geo > Country > Sierra Leone,3,True,0,"Content that originates from or is produced in Sierra Leone, a West African nation located on the Atlantic coast.","Sierra Leone is distinguished from its neighboring African countries by its specific geographic location and political boundaries, encompassing only content sourced from within this sovereign nation."
1403,1228,Singapore,Content Source Geo: Singapore,Content Source Geo > Country > Singapore,3,True,0,"Content originating from or primarily associated with Singapore, a city-state located in Southeast Asia at the southern tip of the Malay Peninsula.","Singapore is distinguished from its sibling countries by its specific geographic location and political sovereignty as an independent nation-state, separate from neighboring Malaysia, Indonesia, and other regional countries."
1404,1228,Sint Maarten,Content Source Geo: Sint Maarten,Content Source Geo > Country > Sint Maarten,3,True,0,"This category contains content that originates from or is primarily associated with Sint Maarten, a constituent country of the Kingdom of the Netherlands located in the Caribbean.","Sint Maarten is distinguished from its siblings by being a specific sovereign nation-state, differentiated from other Caribbean territories like Curaçao, Aruba, and Bonaire (which have different political statuses), as well as from all other countries and territories worldwide."
1405,1228,Slovakia,Content Source Geo: Slovakia,Content Source Geo > Country > Slovakia,3,True,0,"Content from Slovakia includes material originating in, produced by, or primarily focused on the Slovak Republic, a Central European nation.","Slovakia is distinguished from its siblings by its specific geographic location as an independent country in Central Europe, bordered by Poland, Ukraine, Romania, Serbia, Hungary, Austria, and Czechia."
1406,1228,Slovenia,Content Source Geo: Slovenia,Content Source Geo > Country > Slovenia,3,True,0,"Content in this category originates from or is primarily associated with Slovenia, a Central European country located in the northern part of the Balkans.","Slovenia is distinguished from its sibling countries by its specific geographic location, sovereignty, and borders, making it the unique Central European nation positioned between Austria, Hungary, Croatia, and Italy."
1407,1228,Solomon Islands,Content Source Geo: Solomon Islands,Content Source Geo > Country > Solomon Islands,3,True,0,"Content originating from or produced within the Solomon Islands, an Oceanic archipelago nation located in the South Pacific region.","This category is distinguished from other geographic content sources by identifying material specifically associated with the Solomon Islands rather than other Pacific island nations like Fiji, Samoa, or Papua New Guinea, or other countries worldwide."
1408,1228,Somalia,Content Source Geo: Somalia,Content Source Geo > Country > Somalia,3,True,0,"Content originating from or produced within the geographic boundaries of Somalia, a sovereign state located in the Horn of Africa.","Somalia is distinguished from its sibling countries by its specific geographic location and political sovereignty, separate from neighboring nations such as Kenya, Ethiopia, and Djibouti, and from all other recognized countries worldwide."
1409,1228,South Africa,Content Source Geo: South Africa,Content Source Geo > Country > South Africa,3,True,0,"Content originating from or primarily associated with the Republic of South Africa, located at the southern tip of the African continent.","South Africa is distinguished from other African nations by its specific geographic location and political boundaries, and from non-African countries by its continental and regional classification."
1410,1228,South Georgia and the South Sandwich Islands,Content Source Geo: South Georgia and the South Sandwich Islands,Content Source Geo > Country > South Georgia and the South Sandwich Islands,3,True,0,"Content originating from or related to South Georgia and the South Sandwich Islands, a British Overseas Territory in the southern Atlantic Ocean comprising the island of South Georgia and an archipelago of volcanic islands.","This category represents a specific territorial entity distinct from neighboring regions like Antarctica, The Falkland Islands, and other island territories, identified by its unique geopolitical status and geographic location in the sub-Antarctic Atlantic."
1411,1228,South Sudan,Content Source Geo: South Sudan,Content Source Geo > Country > South Sudan,3,True,0,"Content originating from or produced in South Sudan, the East African nation that gained independence in 2011 and is located in the Horn of Africa region.","South Sudan is distinguished from its sibling countries by its specific geographic location, political sovereignty, and national borders, separate from neighboring nations such as Sudan, Uganda, Kenya, Ethiopia, and the Democratic Republic of the Congo."
1412,1228,Spain,Content Source Geo: Spain,Content Source Geo > Country > Spain,3,True,0,"Spain is a sovereign nation located on the Iberian Peninsula in southwestern Europe, and this category encompasses content originating from or attributed to Spain as a geographic source.","Spain is distinguished from its sibling countries by its specific geographic location, sovereignty, and political boundaries, encompassing the Spanish mainland, the Balearic Islands, the Canary Islands, and autonomous territories, separate from neighboring nations like Portugal, France, Andorra, and Morocco."
1413,1228,Sri Lanka,Content Source Geo: Sri Lanka,Content Source Geo > Country > Sri Lanka,3,True,0,"Content originating from or primarily associated with Sri Lanka, an island nation in South Asia located in the Indian Ocean.","This category is distinguished from its siblings by identifying content geographically sourced from Sri Lanka specifically, rather than from any other individual country or territory."
1414,1228,State of Palestine,Content Source Geo: State of Palestine,Content Source Geo > Country > State of Palestine,3,True,0,"Content originating from or relating to the State of Palestine, including media, publications, organizations, and commentary produced by or about Palestinian territories and governance.","This category is distinguished from sibling countries by its specific geographic and political designation as a state entity with contested sovereignty, separate from neighboring countries like Israel, Jordan, and Egypt."
1415,1228,Suriname,Content Source Geo: Suriname,Content Source Geo > Country > Suriname,3,True,0,"Content originating from or related to the South American country of Suriname, located on the northeastern coast of the continent between Guyana and French Guiana.","This category captures Suriname-specific content, distinguishing it from other individual country categories by focusing exclusively on sources and subjects geographically or politically associated with this particular nation-state."
1416,1228,Svalbard and Jan Mayen,Content Source Geo: Svalbard and Jan Mayen,Content Source Geo > Country > Svalbard and Jan Mayen,3,True,0,"Content from Svalbard and Jan Mayen, two Norwegian archipelagos located in the Arctic Ocean north of mainland Norway and between Norway and Greenland.","This category is distinguished from its siblings by encompassing only these two specific Arctic island groups under Norwegian sovereignty, rather than any of the world's independent nations, autonomous regions, or other territories listed as siblings."
1417,1228,Swaziland,Content Source Geo: Swaziland,Content Source Geo > Country > Swaziland,3,True,0,"Content from within the borders of Eswatini (formerly known as Swaziland), a southern African nation located between South Africa and Mozambique.","Swaziland is distinguished from its sibling country categories by its specific geographic location and sovereign territory, separate from all other nations listed such as its immediate neighbors South Africa and Mozambique."
1418,1228,Sweden,Content Source Geo: Sweden,Content Source Geo > Country > Sweden,3,True,0,"Content originating from or produced within Sweden, including media, articles, broadcasts, and digital content created by Swedish sources or located on Swedish platforms.","Sweden is distinguished from its sibling countries by its specific geographic location in Northern Europe and Scandinavia, bounded by Norway and Finland, with a distinct national sovereignty and borders separate from all other listed nations."
1419,1228,Switzerland,Content Source Geo: Switzerland,Content Source Geo > Country > Switzerland,3,True,0,"Content originating from or primarily associated with Switzerland, including media, publications, broadcasts, and digital content produced by Swiss entities or addressing Swiss audiences.","Switzerland is distinguished from other European countries by its specific geographic location in central Europe, its political status as a federal republic, and its particular cultural, linguistic, and regulatory context separate from neighboring nations like Germany, France, Italy, and Austria."
1420,1228,Syrian Arab Republic,Content Source Geo: Syrian Arab Republic,Content Source Geo > Country > Syrian Arab Republic,3,True,0,"This category contains content that originates from or is associated with the Syrian Arab Republic, a sovereign state located in Western Asia in the Levant region.","This category is distinguished from its sibling country categories by identifying Syria specifically, rather than any other nation-state or territory in the world."
1421,1228,Taiwan (Province of China),Content Source Geo: Taiwan (Province of China),Content Source Geo > Country > Taiwan (Province of China),3,True,0,"This category contains content originating from or produced in Taiwan, the island territory in East Asia located across the Taiwan Strait from mainland China.","Taiwan is distinguished from China and other sibling categories by its specific geographic location as an independent island with its own distinct administrative, legal, and media systems."
1422,1228,Tajikistan,Content Source Geo: Tajikistan,Content Source Geo > Country > Tajikistan,3,True,0,"Content originating from or primarily associated with the Central Asian nation of Tajikistan, including media, articles, data, and information produced within or about this country.","Tajikistan is distinguished from its sibling countries by its specific geographic location in Central Asia, bordered by Afghanistan, Kyrgyzstan, and Uzbekistan, and by its unique political, cultural, and linguistic characteristics as an independent nation-state."
1423,1228,Thailand,Content Source Geo: Thailand,Content Source Geo > Country > Thailand,3,True,0,"This category contains content that originates from or is primarily associated with Thailand, a Southeast Asian nation.","Thailand is distinguished from its sibling countries by its specific geographic location, political boundaries, and sovereign territory in mainland Southeast Asia, bordered by Myanmar, Laos, Cambodia, and Malaysia."
1424,1228,The Bahamas,Content Source Geo: The Bahamas,Content Source Geo > Country > The Bahamas,3,True,0,"This category classifies content that originates from or is primarily associated with The Bahamas, an archipelagic nation in the Atlantic Ocean located southeast of the United States.",This category is distinguished from its siblings by identifying content specific to The Bahamas rather than any other country or territory in the world.
1425,1228,The British Indian Ocean Territory,Content Source Geo: The British Indian Ocean Territory,Content Source Geo > Country > The British Indian Ocean Territory,3,True,0,"Content that originates from or is primarily associated with the British Indian Ocean Territory, a British Overseas Territory located in the Indian Ocean comprising the Chagos Archipelago and its surrounding waters.","This category is distinguished from other geographic territories by its specific political status as a British Overseas Territory in the Indian Ocean region, rather than being an independent nation, a different dependent territory, or located in a different ocean or geographical area."
1426,1228,The Cayman Islands,Content Source Geo: The Cayman Islands,Content Source Geo > Country > The Cayman Islands,3,True,0,"This category captures content that originates from or is primarily associated with The Cayman Islands, a British Overseas Territory in the western Caribbean Sea.","The Cayman Islands is distinguished from its sibling countries and territories by its specific geographic location, political status as a British Overseas Territory, and sovereign jurisdiction, separate from neighboring territories like The Turks and Caicos Islands or Jamaica."
1427,1228,The Central African Republic,Content Source Geo: The Central African Republic,Content Source Geo > Country > The Central African Republic,3,True,0,"This category contains content that originates from or is primarily associated with the Central African Republic, a landlocked country located in Central Africa bordered by Chad, Sudan, South Sudan, the Democratic Republic of the Congo, the Republic of the Congo, and Cameroon.",This category is distinguished from its sibling country categories by identifying content specifically from the Central African Republic rather than from any other sovereign nation or territory in the world.
1428,1228,The Cocos Islands,Content Source Geo: The Cocos Islands,Content Source Geo > Country > The Cocos Islands,3,True,0,"Content created, published, or produced within or specifically about the Cocos Islands, an Australian external territory in the Indian Ocean consisting of two coral atolls.","This category identifies content originating from the Cocos Islands specifically, distinguished from neighboring island territories like Christmas Island and other geopolitical jurisdictions by the Cocos Islands' distinct location, governance structure, and geographic boundaries."
1429,1228,The Comoros,Content Source Geo: The Comoros,Content Source Geo > Country > The Comoros,3,True,0,Content from The Comoros refers to material originating from or primarily about this island nation located in the Indian Ocean off the coast of East Africa.,The Comoros is distinguished from its sibling countries by its specific geographic location as an archipelago in the Mozambique Channel and its unique political and cultural identity as a sovereign state.
1430,1228,The Congo,Content Source Geo: The Congo,Content Source Geo > Country > The Congo,3,True,0,"This category contains content originating from or primarily associated with the Republic of the Congo, located in Central Africa on the western coast of the Congo Basin.","This category is distinguished from its sibling The Democratic Republic of the Congo by including only content from the smaller, western Congo nation (also known as Congo-Brazzaville), while excluding content from the larger Democratic Republic to its east."
1431,1228,The Cook Islands,Content Source Geo: The Cook Islands,Content Source Geo > Country > The Cook Islands,3,True,0,"Content originating from or primarily associated with The Cook Islands, a self-governing island nation in the South Pacific Ocean comprising 15 islands located east of New Zealand.","This category is distinguished from its sibling country categories by its specific geographic location in the South Pacific and political status as a self-governing state in free association with New Zealand, rather than being fully independent or a dependent territory of another nation."
1432,1228,The Democratic People's Republic of Korea,Content Source Geo: The Democratic People's Republic of Korea,Content Source Geo > Country > The Democratic People's Republic of Korea,3,True,0,"Content originating from or produced in The Democratic People's Republic of Korea (North Korea), including media, news, information, and other materials generated within or officially distributed by its territory and governmental institutions.","This category is distinguished from its sibling countries by identifying content specifically from North Korea rather than any other nation, including its geographic neighbor The Republic of Korea (South Korea)."
1433,1228,the Democratic Republic of the Congo,Content Source Geo: the Democratic Republic of the Congo,Content Source Geo > Country > the Democratic Republic of the Congo,3,True,0,"Content originating from or primarily focused on the Democratic Republic of the Congo, a large Central African nation known for its vast rainforests, mineral resources, and significant geographic and cultural importance.","This category is distinguished from sibling categories by identifying the Democratic Republic of the Congo specifically, rather than other sovereign nations or territories, including its neighboring African country The Congo (Republic of the Congo)."
1434,1228,The Dominican Republic,Content Source Geo: The Dominican Republic,Content Source Geo > Country > The Dominican Republic,3,True,0,"Content that originates from or is primarily associated with the Dominican Republic, an island nation located in the Caribbean on the eastern two-thirds of the island of Hispaniola.","This category is distinguished from its sibling country categories by specifically identifying the Dominican Republic as the geographic source, rather than other sovereign nations or territories such as its neighbor Haiti, other Caribbean islands like Cuba or Jamaica, or any other country in the world."
1435,1228,The Falkland Islands,Content Source Geo: The Falkland Islands,Content Source Geo > Country > The Falkland Islands,3,True,0,"Content in this category originates from or is primarily about The Falkland Islands, a British Overseas Territory located in the South Atlantic Ocean east of Argentina.","This category is distinguished from its siblings by its specific geographic focus on The Falkland Islands rather than any other sovereign state, dependent territory, or geographic region."
1436,1228,The Faroe Islands,Content Source Geo: The Faroe Islands,Content Source Geo > Country > The Faroe Islands,3,True,0,"This category includes content that originates from or is primarily about the Faroe Islands, an autonomous territory located in the North Atlantic between Iceland and Norway.","The Faroe Islands are distinguished from other geographic categories by their specific status as a self-governing territory of Denmark with their own distinct language, culture, and governance, rather than being an independent nation-state or a non-autonomous overseas territory of another country."
1437,1228,The former Yugoslav Republic of Macedonia,Content Source Geo: The former Yugoslav Republic of Macedonia,Content Source Geo > Country > The former Yugoslav Republic of Macedonia,3,True,0,"Content from the former Yugoslav Republic of Macedonia refers to material originating from, produced in, or primarily concerning this Balkan country in southeastern Europe, which is officially known by that designation in international contexts.","This category is distinguished from its siblings by identifying a specific individual country geolocation, whereas sibling categories each represent other distinct sovereign nations or territories worldwide."
1438,1228,The French Southern Territories,Content Source Geo: The French Southern Territories,Content Source Geo > Country > The French Southern Territories,3,True,0,"This category encompasses content originating from or primarily associated with the French Southern and Antarctic Territories, a French overseas collectivity located in the southern Indian Ocean comprising islands such as Réunion, Mayotte, and the Scattered Islands.","This category is distinguished from its siblings by representing a specific French territorial jurisdiction in the southern hemisphere, rather than independent nations, other European territories, or overseas regions and collectivities with different administrative statuses."
1439,1228,The Gambia,Content Source Geo: The Gambia,Content Source Geo > Country > The Gambia,3,True,0,"Content originating from or produced in The Gambia, a West African nation located on the Atlantic coast and surrounded by Senegal.",This category is distinguished from its sibling country categories by identifying content specifically associated with The Gambia rather than any other sovereign nation or territory in the world.
1440,1228,The Holy See,Content Source Geo: The Holy See,Content Source Geo > Country > The Holy See,3,True,0,"Content originating from or produced within The Holy See, an independent city-state and sovereign territory located within Rome that serves as the spiritual and administrative center of the Roman Catholic Church.","This category is distinguished from all other geographic sources by its designation as a unique sovereign entity that is neither a conventional nation-state nor a dependent territory, but rather an ecclesiastical state with distinct political and religious governance."
1441,1228,The Lao People's Democratic Republic,Content Source Geo: The Lao People's Democratic Republic,Content Source Geo > Country > The Lao People's Democratic Republic,3,True,0,"Content originating from or produced within the borders of the Lao People's Democratic Republic, a Southeast Asian nation.","This category distinguishes Lao PDR from all other countries by its specific geographic location in mainland Southeast Asia, bordered by Thailand, Vietnam, Cambodia, China, and Myanmar, and is separate from neighboring nations like Thailand, Vietnam, and Cambodia as well as all other sovereign states."
1442,1228,The Marshall Islands,Content Source Geo: The Marshall Islands,Content Source Geo > Country > The Marshall Islands,3,True,0,"Content from or about The Marshall Islands, including news, business, culture, government, and other information specific to this island nation in the Pacific Ocean.","This category identifies content specifically sourced from or focused on The Marshall Islands, distinguishing it from other Pacific island nations like Palau, Kiribati, and Nauru, as well as from other countries globally."
1443,1228,The Netherlands,Content Source Geo: The Netherlands,Content Source Geo > Country > The Netherlands,3,True,0,"Content originating from or produced in The Netherlands, a sovereign country located in Western Europe.",This category is distinguished from its sibling country categories by capturing content specific to The Netherlands rather than any other geopolitical jurisdiction or territory.
1444,1228,The Niger,Content Source Geo: The Niger,Content Source Geo > Country > The Niger,3,True,0,"Content from this category is sourced from or originates in the country of Niger, located in West Africa.","This category is distinguished from its sibling country categories by specifically identifying Niger as the geographic source, rather than any other nation in the world."
1445,1228,The Northern Mariana Islands,Content Source Geo: The Northern Mariana Islands,Content Source Geo > Country > The Northern Mariana Islands,3,True,0,"This category contains content originating from or specifically about the Northern Mariana Islands, a self-governing commonwealth in political union with the United States located in the western Pacific Ocean.","The Northern Mariana Islands is distinguished from its sibling categories by its specific geographic location as an island territory in Micronesia and its unique political status as a U.S. commonwealth, separate from other Pacific island nations and territories like Guam, Palau, and the Federated States of Micronesia."
1446,1228,The Philippines,Content Source Geo: The Philippines,Content Source Geo > Country > The Philippines,3,True,0,"This category contains content that originates from or is primarily associated with The Philippines, an archipelagic nation in Southeast Asia.","The Philippines is distinguished from its sibling countries by its specific geographic location, political boundaries, and sovereign territory in the western Pacific Ocean, separate from all other nations in this classification system."
1447,1228,The Republic of Korea,Content Source Geo: The Republic of Korea,Content Source Geo > Country > The Republic of Korea,3,True,0,"This category contains content that originates from or is primarily associated with South Korea, an East Asian nation located on the Korean Peninsula south of the 38th parallel.",The Republic of Korea is distinguished from its sibling categories—particularly The Democratic People's Republic of Korea to the north—by representing the sovereign state occupying the southern portion of the Korean Peninsula with its capital in Seoul.
1448,1228,The Republic of Moldova,Content Source Geo: The Republic of Moldova,Content Source Geo > Country > The Republic of Moldova,3,True,0,"Content originating from or primarily associated with The Republic of Moldova, a country located in Eastern Europe between Romania and Ukraine.","This category is distinguished from its sibling categories by representing specifically the geographic jurisdiction and content sourced from Moldova, rather than any other country or territory in the world."
1449,1228,The Russian Federation,Content Source Geo: The Russian Federation,Content Source Geo > Country > The Russian Federation,3,True,0,"Content from The Russian Federation includes material originating from or primarily about the territory, population, government, culture, economy, and institutions within the borders of the Russian Federation.","This category is distinguished from its siblings by encompassing only content sourced from the Russian Federation, whereas each sibling category represents a different sovereign nation or territory with its own distinct geographical and political boundaries."
1450,1228,The Sudan,Content Source Geo: The Sudan,Content Source Geo > Country > The Sudan,3,True,0,"Content from media, news, publications, or other sources that are geographically associated with or originate from Sudan, including coverage of Sudanese events, politics, culture, and society.","This category represents Sudan specifically, distinguished from all other country categories by focusing exclusively on content sourced from or directly concerning Sudan rather than any other nation or territory."
1451,1228,The Turks and Caicos Islands,Content Source Geo: The Turks and Caicos Islands,Content Source Geo > Country > The Turks and Caicos Islands,3,True,0,"Content belonging in this category consists of materials, publications, or media originating from or primarily focused on The Turks and Caicos Islands, a British Overseas Territory located in the western Atlantic Ocean southeast of the United States.","This category is distinguished from its siblings by representing specifically The Turks and Caicos Islands as a discrete geographic source, rather than any other sovereign nation or territory, with particular separation from nearby Caribbean jurisdictions like The Cayman Islands, The Bahamas, and the British Virgin Islands."
1452,1228,The United Arab Emirates,Content Source Geo: The United Arab Emirates,Content Source Geo > Country > The United Arab Emirates,3,True,0,"Content originating from or produced in the United Arab Emirates, a sovereign state located on the southeastern coast of the Arabian Peninsula in Western Asia.",This category captures content from the UAE and distinguishes it from all other individual country categories by its specific geographic and political boundaries as an independent nation.
1453,1228,The United Kingdom of Great Britain and Northern Ireland,Content Source Geo: The United Kingdom of Great Britain and Northern Ireland,Content Source Geo > Country > The United Kingdom of Great Britain and Northern Ireland,3,True,0,"This category contains content originating from or specifically relating to the United Kingdom, comprising England, Scotland, Wales, and Northern Ireland as a single sovereign nation.","This category is distinguished from its siblings by representing the unified political entity of the UK, separate from its constituent countries' individual categorization and distinct from other European nations like Ireland, France, or Germany."
1454,1228,The United States Minor Outlying Islands,Content Source Geo: The United States Minor Outlying Islands,Content Source Geo > Country > The United States Minor Outlying Islands,3,True,0,"Content from or originating in United States Minor Outlying Islands includes material produced, published, or primarily associated with unincorporated U.S. territories such as Wake Island, Midway Atoll, and other small Pacific and Caribbean possessions.","This category encompasses U.S.-administered insular territories that are geographically dispersed and sparsely populated, distinguishing it from The United States of America (the continental and state territories) and from other nations' overseas possessions listed among its siblings."
1455,1228,The United States of America,Content Source Geo: The United States of America,Content Source Geo > Country > The United States of America,3,True,0,"Content originating from or primarily associated with the United States of America, including all fifty states and the District of Columbia.",This category is distinguished from all other sovereign nations and territories by representing only the geographic boundaries and jurisdictions of the United States as a single federal nation-state.
1456,1228,Timor-Leste,Content Source Geo: Timor-Leste,Content Source Geo > Country > Timor-Leste,3,True,0,"Content originating from or produced in Timor-Leste, an independent nation in Southeast Asia also known as East Timor, located on the eastern half of the island of Timor.","This category is distinguished from its sibling country categories by specifically representing content associated with Timor-Leste's geographic location, political sovereignty, and national boundaries, separate from neighboring countries like Indonesia and other global nations."
1457,1228,Togo,Content Source Geo: Togo,Content Source Geo > Country > Togo,3,True,0,"This category classifies content that originates from or is primarily associated with Togo, a West African nation located between Ghana and Benin on the Gulf of Guinea.","Togo is distinguished from its sibling countries by its specific geographic location, political boundaries, and national identity as an independent sovereign state in West Africa."
1458,1228,Tokelau,Content Source Geo: Tokelau,Content Source Geo > Country > Tokelau,3,True,0,"Content originating from, created in, or directly relating to Tokelau, a New Zealand-associated territory comprising three coral atolls in the South Pacific Ocean.","Tokelau is distinguished from its sibling countries and territories by being a specific Pacific island nation with its own distinct geographic, political, and cultural identity, separate from all other sovereign states and dependent territories."
1459,1228,Tonga,Content Source Geo: Tonga,Content Source Geo > Country > Tonga,3,True,0,"Content that originates from, is produced in, or is primarily about the Kingdom of Tonga, a sovereign Polynesian island nation located in the South Pacific Ocean.","Tonga is distinguished from its sibling countries by its specific geographic location in the South Pacific as an independent kingdom, separate from other Pacific island nations like Samoa, Fiji, and Kiribati, and from all non-Pacific nations."
1460,1228,Trinidad and Tobago,Content Source Geo: Trinidad and Tobago,Content Source Geo > Country > Trinidad and Tobago,3,True,0,"Content that originates from, is produced in, is distributed by, or is primarily about Trinidad and Tobago, the dual-island nation located in the southern Caribbean Sea off the coast of Venezuela.","Trinidad and Tobago is distinguished from all sibling country categories by its specific geographic location as a sovereign twin-island state in the Caribbean, separate from other nations in the region such as Barbados, Grenada, and Saint Lucia."
1461,1228,Tunisia,Content Source Geo: Tunisia,Content Source Geo > Country > Tunisia,3,True,0,"Content originating from or primarily focused on Tunisia, a North African country located on the Mediterranean coast between Libya and Algeria.","This category captures Tunisia specifically, distinct from its neighboring African countries like Algeria, Libya, Egypt, and other nations in the geographic classification system."
1462,1228,Turkey,Content Source Geo: Turkey,Content Source Geo > Country > Turkey,3,True,0,"Content originating from or produced within the geographic borders and jurisdiction of the Republic of Turkey, including media, publications, broadcasts, and digital content created by Turkish entities, organizations, or individuals.","Turkey is distinguished from its neighboring sibling categories (Greece, Bulgaria, Georgia, Armenia, Azerbaijan, Iran, Iraq, Syria, and Cyprus) by its specific national boundaries and geopolitical jurisdiction in Southeastern Europe and Western Asia."
1463,1228,Turkmenistan,Content Source Geo: Turkmenistan,Content Source Geo > Country > Turkmenistan,3,True,0,"Content originating from or produced within the borders of Turkmenistan, a Central Asian nation located between Kazakhstan, Uzbekistan, Afghanistan, Iran, and the Caspian Sea.","Turkmenistan is distinguished from its siblings as the specific country node for content geo-tagged to this Central Asian republic, separate from neighboring countries like Uzbekistan, Kazakhstan, Afghanistan, and Iran, and from all other global nations in this taxonomy."
1464,1228,Tuvalu,Content Source Geo: Tuvalu,Content Source Geo > Country > Tuvalu,3,True,0,"Content originating from or produced in Tuvalu, a Polynesian island nation located in the South Pacific Ocean consisting of nine coral atolls.","Tuvalu is distinguished from its sibling countries by being a specific sovereign nation with defined borders in the Pacific region, separate from other island nations like Samoa, Kiribati, and Nauru that occupy different geographic locations in the Pacific and Indian Oceans."
1465,1228,U.S. Virgin Islands,Content Source Geo: U.S. Virgin Islands,Content Source Geo > Country > U.S. Virgin Islands,3,True,0,"Content originating from or primarily associated with the U.S. Virgin Islands, an unincorporated territory of the United States located in the Caribbean.","This category encompasses the three main islands (St. Croix, St. John, and St. Thomas) and their territories, distinguishing it from the nearby British Virgin Islands and other Caribbean island nations and territories."
1466,1228,Uganda,Content Source Geo: Uganda,Content Source Geo > Country > Uganda,3,True,0,"Content originating from or primarily associated with Uganda, a landlocked country in East Africa located on the shores of Lake Victoria.",Uganda is distinguished from its sibling countries by its specific geographic location and political boundaries as an independent nation-state in the East African region.
1467,1228,Ukraine,Content Source Geo: Ukraine,Content Source Geo > Country > Ukraine,3,True,0,"Content that originates from, is produced in, or is primarily associated with Ukraine as its geographic source.","Ukraine is distinguished from its sibling countries by its specific geographic location in Eastern Europe, bordered by Belarus, Russia, Moldova, Romania, Hungary, Slovakia, and Poland, with coastlines on the Black Sea and Sea of Azov."
1468,1228,United Republic of Tanzania,Content Source Geo: United Republic of Tanzania,Content Source Geo > Country > United Republic of Tanzania,3,True,0,"Content originating from or primarily associated with the United Republic of Tanzania, a country located in East Africa known for Mount Kilimanjaro, the Serengeti, and Zanzibar.","This category is distinguished from its sibling countries by its specific geographic boundaries and political sovereignty as the United Republic of Tanzania, separate from neighboring East African nations like Kenya, Uganda, Mozambique, and Zambia."
1469,1228,Uruguay,Content Source Geo: Uruguay,Content Source Geo > Country > Uruguay,3,True,0,"This category contains content that originates from or is primarily associated with Uruguay, a South American country located on the Atlantic coast between Argentina and Brazil.","Uruguay is distinguished from its sibling countries by its specific geographic location, sovereignty, and territorial boundaries as an independent nation-state in South America."
1470,1228,Uzbekistan,Content Source Geo: Uzbekistan,Content Source Geo > Country > Uzbekistan,3,True,0,"Content originating from or produced within the geographical boundaries and jurisdiction of the Republic of Uzbekistan, a Central Asian nation.","Uzbekistan is distinguished from its sibling countries by its specific territorial location in Central Asia, bordered by Kazakhstan, Kyrgyzstan, Tajikistan, Afghanistan, and Turkmenistan, and by its unique political, cultural, and regulatory context."
1471,1228,Vanuatu,Content Source Geo: Vanuatu,Content Source Geo > Country > Vanuatu,3,True,0,"Content originating from or produced within the island nation of Vanuatu, located in the South Pacific Ocean east of Australia.","Vanuatu is distinguished from other country categories by its specific geographic location in the South Pacific as an independent nation comprising an archipelago, rather than being part of another country's territory or a different geopolitical region."
1472,1228,Vietnam,Content Source Geo: Vietnam,Content Source Geo > Country > Vietnam,3,True,0,"Content originating from or produced within the Southeast Asian nation of Vietnam, including media, articles, broadcasts, and other materials created by Vietnamese sources or reporting on Vietnamese topics.","Vietnam is distinguished from its sibling countries by its specific geographic location in Southeast Asia and its unique national identity, separate from neighboring countries like Cambodia, Thailand, Laos, and China."
1473,1228,Wallis and Futuna,Content Source Geo: Wallis and Futuna,Content Source Geo > Country > Wallis and Futuna,3,True,0,"Content originating from or relating to Wallis and Futuna, a French overseas collectivity in the South Pacific consisting of three main volcanic islands and five atolls.","Wallis and Futuna is distinguished from its sibling countries by being a specific French territory located in Oceania between Fiji and Samoa, rather than an independent nation or other overseas territory."
1474,1228,Western Sahara,Content Source Geo: Western Sahara,Content Source Geo > Country > Western Sahara,3,True,0,"This category contains content sourced from or originating in Western Sahara, a disputed territory in North Africa.","Western Sahara is distinguished from its sibling categories by its status as a non-self-governing territory with contested sovereignty, rather than as an internationally recognized independent nation or established country subdivision."
1475,1228,Yemen,Content Source Geo: Yemen,Content Source Geo > Country > Yemen,3,True,0,"Content that originates from or is primarily associated with Yemen, a country located on the Arabian Peninsula in Western Asia.","Yemen is distinguished from its sibling country categories by its specific geographic location and political sovereignty as an independent nation-state, rather than being a region, territory, or dependency of another country."
1476,1228,Zambia,Content Source Geo: Zambia,Content Source Geo > Country > Zambia,3,True,0,"Content originating from or produced within the geographical boundaries of the Republic of Zambia, a Southern African nation.","Zambia is distinguished from all other country categories by its specific sovereign territory, borders, and political jurisdiction in south-central Africa between Tanzania and Zimbabwe."
1477,1228,Zimbabwe,Content Source Geo: Zimbabwe,Content Source Geo > Country > Zimbabwe,3,True,0,"Content from sources physically located in or originating from Zimbabwe, a landlocked country in southern Africa bordered by Zambia, Botswana, South Africa, and Mozambique.","Zimbabwe is distinguished from its sibling countries by its specific geographic location in south-central Africa, distinct from neighboring nations like Zambia, Botswana, South Africa, and Mozambique, as well as all other sovereign states and territories worldwide."
1478,1219,Region/State,Content Source Geo: Region/State,Content Source Geo > Region/State,2,True,0,"Content that originates from or is primarily associated with a specific state, province, or other first-level administrative subdivision within a country.","This category captures regional-level geographic origin more granular than country-level but broader than metropolitan or city-level sources, distinguishing it from its siblings by focusing on the primary administrative division below the national level."
1479,1219,Metro,Content Source Geo: Metro,Content Source Geo > Metro,2,True,0,"Metropolitan areas and multi-city urban conglomerations that function as integrated economic and cultural zones, typically spanning multiple jurisdictions.","Metro is distinguished from City by encompassing entire urban agglomerations rather than single municipal boundaries, from Region/State by being sub-regional urban clusters, from Country by being sub-national, and from Continent by being highly localized geographic zones."
1480,1219,City,Content Source Geo: City,Content Source Geo > City,2,True,0,"Cities are the smallest geographic units used to classify content sources, representing specific municipal areas or urban centers with defined administrative boundaries.","This category is distinguished from its siblings by capturing content originating from individual cities rather than larger continental, country, or region-level areas, and from Metro by focusing on the city proper rather than its broader metropolitan area."
